0.03300000000000002, 1.5666267689598152,0.2186750392112061,-0.50709671002361,-0.8379798275853694,
0.06600000000000004, 1.5543597000570473,0.2187654493754078,-0.5070694098800264,-0.8379585673664868,
0.09900000000000007, 1.5339842334993417,0.21915505970007212,-0.5069461666863521,-0.8378626002722656,
0.1320000000000001, 1.5054822462488031,0.22019870390290477,-0.5065929187513631,-0.8375876118175825,
0.16500000000000012, 1.468828250201323,0.22238604522770425,-0.5057849376511243,-0.8369590132078729,
0.19800000000000015, 1.423989071581235,0.226332509367427,-0.504165221377354,-0.8357001860579691,
0.23100000000000018, 1.3709234629581548,0.23276407101121857,-0.5011846974190771,-0.8333870548167208,
0.2640000000000002, 1.3095822671598716,0.24249251942737035,-0.4960201989292851,-0.8293851654467794,
0.2970000000000002, 1.239910735048764,0.25637601554437844,-0.4874672288848192,-0.8227636074466054,
0.33000000000000024, 1.161856299572991,0.2752569694941822,-0.4738091439669396,-0.8121767542913899,
0.36300000000000027, 1.0753876715113757,0.29986541523263777,-0.4526766745520807,-0.7956991088590425,
0.3960000000000003, 0.9805341766055135,0.3306722944156289,-0.4209382632493013,-0.7705912777240083,
0.4290000000000003, 0.8774558477643316,0.3676782786874242,-0.37470917635896206,-0.7329736660652013,
0.46200000000000035, 0.7665497330504935,0.41014227102229656,-0.3096297672144447,-0.677414600535024,
0.4950000000000004, 0.6485779990710715,0.4563079157877273,-0.22159140274409725,-0.596559114008983,
0.5280000000000004, 0.5247670683172808,0.5032763956971761,-0.10796322442119485,-0.4811991951003573,
0.5610000000000004, 0.39680030508373837,0.5472285046025831,0.03101240256542368,-0.32153646488294674,
0.5940000000000004, 0.26666053844763743,0.5840834253755964,0.1914614983454913,-0.11035602696195519,
0.6270000000000004, 0.13637419925427796,0.6103873791730962,0.36657425247157976,0.1522272484049856,
0.6600000000000005, 0.007769509474588447,0.6240116966877842,0.5487228622301978,0.45480318830877986,
0.6930000000000005, -0.1176763965373561,0.6243289792482909,0.7316892626615435,0.7753580575760285,
0.7260000000000005, -0.23888336704304564,0.611834796324083,0.9113865627753913,1.088571459324286,
0.7590000000000006, -0.355106513884405,0.5875145007495175,1.0850968028522852,1.3751920420457326,
0.7920000000000006, -0.46580565982063515,0.5523719902550384,1.2506796766405852,1.6261968921548642,
0.8250000000000006, -0.570523148545918,0.5072707632392127,1.4063619781846222,1.8408709716805376,
0.8580000000000007, -0.6688139316106677,0.45295430876771975,1.5506898899643604,2.0230575089412435,
0.8910000000000007, -0.7602214503950445,0.3900956500444379,1.682377768555376,2.1784355767683086,
0.9240000000000007, -0.844277339908406,0.3193199611353572,1.800122327606125,2.3131827120945676,
0.9570000000000007, -0.9205092219258519,0.24120392460416246,1.9024905127851792,2.4335110712444967,
0.9900000000000008, -0.9884500262390814,0.15627069400021387,1.9879208453697284,2.5456258906351974,
1.0229999999999981, -1.0476484402503878,0.06499353115992894,2.0548317891091172,2.6558681556273736,
1.0559999999999945, -1.0976826634847339,-0.032190267382028424,2.1018130618005344,2.7709203126341695,
1.0889999999999909, -1.1381790249687533,-0.13486342085559289,2.1278724617271156,2.897960926168302,
1.1219999999999872, -1.1688340354472622,-0.24262346861618855,2.132716741914076,3.0446286484067433,
1.1549999999999836, -1.189434955324929,-0.35509841919134844,2.11704706721919,3.2187493162454155,
1.18799999999998, -1.1998731385430776,-0.471983471325676,2.082825998161473,3.4281192981191073,
1.2209999999999763, -1.2001492656670398,-0.5930850922741835,2.033447086273975,3.6810022366810564,
1.2539999999999727, -1.1903787642197505,-0.7183510575449916,1.973729003019475,3.9876156120151975,
1.286999999999969, -1.1708147488379879,-0.8478674985630639,1.9092249818772398,4.360332000432829,
1.3199999999999654, -1.1419266795787189,-0.9817292820139586,1.8421153119942582,4.801677581314388,
1.3529999999999618, -1.1045890102255989,-1.1193894249116958,1.7616061119972648,5.268402332520079,
1.3859999999999582, -1.0601339903192872,-1.2588669918365942,1.6501484750970514,5.685402869396792,
1.4189999999999545, -1.0099671733515456,-1.3975672137314148,1.5053029757565888,6.028744299827706,
1.4519999999999509, -0.9552792529976287,-1.5332453353309876,1.3337741087956811,6.319769764533352,
1.4849999999999473, -0.8969373907524585,-1.6640581109229908,1.1400527168776875,6.5903057294918455,
1.5179999999999436, -0.8353834094085885,-1.7883498735320282,0.9252057721130579,6.8695437371457135,
1.55099999999994, -0.7706156126740787,-1.9043312649509083,0.6923952339681123,7.164423148751765,
1.5839999999999363, -0.7024483358707827,-2.010209591406326,0.45151412275927105,7.441284034433697,
1.6169999999999327, -0.6307846579142711,-2.104755673416448,0.20994676928493788,7.65959563135367,
1.649999999999929, -0.5555309046600725,-2.1870037125929946,-0.03240206855301209,7.798219183687532,
1.6829999999999254, -0.47656464031294954,-2.255792445390119,-0.2774144106801327,7.846059977963146,
1.7159999999999218, -0.3938444719509788,-2.309883162566656,-0.5247235645583862,7.798357629772775,
1.7489999999999182, -0.30751278079048994,-2.348440262507214,-0.7709226416931945,7.658336810208575,
1.7819999999999145, -0.2179182769857503,-2.3714630648147597,-1.0105280938958392,7.435987821372741,
1.814999999999911, -0.12556723257253444,-2.379848402101031,-1.2370868337853038,7.145144543234217,
1.8479999999999073, -0.031059691293303687,-2.375090631180042,-1.443866363069913,6.802020714092541,
1.8809999999999036, 0.0649439463677744,-2.358837800059379,-1.624877264280481,6.4244038411537066,
1.9139999999999, 0.16171958976200732,-2.3325467011759513,-1.77656345567048,6.0291446571587795,
1.9469999999998964, 0.25846794922141597,-2.297375868418756,-1.899034688706441,5.628355831584151,
1.9799999999998927, 0.35432333524448606,-2.254263758164861,-1.9957386633173118,5.22713343198018,
2.0129999999998893, 0.44838260743065417,-2.2040482827260957,-2.072117567770554,4.824356960988685,
2.0459999999998857, 0.5397405496511435,-2.147556393934403,-2.134689224458771,4.416516736299006,
2.078999999999882, 0.6275300081565413,-2.0856586224221565,-2.191241085733811,4.003895393763062,
2.1119999999998784, 0.7109690457258384,-2.0192496743524484,-2.250731340018238,3.5940928086531883,
2.144999999999875, 0.7893866298888884,-1.949146926400262,-2.321011623737776,3.1971058067138625,
2.177999999999871, 0.8622069067217543,-1.8760424885675808,-2.4064095962671788,2.819622961705713,
2.2109999999998675, 0.9289263634622555,-1.800551743774586,-2.5074410847380904,2.4654041811096676,
2.243999999999864, 0.9891057486387487,-1.7232586558582101,-2.6217413903714086,2.1370263038184634,
2.2769999999998602, 1.0423694516917807,-1.6447050303459974,-2.745302059596069,1.8360205841772788,
2.3099999999998566, 1.08840358231962,-1.5653391105302787,-2.8737097102979487,1.5623062501373626,
2.342999999999853, 1.1269492938002303,-1.485464690875602,-3.003070826408933,1.313988142146131,
2.3759999999998493, 1.1577919985573377,-1.405221488841529,-3.1304510852141285,1.0876768124490053,
2.4089999999998457, 1.1807492041284935,-1.324599582232739,-3.2539340543790023,0.8790222446791938,
2.441999999999842, 1.1956596419546397,-1.2434726677140664,-3.3725116139238827,0.6832092911020293,
2.4749999999998384, 1.2023753825804453,-1.1616331311654169,-3.485954517994447,0.4953545425507653,
2.507999999999835, 1.2007576506351159,-1.0788170492522369,-3.5947122230298314,0.3108417467142071,
2.540999999999831, 1.1906760778526884,-0.9947125607265234,-3.6998312120082204,0.12563042822621026,
2.5739999999998275, 1.172010031788693,-0.9089498711224862,-3.802869416770006,-0.06346695715910902,
2.606999999999824, 1.1446498016019242,-0.8210759021230613,-3.905806722216888,-0.2585705819594827,
2.6399999999998203, 1.1084955185912277,-0.7305197137935845,-4.010986713189204,-0.4606104031086154,
2.6729999999998166, 1.063453016204608,-0.6365536725370089,-4.121151497016188,-0.669312223960562,
2.705999999999813, 1.0094276591119773,-0.5382488349466414,-4.239639165165647,-0.8833235143359818,
2.7389999999998094, 0.9463181586503281,-0.4344125141514302,-4.370806720858488,-1.1005501246265965,
2.7719999999998057, 0.8740116902559844,-0.32348221033358165,-4.520729817678757,-1.3187783363543015,
2.804999999999802, 0.7923791179745333,-0.2033298353464683,-4.6982216828103835,-1.536498597110751,
2.8379999999997985, 0.7012664441095305,-0.0709109242283149,-4.916173958472201,-1.753212922868545,
2.870999999999795, 0.6005003830015426,0.07818030968866187,-5.192565723771315,-1.9658887130359446,
2.903999999999791, 0.4901632896242004,0.24880332720526052,-5.544395795480878,-2.146505706974965,
2.9369999999997876, 0.3723048940803475,0.4371459204790119,-5.945765897289274,-2.168394366353712,
2.969999999999784, 0.2526077683056954,0.6217155400629151,-6.305254551776429,-1.8464808339817436,
3.0029999999997803, 0.1357592614836612,0.7872993871716978,-6.609628036585141,-1.2016446251751622,
3.0359999999997767, 0.023522024742034547,0.9261729513014454,-6.8925008922530395,-0.35021258465454336,
3.068999999999773, -0.0845122334005127,1.0372172576553598,-7.101588790194209,0.46667351187656203,
3.1019999999997694, -0.18881170046983403,1.1305988708489003,-7.2121300325707525,1.229800620780456,
3.1349999999997658, -0.2889566334767794,1.2134760021064641,-7.238961221040146,2.0470038956885883,
3.167999999999762, -0.3843004577521562,1.2904091377159428,-7.234138555523427,2.883489950895365,
3.2009999999997585, -0.474989455932473,1.3601212047066868,-7.2686875406135965,3.6565835311677866,
3.233999999999755, -0.5617323205843827,1.41897967323066,-7.368848801928665,4.428969077109357,
3.266999999999751, -0.6457004675907622,1.4630768697119199,-7.532857206685665,5.281827758951231,
3.2999999999997476, -0.7275824259466441,1.4920272744956709,-7.687351947678854,6.087535263757602,
3.332999999999744, -0.8058583576460572,1.511105383491036,-7.783232791622826,6.8089767317847425,
3.3659999999997403, -0.8790380074071097,1.5235329805095479,-7.825721647741445,7.543221385929912,
3.3989999999997367, -0.9459527091314914,1.531243081628048,-7.844432530309941,8.307129695493643,
3.431999999999733, -1.006264661627864,1.5351248191159768,-7.893343957367319,9.034496858013142,
3.4649999999997294, -1.0602876960704035,1.5354564887881517,-7.998501198901991,9.757973900774576,
3.4979999999997258, -1.1085180694019472,1.5333059287007516,-8.163159119677692,10.576093386106665,
3.530999999999722, -1.1514090336898424,1.5315677550844073,-8.327783941685091,11.417042533523952,
3.5639999999997185, -1.188004458176664,1.530444310432963,-8.4238233784614,12.165301547878006,
3.596999999999715, -1.2173769310991978,1.5277666351519328,-8.454225226206788,12.911918750185446,
3.6299999999997112, -1.2389492098011623,1.5212805640981653,-8.443734532779272,13.710851116757093,
3.6629999999997076, -1.2524639891723521,1.5102438561973854,-8.45182430608746,14.489677271364718,
3.695999999999704, -1.2581820690025023,1.4967664575065927,-8.516816198824516,15.222453176804185,
3.7289999999997003, -1.2565135966907373,1.483749682604862,-8.6410706378192,15.995851945323421,
3.7619999999996967, -1.2479618945963102,1.475657291552556,-8.791480156660247,16.83645713037471,
3.794999999999693, -1.232496915464259,1.4728236438773854,-8.890424944261175,17.61578782772927,
3.8279999999996894, -1.2097264499387184,1.4703295255866853,-8.918369931371911,18.361907852387326,
3.860999999999686, -1.1794456340917745,1.464006851638528,-8.8865582428891,19.152637039986615,
3.893999999999682, -1.1415147204061893,1.4506385154658408,-8.83788728230514,19.969826171625463,
3.9269999999996785, -1.0961402084122187,1.4307867605649396,-8.83090874013051,20.737955562043144,
3.959999999999675, -1.0439094344506095,1.407200283458849,-8.883699277674355,21.488179894492895,
3.9929999999996713, -0.9856200242333405,1.3831213172400185,-8.988249336105206,22.302552705837115,
4.025999999999679, -0.9220716603709992,1.3617777573395997,-9.087633973442781,23.135616337268914,
4.05899999999969, -0.8532766723355086,1.3395114602498874,-9.11883627524033,23.902075048003162,
4.091999999999701, -0.7791001190667978,1.310736295375095,-9.076438028658776,24.663124257737735,
4.124999999999712, -0.6994159705777043,1.271137507283087,-8.977761105610492,25.471633669473206,
4.157999999999723, -0.6139468085059605,1.2176729789184002,-8.874001778365633,26.291164443181536,
4.190999999999734, -0.5227699656020198,1.1502838903670005,-8.821994965985365,27.05414003833361,
4.223999999999745, -0.4263325762385385,1.0699331913513632,-8.838512755702052,27.7802282386972,
4.256999999999756, -0.3251681071425911,0.9774362800927614,-8.916840587545526,28.53251575520978,
4.289999999999767, -0.2198036311628427,0.8738609931673768,-9.020084931966277,29.30680758912968,
4.322999999999778, -0.10973858057005867,0.7576492593122037,-9.09726848222794,30.05802210918823,
4.355999999999789, 0.00590620165750435,0.6258039802982712,-9.129569363436469,30.87847065581899,
4.3889999999998, 0.1275202982498661,0.4762759290837208,-9.116052887655504,31.869355280104504,
4.421999999999811, 0.25319851710420027,0.31314565455658583,-9.14538299723545,32.80102615594234,
4.454999999999822, 0.37782339124770653,0.1474456588703235,-9.25737565957499,33.50950772204634,
4.4879999999998335, 0.49690048984705604,-0.012516604218066673,-9.40966941770492,34.09930333217016,
4.5209999999998445, 0.6077401017675889,-0.16211606532280634,-9.574679131997048,34.66030035569409,
4.5539999999998555, 0.7092982581992753,-0.2997935940478154,-9.729774072815696,35.22011457115145,
4.5869999999998665, 0.8012234627928196,-0.42580241597705265,-9.855389773709543,35.79141729205713,
4.6199999999998775, 0.883295762246468,-0.5413570675677507,-9.939788922504949,36.41410026655038,
4.652999999999889, 0.9550654243566172,-0.6479337871566524,-9.982806121847304,37.115183085289,
4.6859999999999, 1.0162643015961874,-0.7468591935473156,-10.02067077903323,37.821417683341146,
4.718999999999911, 1.0677845780161512,-0.8397877621648198,-10.09375254089789,38.46337218991461,
4.751999999999922, 1.110703852737279,-0.9284990375913927,-10.210324876498143,39.08774916324496,
4.784999999999933, 1.145979934690175,-1.0143290306537769,-10.36851074346474,39.764121920464675,
4.817999999999944, 1.174445746077366,-1.0977252444906407,-10.535356490615955,40.456733300637595,
4.850999999999955, 1.1956015131525595,-1.1788788145618658,-10.665158124040024,41.08798342303205,
4.883999999999966, 1.2086178489398054,-1.2586209466948204,-10.750551630942748,41.70768682528453,
4.916999999999977, 1.2129291836543923,-1.337851489805938,-10.795298803747643,42.3780392511439,
4.949999999999988, 1.2081398192932338,-1.4170523355571778,-10.825799673994885,43.07673991531464,
4.982999999999999, 1.1945534603486578,-1.4958880389237739,-10.885101268148656,43.72486475459409,
5.01600000000001, 1.1728364304177348,-1.5739819397067758,-10.988149845748644,44.34157327279018,
5.049000000000021, 1.14358748475646,-1.6509932968204615,-11.136164690521259,45.00146741908759,
5.082000000000032, 1.1074422485727935,-1.7259166650236786,-11.308239092843769,45.71272810084557,
5.115000000000043, 1.0645464925441463,-1.7980724743677665,-11.44977197329548,46.36474853038777,
5.148000000000054, 1.0147217056526578,-1.868259413754286,-11.54571496193884,46.96834462874228,
5.181000000000065, 0.9579908037439941,-1.9373471327518805,-11.601569746443372,47.58747957870963,
5.214000000000076, 0.8944779783925807,-2.0060265868716995,-11.633490422739996,48.241417280929845,
5.247000000000087, 0.8245046030841596,-2.074134661613606,-11.676929789583177,48.88056701496972,
5.280000000000098, 0.7486771783808874,-2.140573623557424,-11.756019508705482,49.49501922153637,
5.313000000000109, 0.6677464119035568,-2.2039992627117164,-11.878333907016074,50.14877172010521,
5.34600000000012, 0.582702349237592,-2.2619178707355276,-12.03842696108374,50.898971373304995,
5.379000000000131, 0.49453509953958763,-2.3115002761902277,-12.176275855634659,51.63097664438777,
5.412000000000142, 0.4036667117925775,-2.35381183009484,-12.251576190781265,52.27181024013977,
5.445000000000153, 0.31059687750868453,-2.390187546414846,-12.271388485614102,52.88122169612683,
5.478000000000164, 0.21597581999502552,-2.4210262989584863,-12.24931402208906,53.502881761838,
5.511000000000175, 0.1205119594194976,-2.446108595629278,-12.209481622597515,54.134706559386956,
5.544000000000186, 0.025099738758670775,-2.4642646594952446,-12.181718310342148,54.75208179805921,
5.577000000000197, -0.06918902980301105,-2.4738948012594744,-12.184454509413737,55.36389582777976,
5.610000000000208, -0.16122853924443964,-2.4734579552802485,-12.226542918114381,56.01352249833056,
5.643000000000219, -0.24972595080865184,-2.46083894962625,-12.305505149881435,56.742104264459606,
5.67600000000023, -0.3336137848615387,-2.4338987407498056,-12.37732247162422,57.482598778937124,
5.709000000000241, -0.4131500031072142,-2.3941703588515426,-12.397165020067646,58.15989056849598,
5.742000000000252, -0.488884569287457,-2.344369786306749,-12.362594225959583,58.81832180958608,
5.775000000000263, -0.5612190833265666,-2.286635261760931,-12.281974361829585,59.51059054035792,
5.808000000000274, -0.6306083016423564,-2.222943109055731,-12.178295305295148,60.24324818312004,
5.841000000000285, -0.6972354443868451,-2.15414176842531,-12.09599194276527,60.95590052744143,
5.874000000000296, -0.7607003650329834,-2.0795802300014796,-12.06604365551,61.60851325970296,
5.907000000000307, -0.8204656381097409,-1.9985059951663673,-12.092615215530058,62.226913955490765,
5.940000000000318, -0.8760506239440667,-1.9100545887527527,-12.17028868790287,62.85872022603833,
5.973000000000329, -0.9270752077612794,-1.8126646089012626,-12.280143083197483,63.512956757393965,
6.00600000000034, -0.9735772944508497,-1.706413684781407,-12.389997364117043,64.13990010250929,
6.039000000000351, -1.015623541679961,-1.5939558048338023,-12.489173647323826,64.73881912558471,
6.072000000000362, -1.0528847100183947,-1.4781693453122648,-12.583020857584348,65.34465703813095,
6.1050000000003735, -1.0847459751341526,-1.3616962959344325,-12.68641588653371,65.97156568743172,
6.1380000000003845, -1.110521884818341,-1.2452103444536213,-12.829239365837603,66.59943242442608,
6.1710000000003955, -1.1296182765690783,-1.1262916172305542,-13.040360255495594,67.26738803115116,
6.2040000000004065, -1.1412870515939681,-1.001461377275863,-13.35222543826323,68.12750586963159,
6.2370000000004175, -1.1439326435311359,-0.8728410336011947,-13.703623940884446,69.0504599091866,
6.270000000000429, -1.136972448733664,-0.7498504135046054,-13.968057583965155,69.71251366221641,
6.30300000000044, -1.1207261016472072,-0.6328689000437007,-14.170367624667673,70.25419239818248,
6.336000000000451, -1.0953314942776002,-0.520368291828595,-14.331970533258469,70.77191534039349,
6.369000000000462, -1.0608347000174143,-0.41127216202925293,-14.471454597581948,71.28924138580052,
6.402000000000473, -1.0172513205667917,-0.30612478396618814,-14.605016161276804,71.81043969443739,
6.435000000000484, -0.9647331387994494,-0.20658170016874802,-14.742718097548641,72.35476582709965,
6.468000000000495, -0.9036975438825249,-0.11495749256682046,-14.887771492608493,72.9410080020765,
6.501000000000506, -0.8347895125190421,-0.032949412761549335,-15.02332319519301,73.53897685203151,
6.534000000000517, -0.7583867575695307,0.04032530141306798,-15.121985552010337,74.10983936729083,
6.567000000000528, -0.6745945781490501,0.10599710915489594,-15.172205967024862,74.68639360479412,
6.600000000000539, -0.5835039641367463,0.16437000299978824,-15.167725734277038,75.32252334250731,
6.63300000000055, -0.4851673659820537,0.21575021623847734,-15.112899396870265,76.03279811838183,
6.666000000000561, -0.37999676458727216,0.26028128734576056,-15.044522299738672,76.73687026997496,
6.699000000000572, -0.2691479231894098,0.29721365011894935,-14.998239939941366,77.36187238890615,
6.732000000000583, -0.1539512599345476,0.32594156790430723,-14.977814516011636,77.91527998935712,
6.765000000000594, -0.03566895473594486,0.3467462388936415,-14.97431459968763,78.4253733972859,
6.798000000000605, 0.08441604628094829,0.36070823643022965,-14.977115999134984,78.91442070001155,
6.831000000000616, 0.2049532848414331,0.3695363482725224,-14.974893433997295,79.39643548447408,
6.864000000000627, 0.3245393592804699,0.37539295979238096,-14.955546571913072,79.88082677944936,
6.897000000000638, 0.44176603230584427,0.38063165567013085,-14.907137516843383,80.37725079067614,
6.930000000000649, 0.5552977243182304,0.3874767984769658,-14.8184889368511,80.8941686791431,
6.96300000000066, 0.6639587144068245,0.39772354455274106,-14.680786381016093,81.43313666566982,
6.996000000000671, 0.7668007808646192,0.4124029204191033,-14.491436753802898,81.98391077916959,
7.029000000000682, 0.8631296401761026,0.43138912703735527,-14.256913559779093,82.52624513914466,
7.062000000000693, 0.9524558858786365,0.4532843932210944,-13.989408192627224,83.04238190713532,
7.095000000000704, 1.0343827474429506,0.47593618259017956,-13.699534422638711,83.52881670325937,
7.128000000000715, 1.1085120773680555,0.4972039001921628,-13.392712669117902,83.99615898692504,
7.161000000000726, 1.1744003007710175,0.5154910046025352,-13.070273346175712,84.46398058925888,
7.194000000000737, 1.23154639737658,0.5301533276008493,-12.73246061288784,84.95907483385648,
7.227000000000748, 1.279449447712803,0.5420074528316662,-12.383106282355163,85.5164602557883,
7.260000000000759, 1.3178328561834232,0.5534523905021108,-12.03709003304029,86.17317207859114,
7.29300000000077, 1.3468732888416963,0.5670400657269495,-11.726517935722464,86.94591912595705,
7.326000000000781, 1.3669030634823929,0.5840211748329142,-11.493769163743321,87.82981238784427,
7.359000000000792, 1.3777394391741613,0.6063435119853273,-11.368106905025275,88.84455127937358,
7.392000000000803, 1.378521213685494,0.6387427304989233,-11.299622368361023,89.92629219465337,
7.425000000000814, 1.369623070825032,0.6796015965398773,-11.164385197659728,90.89572278741481,
7.458000000000825, 1.35192195986408,0.724550013278118,-10.938258452143108,91.78609904961553,
7.491000000000836, 1.3256808752144524,0.7724774784373282,-10.649497615212434,92.64312000065513,
7.524000000000847, 1.2909846332187718,0.8234724972991017,-10.34009178213497,93.48717870539853,
7.557000000000858, 1.2479373169162362,0.8771375489363596,-10.055236444822949,94.3326940201615,
7.590000000000869, 1.1966773882137514,0.9326915858195184,-9.839189936741468,95.18019645127202,
7.62300000000088, 1.1374315520667875,0.9904829680164663,-9.720983664953021,96.0426556862407,
7.656000000000891, 1.0705681782752174,1.053354365506028,-9.700175766849812,96.96694695389182,
7.6890000000009024, 0.9965875616281709,1.1251167571136294,-9.714374617526598,97.91000798262952,
7.7220000000009135, 0.9162192122674401,1.201117885371752,-9.685295202551073,98.79026499175214,
7.7550000000009245, 0.8303922808415117,1.273239112059057,-9.599010489662335,99.68157388540111,
7.7880000000009355, 0.7400349759192743,1.3337404763908456,-9.47925655189322,100.63726918876306,
7.8210000000009465, 0.645945775772308,1.377960867280888,-9.406131990115181,101.5679634318755,
7.8540000000009575, 0.5486433314904355,1.4089240267803749,-9.436069779178538,102.43555974921158,
7.887000000000969, 0.4485546375025766,1.4328476875425031,-9.566945888148975,103.3493112376346,
7.92000000000098, 0.34640663905651997,1.4565505623031205,-9.731788277303211,104.28739996836359,
7.953000000000991, 0.24295771354410584,1.4744505158097088,-9.837671609151558,105.14119347132005,
7.986000000001002, 0.13840816064547806,1.4773789028711863,-9.87162715446608,106.01545063583482,
8.019000000000995, 0.032880558275118335,1.4585828970056427,-9.872900961071414,106.93095587551,
8.052000000000977, -0.07276109417011677,1.4187171351333208,-9.926669745630685,107.79030801987594,
8.085000000000958, -0.17706298384353272,1.3647930714860843,-10.069725063682856,108.66042180883234,
8.11800000000094, -0.2781881712930296,1.3065274410551497,-10.286055126527877,109.6185146237393,
8.151000000000922, -0.37499529051509184,1.2456633717462509,-10.46869344260824,110.48802951406243,
8.184000000000903, -0.46776857508774256,1.1743160081071253,-10.57937441950019,111.31127280757642,
8.217000000000885, -0.5565203416582595,1.0874914213028433,-10.642771445544184,112.17753023043778,
8.250000000000867, -0.6402312249728667,0.9849337143919026,-10.737464712255036,113.01843961638035,
8.283000000000849, -0.7167441804568211,0.8731297506141434,-10.92393536366879,113.8803605319411,
8.31600000000083, -0.7832008234569335,0.7625005796009184,-11.216080194083967,114.88964203529434,
8.349000000000812, -0.8379764555164753,0.6566698437604616,-11.492591230054376,115.7747116863095,
8.382000000000794, -0.8828474612900807,0.5481500129653056,-11.711211049473327,116.5135956431386,
8.415000000000775, -0.9184934225939217,0.4348020406888204,-11.90758726408564,117.2265788890978,
8.448000000000757, -0.9445263347656636,0.31685086766713444,-12.128088171977591,117.95700998148891,
8.481000000000739, -0.9594248962318661,0.19471269485622064,-12.418439223731498,118.83042490309278,
8.51400000000072, -0.9595085827773321,0.06454173357272824,-12.773825907179305,119.91467912741354,
8.547000000000702, -0.9447999026421846,-0.0776357498708221,-13.031988141806995,120.7834398356872,
8.580000000000684, -0.9184084069003995,-0.22789253934786466,-13.201143746680673,121.51685380584196,
8.613000000000666, -0.8814751184497126,-0.3841993611870762,-13.326624135105982,122.23059470954593,
8.646000000000647, -0.8347968438131294,-0.5461839316790001,-13.451706786081473,122.97202226448563,
8.679000000000629, -0.7795217756702711,-0.7142384078863013,-13.616316965413352,123.85470189116128,
8.71200000000061, -0.7178832979379222,-0.8906853401979627,-13.818084947382276,124.95116644701125,
8.745000000000593, -0.6533841726726097,-1.0724866731239067,-13.907750227766885,125.88414973810781,
8.778000000000574, -0.5884969564983651,-1.2504800765915154,-13.887688293943071,126.64532773058153,
8.811000000000556, -0.5247497088638313,-1.420457341863513,-13.819403358573952,127.34068377790437,
8.844000000000538, -0.46274049910400694,-1.580992890255474,-13.751511305069638,128.02383639848503,
8.87700000000052, -0.4024573248642627,-1.7321441798057473,-13.725605879500016,128.70906522992516,
8.910000000000501, -0.3438818910160327,-1.8736713292172475,-13.772442587451996,129.41625052054692,
8.943000000000483, -0.2872659278761821,-2.003554071108225,-13.909744532047949,130.21362123989402,
8.976000000000464, -0.23334617811050887,-2.117702442048937,-14.108757206872623,131.08230709943655,
9.009000000000446, -0.181257910014971,-2.2184977095169645,-14.275381864722164,131.84160345627038,
9.042000000000428, -0.1292466568950862,-2.311173420018594,-14.389056590652064,132.54879631315063,
9.07500000000041, -0.07630108693249031,-2.398738522690996,-14.462139266559792,133.28674534959777,
9.108000000000391, -0.022148472963279514,-2.48291265480165,-14.53818267989042,134.01506840557087,
9.141000000000373, 0.032497032869249806,-2.562980337876238,-14.659103690024631,134.710227789331,
9.174000000000355, 0.08671205193959095,-2.6375377054064066,-14.840159296655235,135.45788683650918,
9.207000000000336, 0.13945308651036747,-2.705366006640061,-15.064772130649652,136.28341104005,
9.240000000000318, 0.1904994913927294,-2.76862639852747,-15.252384936091687,137.02277787719638,
9.2730000000003, 0.24004863498379844,-2.830081613383924,-15.38149813407636,137.71921656502926,
9.306000000000282, 0.28779051214081314,-2.8909262077157,-15.463585177489914,138.4651826204762,
9.339000000000263, 0.3331296027689588,-2.952073963543789,-15.545186700041489,139.2124099815568,
9.372000000000245, 0.37558827536122796,-3.01434547749278,-15.673637911726034,139.91103258741563,
9.405000000000227, 0.4150942777459971,-3.0786841774086935,-15.86066203898178,140.65443260821232,
9.438000000000208, 0.45214675756613487,-3.1475338594192865,-16.08475676798805,141.4877255346209,
9.47100000000019, 0.48675525501167466,-3.2226977106119183,-16.26275950511501,142.23983466697442,
9.504000000000172, 0.5180246985572428,-3.302358325026684,-16.377951592504683,142.93356243694657,
9.537000000000154, 0.5452486762663318,-3.3846103130309126,-16.44663641681815,143.65636413721518,
9.570000000000135, 0.5678987977045276,-3.4682885087609265,-16.509609811360175,144.3901716117735,
9.603000000000117, 0.5863053165608493,-3.5545638575114826,-16.611261571612545,145.09070501700285,
9.636000000000099, 0.6014405831174995,-3.645798809770125,-16.764724781180174,145.82910283414535,
9.66900000000008, 0.6148561124597562,-3.7460934509664487,-16.956355894046315,146.67366713846215,
9.702000000000062, 0.6275346943858077,-3.858011623094639,-17.102071860164887,147.47077419407773,
9.735000000000044, 0.6387617822125344,-3.9776045243095495,-17.165428578876398,148.18260986310048,
9.768000000000026, 0.6481053130849808,-4.102049563943589,-17.16014794739535,148.89003964243696,
9.801000000000007, 0.6553428591535752,-4.230232483920914,-17.11493919351641,149.6179054017595,
9.833999999999989, 0.6606871839139966,-4.362684626990002,-17.075481831669965,150.33697345763719,
9.86699999999997, 0.6649741698930464,-4.500609250104357,-17.077695630558427,151.0630045929565,
9.899999999999952, 0.6693653113091602,-4.644564154952668,-17.14767363989907,151.88388000577518,
9.932999999999934, 0.6757328077839051,-4.7945571285773685,-17.27931942244344,152.83412536343513,
9.965999999999916, 0.6841494037338074,-4.950257470325709,-17.371959998594594,153.66649129831166,
9.998999999999898, 0.6924879714174859,-5.110792688463575,-17.408585223072407,154.3537650653797,
10.03199999999988, 0.6993565090199844,-5.274957334380775,-17.42620094100049,154.9712190479455,
10.064999999999861, 0.7034995731043777,-5.441175552690223,-17.460234714169538,155.56568762164824,
10.097999999999843, 0.7035607239326623,-5.6074267012196755,-17.542984323742786,156.174607035631,
10.130999999999824, 0.6981459306006311,-5.770685346660744,-17.7067675209382,156.85888365300775,
10.163999999999806, 0.6857140623158344,-5.924780441587453,-17.992703528976342,157.74833558544378,
10.196999999999788, 0.6642008203947299,-6.060891986992489,-18.350538854587022,158.69053985770947,
10.22999999999977, 0.6336231584286978,-6.185555811578189,-18.662758588561214,159.33110299368835,
10.262999999999751, 0.5944820749954033,-6.303608094401555,-18.96043825949739,159.75935593714485,
10.295999999999733, 0.546624013392561,-6.416537200077364,-19.2544801875633,160.09850514363126,
10.328999999999715, 0.4903435193204377,-6.5255636684792675,-19.530504437928496,160.49921663474353,
10.361999999999696, 0.42637205130498357,-6.630846495898483,-19.797005602041324,161.04624776204236,
10.394999999999678, 0.35497458446133356,-6.733996553603223,-20.08248812843737,161.79192711438455,
10.42799999999966, 0.27584052759986516,-6.840457932418068,-20.352361796085304,162.63505430267523,
10.460999999999641, 0.1902064141439815,-6.946409747851616,-20.525239187920427,163.35016318625176,
10.493999999999623, 0.09975399065534787,-7.0442298433690835,-20.610671125514756,164.00813649832608,
10.526999999999605, 0.005868610695080507,-7.129929357967994,-20.63384218646495,164.68064194390382,
10.559999999999587, -0.09015273496883557,-7.20187009539508,-20.633946678818642,165.35518082376763,
10.592999999999568, -0.18734957885332013,-7.261276418679335,-20.647746637641458,166.00659100636847,
10.62599999999955, -0.28501795797743695,-7.310525665493941,-20.690269530575424,166.66780932492776,
10.658999999999532, -0.38260955813544706,-7.352707951743981,-20.76336952660424,167.39632389786638,
10.691999999999513, -0.47967027549322017,-7.391857030204222,-20.83397494588141,168.17162697231336,
10.724999999999495, -0.5752156472487501,-7.428187333756955,-20.842752030156483,168.8865840724579,
10.757999999999477, -0.6680242490233306,-7.459548838332413,-20.777079707918737,169.5428644368486,
10.790999999999459, -0.7571276603695332,-7.485572442708112,-20.648352054006658,170.1725988119717,
10.82399999999944, -0.8417491251528322,-7.507023285468521,-20.47446604101996,170.78763995870372,
10.856999999999422, -0.9212435369152516,-7.524928322575997,-20.276658069119883,171.39282978977522,
10.889999999999404, -0.9950340717556624,-7.540037386481824,-20.076093469116543,171.9992892254603,
10.922999999999385, -1.062581559355272,-7.552856714316606,-19.89361860048158,172.6186437283975,
10.955999999999367, -1.1234285118934306,-7.563866608576794,-19.74920578666637,173.25662065434318,
10.988999999999349, -1.1772346242646399,-7.573277863242282,-19.658500758929428,173.925061533814,
11.02199999999933, -1.2237677850292934,-7.580447052023137,-19.62978206396045,174.65309318186306,
11.054999999999312, -1.2628668550904856,-7.5835655083794595,-19.647386639416187,175.43915746066483,
11.087999999999294, -1.2943518744894296,-7.582536259528786,-19.65236159056973,176.18608650967286,
11.120999999999276, -1.3180655083391812,-7.579758683121332,-19.608759757470704,176.87757649987222,
11.153999999999257, -1.3339368886352443,-7.576971790563932,-19.51277280600152,177.56557644529764,
11.186999999999239, -1.3419446175880974,-7.575548112393306,-19.371729109190316,178.28256011543132,
11.21999999999922, -1.3420854787890522,-7.576755692801801,-19.210942805225415,179.01711172158602,
11.252999999999203, -1.3343530915122557,-7.580783313822616,-19.069413234615652,179.7330244884639,
11.285999999999184, -1.318749237863205,-7.586507167879427,-18.97537937954817,180.42249599149275,
11.318999999999166, -1.2953039178101768,-7.592125965355128,-18.940336775392062,181.11491332595853,
11.351999999999148, -1.2640861301736706,-7.594787912427375,-18.964009438343236,181.8529958585558,
11.38499999999913, -1.2252182962012854,-7.591021213837268,-19.016090740130995,182.6160936066179,
11.417999999999111, -1.1788542300140936,-7.581686381291572,-19.042892255471966,183.32898185321483,
11.450999999999093, -1.1251602605383584,-7.570174821489351,-19.025011841609924,184.01178211596527,
11.483999999999075, -1.0643472013084512,-7.558889352446783,-18.964439047849066,184.7161117347155,
11.516999999999056, -0.9966890883232365,-7.549865008048726,-18.880020062319268,185.45547650224032,
11.549999999999038, -0.9225792121236966,-7.543486734481615,-18.815969458637465,186.18294068159776,
11.58299999999902, -0.8425700361371564,-7.536982918956311,-18.810572235470858,186.87122734573782,
11.615999999999001, -0.7573419237270695,-7.526022619403379,-18.8776762253917,187.563668864419,
11.648999999998983, -0.6677948362611644,-7.504585490076065,-19.017582479570734,188.32266429901426,
11.681999999998965, -0.5751334814378803,-7.467026024739444,-19.185912878349793,189.07732365673505,
11.714999999998946, -0.4802242946111841,-7.415652043622562,-19.330484419535427,189.73006345602136,
11.747999999998928, -0.38371036174630524,-7.353508714947882,-19.45137919976029,190.32258796361245,
11.78099999999891, -0.286363821409451,-7.281425920575483,-19.562040805908662,190.8992666284997,
11.813999999998892, -0.1891578828677162,-7.199225471619858,-19.68110422250145,191.47717623922878,
11.846999999998873, -0.09337751074108226,-7.1065391551875345,-19.82605748568128,192.08854951433133,
11.879999999998855, -5.634870750567027E-4,-7.004317253571196,-20.01134734697151,192.81448670726084,
11.912999999998837, 0.08740663425674171,-6.8977138902264326,-20.22654578076781,193.7034517451269,
11.945999999998818, 0.17002227616545054,-6.791459595314146,-20.369637506457472,194.53715569732375,
11.9789999999988, 0.24799127742352214,-6.68047744470607,-20.402475790059697,195.28867369430674,
12.011999999998782, 0.32109669603488944,-6.560673396932478,-20.33622281909415,196.05218851860107,
12.044999999998764, 0.388787184523107,-6.430450658917498,-20.197735489023373,196.83921919184246,
12.077999999998745, 0.4504900642767399,-6.291512365222171,-20.028917208289172,197.6189171233068,
12.110999999998727, 0.5058318228386036,-6.147560471491706,-19.85942048466608,198.41140867640186,
12.143999999998709, 0.5547437106652712,-6.002777456213632,-19.709889153216448,199.28203224476482,
12.17699999999869, 0.597398729993077,-5.863656980535209,-19.58361983157302,200.28800353675354,
12.209999999998672, 0.634189121115625,-5.737281700055459,-19.400531929666847,201.30051584203062,
12.242999999998654, 0.6655951994930188,-5.623152183506788,-19.082689134162198,202.11627481039278,
12.275999999998636, 0.6919764879739728,-5.52148176763014,-18.654069857647194,202.61604318220398,
12.308999999998617, 0.7137796422776123,-5.432231291388023,-18.1591252069002,202.67132250065012,
12.341999999998599, 0.7317817462476477,-5.34878973635389,-17.614050733215084,202.2608756184442,
12.37499999999858, 0.7468032870322999,-5.256851418485607,-17.10107316712273,201.8543277470413,
12.407999999998562, 0.7585016786306902,-5.152160360995191,-16.66503896881326,201.81307497943249,
12.440999999998544, 0.7667116169556674,-5.037236875109044,-16.284596526450972,202.08123784483598,
12.473999999998526, 0.7715495523780589,-4.915397996926662,-15.967259816768287,202.57016643669868,
12.506999999998508, 0.7732415617958366,-4.790309809405631,-15.731495440807027,203.20340085743274,
12.53999999999849, 0.7720613629156519,-4.663817823763572,-15.585188212317075,203.93219432388116,
12.572999999998471, 0.7683018952512815,-4.535295653022604,-15.505600895144646,204.7087178538308,
12.605999999998453, 0.7623102689261175,-4.405292829696423,-15.441039787435873,205.4521441643593,
12.638999999998434, 0.7542876705906332,-4.276971704333924,-15.36087906702667,206.14241748485745,
12.671999999998416, 0.7441596021997103,-4.152942314024189,-15.260074751657978,206.8162140642842,
12.704999999998398, 0.7316516609113186,-4.035216381744072,-15.142173625654236,207.50952480190296,
12.73799999999838, 0.7163580555247877,-3.925783860658076,-15.023770802906776,208.22617509933127,
12.770999999998361, 0.697841693264486,-3.8253900702081207,-14.93775112213405,208.92692233695715,
12.803999999998343, 0.6757536574567212,-3.7325093576193913,-14.908796297812055,209.59054371065133,
12.836999999998325, 0.6499054554519136,-3.6445884614970963,-14.942466988136587,210.24969078293157,
12.869999999998306, 0.6203930614674488,-3.5581455001077793,-15.035169150317373,210.95655327280795,
12.902999999998288, 0.5876971315643443,-3.4693763120198033,-15.15566934753683,211.68516270305378,
12.93599999999827, 0.5519372329357508,-3.3797420809372207,-15.251348896160918,212.35094993466953,
12.968999999998251, 0.5126881020821312,-3.2929303167834387,-15.304996719428726,212.98389734322075,
13.001999999998233, 0.4695161066359531,-3.211167433913109,-15.315685532059588,213.64604786627598,
13.034999999998215, 0.4221168134354895,-3.1359045530210783,-15.29918000081196,214.34254216702558,
13.067999999998197, 0.370694461679775,-3.066669878016175,-15.295462158538188,215.00537088379255,
13.100999999998178, 0.3158990613499389,-3.0012297144215805,-15.32877052680906,215.61627219864062,
13.13399999999816, 0.2584017094869911,-2.9375036749563996,-15.40237199496643,216.2197018202348,
13.166999999998142, 0.19880251019901696,-2.874055405972092,-15.511555548747678,216.86314134785786,
13.199999999998123, 0.1375758291531346,-2.810505802732542,-15.626239710016598,217.51675831291539,
13.232999999998105, 0.07528656314956848,-2.7461200667361503,-15.71007696795928,218.12781984572163,
13.265999999998087, 0.012684267172071054,-2.6787933359887854,-15.755425541080697,218.73081166678378,
13.298999999998069, -0.0494663544155625,-2.605907368024615,-15.76411011056683,219.37421486464862,
13.33199999999805, -0.11045938177454356,-2.524574027821902,-15.752555088273164,220.06095742205517,
13.364999999998032, -0.17002532126454678,-2.4335342698396234,-15.757591843524287,220.73024966408883,
13.397999999998014, -0.22850709557871599,-2.334188349725328,-15.799996380245053,221.3659497228297,
13.430999999997995, -0.2863828993042852,-2.228727376669268,-15.879756334037351,222.01930452901047,
13.463999999997977, -0.34402633273262556,-2.1203243917089334,-15.985560064715829,222.73555889403167,
13.496999999997959, -0.4013787423363554,-2.011322629996677,-16.072167364728703,223.45859814083516,
13.52999999999794, -0.4580906043519787,-1.8985340959805306,-16.093637406292842,224.13315858070246,
13.562999999997922, -0.5141791430791842,-1.7780784827198177,-16.035756972719195,224.79937769904865,
13.595999999997904, -0.56986819540147,-1.6478261893385842,-15.894648573110398,225.49265298580534,
13.628999999997886, -0.625287948029112,-1.5074226790738803,-15.679708406317259,226.2074095313701,
13.661999999997867, -0.680247682522227,-1.3590825537063114,-15.411503795082734,226.92671418619386,
13.69499999999785, -0.7341144853318807,-1.2068646249393913,-15.108058049213282,227.67461474717882,
13.72799999999783, -0.7857774630579639,-1.0551187332634036,-14.79170129625323,228.51544051109425,
13.760999999997813, -0.8337328438991707,-0.908419765450881,-14.506175231547264,229.5302720764899,
13.793999999997794, -0.8762977263345954,-0.7751075406954919,-14.284731204392155,230.78611955597304,
13.826999999997776, -0.9117986281013681,-0.6650803029056006,-13.992415914739832,232.02113590512005,
13.859999999997758, -0.939016726868238,-0.5744225641462357,-13.526713913557893,232.87180178734783,
13.89299999999774, -0.9565269744679434,-0.4975198515092151,-12.968698452055403,233.15478852212055,
13.925999999997721, -0.9628395109585851,-0.4212150042311599,-12.380455738550399,232.83785196359307,
13.958999999997703, -0.9573164294437653,-0.3272118923575024,-11.827884752729231,232.37931577346174,
13.991999999997685, -0.9414855702633921,-0.2149272235876407,-11.356888033927683,232.25875884251,
14.024999999997666, -0.9161864357090914,-0.0906860844673318,-10.935406383124613,232.46338240312627,
14.057999999997648, -0.8815909101477483,0.040908999027370004,-10.562657257036022,232.91582580999676,
14.09099999999763, -0.8376946963363203,0.17489105667071012,-10.25843911992031,233.53854548028255,
14.123999999997611, -0.7845487815950513,0.3075407519544793,-10.039563151734177,234.27173718409452,
14.156999999997593, -0.72253436959976,0.43777305703973834,-9.89826030465222,235.08003509684258,
14.189999999997575, -0.6522114774184294,0.5655378864737338,-9.786257898920812,235.89733169375293,
14.222999999997556, -0.5738924347678034,0.6880573469758937,-9.651716257828197,236.6618974214251,
14.255999999997538, -0.48804415086793806,0.8017153160563956,-9.478462305962179,237.38899573095986,
14.28899999999752, -0.3954728266776693,0.9039605862318606,-9.267230056205332,238.11012682961166,
14.321999999997502, -0.297138933921014,0.9929412843669211,-9.027514783475887,238.8431316910032,
14.354999999997483, -0.19402810354572692,1.0673222416529706,-8.779962640607616,239.58653816063,
14.387999999997465, -0.08715050671403587,1.1264740614810531,-8.553784206568825,240.3208424417795,
14.420999999997447, 0.02238994507291735,1.1704869891462917,-8.373560109214129,241.02924817791322,
14.453999999997428, 0.13342679091168577,1.1998080612100968,-8.249757463513243,241.71878453203374,
14.48699999999741, 0.24476312916351745,1.215078834855181,-8.181411176229565,242.41930499406968,
14.519999999997392, 0.3550965281282677,1.217227212671905,-8.154914202625676,243.15781534538317,
14.552999999997374, 0.4633278718067848,1.2074823733922686,-8.128998298791876,243.89811362343568,
14.585999999997355, 0.5690775419866216,1.1872440955521433,-8.0604348743098,244.60616351649608,
14.618999999997337, 0.6719824423651223,1.158325370880035,-7.9306840313430085,245.31556768437972,
14.651999999997319, 0.7713485298262145,1.1231542985752527,-7.73198621054998,246.0577565935908,
14.6849999999973, 0.8662319849806567,1.0843438311969222,-7.472129875814819,246.82845454675382,
14.717999999997282, 0.9556111240706976,1.043379421275168,-7.17891873896955,247.60543384523186,
14.750999999997264, 1.0386193677171132,1.000392384640025,-6.885180939958141,248.3915265303193,
14.783999999997246, 1.1145719646146153,0.9553719890673446,-6.6219832229071685,249.2132733286521,
14.816999999997227, 1.1828883018207903,0.9080174576666734,-6.420102074962755,250.10943169214642,
14.849999999997209, 1.2429254087531152,0.855745969094474,-6.29199987897162,251.13294357549174,
14.88299999999719, 1.2937305071534901,0.7943774198056232,-6.159998510353775,252.19626665946694,
14.915999999997172, 1.3347985477698554,0.7273113486066968,-5.921010193446014,253.09805091388054,
14.948999999997154, 1.3658259933058239,0.6592499425249888,-5.591416399329391,253.7886945560277,
14.981999999997136, 1.3863021678508571,0.5943936658884234,-5.228386461171146,254.23328431005817,
15.014999999997118, 1.3963301353170372,0.5372433191306476,-4.873367137278515,254.43129432670722,
15.0479999999971, 1.3966694829282442,0.4898001617864235,-4.534843246548732,254.41471970531663,
15.080999999997081, 1.388118180948667,0.4525954661313816,-4.199444013836665,254.21453069444675,
15.113999999997063, 1.3714551306510327,0.42738643897778755,-3.848222975102206,253.86527562947876,
15.146999999997044, 1.3477242363720077,0.4160213060073579,-3.484743992382038,253.49350874948945,
15.179999999997026, 1.3176084632765206,0.41514881713114554,-3.1287270273096786,253.2746060262974,
15.212999999997008, 1.2812342730968724,0.42004567764898953,-2.7769380595292943,253.27274784995936,
15.24599999999699, 1.2386420751898457,0.4270479532933749,-2.4273122901003696,253.49918819609653,
15.278999999996971, 1.1896040493020357,0.4331643081993227,-2.093275990949152,253.9374894350676,
15.311999999996953, 1.1336598935075557,0.43705734393600637,-1.7972199125074972,254.55142243238424,
15.344999999996935, 1.0704827201562692,0.4383232319431189,-1.5597334334062,255.30949679249397,
15.377999999996916, 1.0000279017986076,0.43505180006188127,-1.3793131182813705,256.1827332013195,
15.410999999996898, 0.9223322816754524,0.4247548913995307,-1.1964771816722768,257.0652470575366,
15.44399999999688, 0.8373904848500402,0.4088901639074769,-0.9415328637301201,257.8316300183491,
15.476999999996861, 0.7453076521157289,0.3883810754134859,-0.6033947776118812,258.41649928945594,
15.509999999996843, 0.6462046761377706,0.3620106780050134,-0.19947232397326534,258.73270112770865,
15.542999999996825, 0.5402722737419218,0.33090031341302883,0.25515424441129086,258.67178174336067,
15.575999999996807, 0.42804350204756675,0.3032623866918987,0.7485238362471753,258.23441495190315,
15.608999999996788, 0.3110537872801636,0.29174367164552373,1.1951628417956037,257.83965400391867,
15.64199999999677, 0.19140526416043394,0.29458995911078834,1.5682378002905633,257.7223310528102,
15.674999999996752, 0.07070575016278256,0.30559095577893086,1.8934623716649137,257.8215299165078,
15.707999999996733, -0.049639584958338874,0.3193131750378823,2.178953052780918,258.0705801103133,
15.740999999996715, -0.16834216748119812,0.3307287010978214,2.4243841959525816,258.4173096041455,
15.773999999996697, -0.2842385339794902,0.33586552409550285,2.6284808179912225,258.8231820618396,
15.806999999996679, -0.3963254680021686,0.3322335723524894,2.7921709338745555,259.26369679711604,
15.83999999999666, -0.5037862391696265,0.31871834378436587,2.9193395431703033,259.72771444938417,
15.872999999996642, -0.6059880776506171,0.29521081297505125,3.016837093078849,260.2125502244166,
15.905999999996624, -0.7024439702633204,0.2621716757537312,3.095663364096864,260.7131766771085,
15.938999999996605, -0.792698860487178,0.22015821480495365,3.1713796845673485,261.21340928451224,
15.971999999996587, -0.8762116488879963,0.16962602453836326,3.258679957012464,261.69703733811934,
16.004999999996578, -0.9524070498497406,0.11115148021773437,3.3664622091519534,262.16077582801495,
16.037999999996618, -1.020784288368995,0.04552708515932856,3.4992929044082755,262.60782215051813,
16.07099999999666, -1.080959126195375,-0.026411050245077845,3.6594479444122276,263.03853628421615,
16.1039999999967, -1.1326594087226565,-0.10406371010118823,3.8471479662239716,263.4467129832847,
16.13699999999674, -1.1756781114552193,-0.18736090767260113,4.060647234376373,263.82004328586544,
16.16999999999678, -1.2097823022747842,-0.2769320503404823,4.2975249181440764,264.1420161565748,
16.20299999999682, -1.2346091462426014,-0.3740562071447782,4.556501348250615,264.3910351691904,
16.23599999999686, -1.2495890311970836,-0.4803409820780641,4.837957145899359,264.5338539430894,
16.2689999999969, -1.2539657142523333,-0.5968477282000055,5.1426679179295665,264.5160904123299,
16.30199999999694, -1.247038206598119,-0.7225575394202146,5.473285901852466,264.2635298107578,
16.33499999999698, -1.2284168869047378,-0.8527225520816533,5.8383891412660045,263.7154729528518,
16.36799999999702, -1.1986140167422088,-0.976591568131245,6.188793545317233,263.0526640038607,
16.40099999999706, -1.1597181821342202,-1.0911911204260583,6.457401585636376,262.5526168013404,
16.433999999997102, -1.1130781783050898,-1.2008367698801345,6.6631014632912855,262.1654221365405,
16.466999999997142, -1.0595257723218738,-1.3076820557160018,6.820627503295261,261.81686487050115,
16.499999999997183, -0.9998999679590266,-1.4127415391727336,6.935558061483934,261.4681483595995,
16.532999999997223, -0.935136072753178,-1.5160802024877804,7.015693589673139,261.11865436264964,
16.565999999997263, -0.866146642646164,-1.6165004769423905,7.072872000448801,260.7912549251116,
16.598999999997304, -0.7936352717844862,-1.7121084750948385,7.116762277251024,260.50289330251064,
16.631999999997344, -0.7180405912544789,-1.8011037792594675,7.152765220282048,260.25645903303604,
16.664999999997384, -0.6395794886301355,-1.8820278571711302,7.183938047056414,260.0468170362691,
16.697999999997425, -0.5583125899019581,-1.9537189518473914,7.2125180274163725,259.8654436654512,
16.730999999997465, -0.47421088456352606,-2.0152343895847356,7.24043713408631,259.7024144425768,
16.763999999997505, -0.3872194549396618,-2.0658075175323845,7.269359761002532,259.5474429123202,
16.796999999997546, -0.2973153417250413,-2.1048411889417924,7.300569522401232,259.39080609750016,
16.829999999997586, -0.204556729890399,-2.1319268194727545,7.334784101108816,259.2245315132845,
16.862999999997626, -0.10912242328487648,-2.1468749047701183,7.371844997021967,259.0441220579256,
16.895999999997667, -0.011343851931379514,-2.1497390218568997,7.410301055060484,258.850683118259,
16.928999999997707, 0.08826941620933403,-2.1408121092258963,7.447305404588215,258.65194419361154,
16.961999999997747, 0.189023371282546,-2.1205867254904915,7.479477453166022,258.4598121716513,
16.994999999997788, 0.2900711597548967,-2.089701964734621,7.504409301196106,258.2852938311525,
17.027999999997828, 0.39047313136575873,-2.048901687401565,7.521502967301483,258.135110434478,
17.06099999999787, 0.4892553633294024,-1.9989995849510636,7.53171522513378,258.0115226814838,
17.09399999999791, 0.5854525376116358,-1.9408432391791726,7.53684024395099,257.91346103796405,
17.12699999999795, 0.67813723005327,-1.87528327476438,7.538846969413287,257.8375250978704,
17.15999999999799, 0.7664395849954451,-1.8031551723399637,7.539405981404969,257.7786763926971,
17.19299999999803, 0.849559368950254,-1.7252740407005158,7.539591200522025,257.73081536720605,
17.22599999999807, 0.9267716617580339,-1.6424368797645357,7.539720567426699,257.6873512609631,
17.25899999999811, 0.9974277232059353,-1.5554253190392493,7.5393034325132255,257.64176653331197,
17.29199999999815, 1.060952975073063,-1.4650030675781134,7.537068182292078,257.5881420744481,
17.32499999999819, 1.116844056749636,-1.3719044218332355,7.531051760449449,257.52162145444976,
17.35799999999823, 1.164666397553455,-1.2768120469872164,7.518743216337069,257.4388125203687,
17.39099999999827, 1.204052786119414,-1.1803235988398975,7.497282738263061,257.33813036130516,
17.423999999998312, 1.2347021884476255,-1.0829078220122725,7.463718251251597,257.22007492975905,
17.456999999998352, 1.2563767626442466,-0.9848521932614908,7.415304090724147,257.0874202066771,
17.489999999998393, 1.2688939022199948,-0.8862067240449564,7.349788766377373,256.94528876064766,
17.522999999998433, 1.2721096801482108,-0.7867319513598466,7.265601506408977,256.80112420604075,
17.555999999998473, 1.2658907729424227,-0.6858613633749578,7.161851044032827,256.66467672379076,
17.588999999998514, 1.2500737738216188,-0.5826878094627473,7.038120632928416,256.54825491766934,
17.621999999998554, 1.2244132308843634,-0.47598326213737463,6.894143783058663,256.46756265244693,
17.654999999998594, 1.188523579115305,-0.3642694201335088,6.729476023509361,256.44326510054856,
17.687999999998635, 1.1418271819135706,-0.24597208794456546,6.543137846117448,256.50282082826953,
17.720999999998675, 1.0835223645226588,-0.11971672905053186,6.3331704704436085,256.6806747140223,
17.753999999998715, 1.0125923017393672,0.014951110568838426,6.099330945584312,257.00608722972476,
17.786999999998756, 0.928295779898375,0.15595476299035654,5.864369113051856,257.43180550012306,
17.819999999998796, 0.8316268449070585,0.3003806629516347,5.680583587291347,257.8100724806745,
17.852999999998836, 0.7247745943877162,0.44808575155284897,5.573848706603823,258.0932214112074,
17.885999999998877, 0.6101999702255306,0.5980932908414934,5.5513923312771825,258.31348894567304,
17.918999999998917, 0.4908918509128508,0.7464872743931804,5.617127886676358,258.4962852182755,
17.951999999998957, 0.3699677971474936,0.8870664963951987,5.767308137588053,258.6363407363101,
17.984999999998998, 0.24984088861194473,1.0132111899107212,5.989545699555905,258.6990627807533,
18.017999999999038, 0.13188498232447704,1.1194926090656774,6.270052587403046,258.6370426237414,
18.05099999999908, 0.016855356972197394,1.2017687957493457,6.603155839645017,258.4129461953254,
18.08399999999912, -0.09426289070673809,1.2566908130424288,6.9831138948586355,258.06587856582917,
18.11699999999916, -0.20037447911477985,1.2862807647700627,7.3732317280937325,257.80420492464924,
18.1499999999992, -0.301409301690427,1.2982478615852964,7.750506059015884,257.7785354071159,
18.18299999999924, -0.3974913844134126,1.299084596313722,8.113224082933268,258.0045843057238,
18.21599999999928, -0.48879760151066326,1.293320283356027,8.45006115593443,258.4541021102426,
18.24899999999932, -0.575556160941496,1.283530092848649,8.742110773064638,259.0861013532142,
18.28199999999936, -0.657794544567005,1.2719335864691081,8.975890181300684,259.86563564554297,
18.3149999999994, -0.7354148581109519,1.2621788593709067,9.172688660517876,260.7310209021497,
18.34799999999944, -0.8084246057994645,1.2561854901348126,9.400808574455452,261.545890439802,
18.38099999999948, -0.8768601299919366,1.2528000323544768,9.69939741829377,262.2101392319409,
18.413999999999522, -0.940936302421595,1.251746259542201,10.0596611921519,262.6636478041088,
18.446999999999562, -1.0011869686284496,1.2521215560824075,10.460852082836551,262.8427485044455,
18.479999999999603, -1.0582332266816035,1.2496598421795995,10.890774662207933,262.71354016001897,
18.512999999999643, -1.1124601052220542,1.2357495564483456,11.330965768069607,262.38332452959474,
18.545999999999683, -1.1625801286315764,1.2039752613195502,11.736277818786762,262.1442331617023,
18.578999999999724, -1.2065035927715528,1.1564193708378763,12.110706725646429,262.11651380429515,
18.611999999999764, -1.2428634730458221,1.095469094587744,12.47681810659493,262.3046441345226,
18.644999999999804, -1.2704788834492051,1.0228441004273594,12.841246033158217,262.7194357910604,
18.677999999999845, -1.2881415472062179,0.9414408999797184,13.184446315825353,263.38076844698605,
18.710999999999885, -1.294671206317737,0.8557276065564686,13.461950505973498,264.29646247486573,
18.743999999999925, -1.288639246796304,0.7715992712043069,13.672643241990922,265.37586852520934,
18.776999999999965, -1.2702323128993467,0.69375307252962,13.919959012953681,266.33813687343013,
18.810000000000006, -1.2412614331005098,0.622119515417646,14.236550901407309,267.0885017203992,
18.843000000000046, -1.2028628009442603,0.5569372462118496,14.591197847307331,267.6328314704881,
18.876000000000086, -1.156072787917936,0.49857554429533396,14.959233482967633,267.96803195762055,
18.909000000000127, -1.1020401256057997,0.4461046986955001,15.33327162361176,268.0814746154067,
18.942000000000167, -1.0419436077891253,0.3971431570985303,15.720620112452618,267.9542383935712,
18.975000000000207, -0.977308777224649,0.3480092891142784,16.13763508672034,267.5882658610847,
19.008000000000248, -0.9094883384907961,0.29104012704381943,16.558569336738824,267.17510077669465,
19.041000000000288, -0.8368249141546716,0.21908302710321817,16.950062127104673,266.9583364099106,
19.07400000000033, -0.757362188944588,0.1293483204731103,17.340507717096482,266.97207739020246,
19.10700000000037, -0.6697565860134795,0.018106388407735874,17.762223749658368,267.2462073885582,
19.14000000000041, -0.5726213419105116,-0.11834705930411858,18.22711823704309,267.8772030588731,
19.17300000000045, -0.46566659981893577,-0.2754725167505394,18.653311593060607,269.017707311445,
19.20600000000049, -0.3518319010422719,-0.43353137735168173,18.881120445411746,270.66487684974953,
19.23900000000053, -0.23628663203288267,-0.5721147792420916,19.148734391677177,272.11349129990697,
19.27200000000057, -0.1219086936609892,-0.6926939577193526,19.538503490520394,273.28666443751865,
19.30500000000061, -0.009865177773062122,-0.7960885053602664,19.96308051887831,274.36292259311557,
19.33800000000065, 0.09924752008245902,-0.8842343964121343,20.358176457340793,275.42703430210406,
19.37100000000069, 0.20489521629646193,-0.9588922219408126,20.65827710784342,276.4878964504269,
19.40400000000073, 0.30722563964838595,-1.0196433424692688,20.823884023774397,277.5788705950058,
19.437000000000772, 0.4081022116713471,-1.0658694152558459,20.877735368649404,278.79010269210505,
19.470000000000812, 0.50868510189676,-1.0981738438198387,20.980269620772898,279.93340529886746,
19.503000000000853, 0.6066151435377333,-1.1179881795432702,21.21219454481397,280.9649307466303,
19.536000000000893, 0.7006901904709301,-1.1265164948837691,21.53946832878775,281.9583077289502,
19.569000000000933, 0.7904241863567677,-1.1254108745814055,21.897646135027703,282.93841658473036,
19.602000000000974, 0.8752406385737392,-1.115899282428123,22.217317333136922,283.9257236620716,
19.635000000001014, 0.9545716240534448,-1.0991183269646907,22.43718279441,284.93412612389056,
19.668000000001054, 1.0279361609309512,-1.0794978440720953,22.528978648694817,286.02081937103225,
19.701000000001095, 1.0948653870639746,-1.0663594240907681,22.55950810268754,287.17496831463467,
19.734000000001135, 1.1550558281126524,-1.058307124662918,22.67715122659194,288.2321326567762,
19.767000000001175, 1.2083083929819536,-1.0480144500733937,22.910286867080657,289.25224947169613,
19.800000000001216, 1.2545379103022596,-1.032693743094989,23.216388151117805,290.2902403532248,
19.833000000001256, 1.2937251998849644,-1.0120405215604582,23.511283119064775,291.3249804357678,
19.866000000001296, 1.3256014788559594,-0.9878975737500424,23.71696860435132,292.33621116381596,
19.899000000001337, 1.3493590459119036,-0.9633494157155427,23.803975377113968,293.39601826775527,
19.932000000001377, 1.3633045313586771,-0.9433688558126851,23.821976815976193,294.55481356537524,
19.965000000001417, 1.3673341974215838,-0.928310440477996,23.923906859153913,295.61441522178563,
19.998000000001458, 1.362962169167053,-0.91369229684858,24.14622200503045,296.60640762248045,
20.031000000001498, 1.3508042447725834,-0.8980610571922248,24.45439728767229,297.5980678123886,