0.03300000000000002, 0.9243709287493597,0.002675607222430497,-0.48824559382946203,-0.7593589597608704,
0.06600000000000004, 0.915769528219674,0.010586219569620909,-0.48311179127787346,-0.7543989702983593,
0.09900000000000007, 0.9014891511154753,0.023850034328405753,-0.4742500405619653,-0.7458404508787768,
0.1320000000000001, 0.881527339062055,0.042647637975833846,-0.4611267813391607,-0.733172589279176,
0.16500000000000012, 0.8558829353522722,0.06719500613813015,-0.4429442669240286,-0.7156281399207391,
0.19800000000000015, 0.8245604453442251,0.0977006030922389,-0.4185951228824312,-0.6921275085243674,
0.23100000000000018, 0.7875787627931055,0.13430116249562163,-0.38661767362154786,-0.6612026422364142,
0.2640000000000002, 0.7449868399077302,0.17696979172950053,-0.34517277601059554,-0.6209001455651886,
0.2970000000000002, 0.6968890637461784,0.22539203064558644,-0.29207955458144225,-0.5686701613941023,
0.33000000000000024, 0.6434818071264208,0.2788147441868475,-0.22496687293673914,-0.5012674668565812,
0.36300000000000027, 0.5850983813753022,0.33589476877697944,-0.14160542935291112,-0.4147349288328839,
0.3960000000000003, 0.5222517431915752,0.39460932474169447,-0.040451283753244124,-0.3046127933840912,
0.4290000000000003, 0.45565576315305867,0.4523197542871391,0.07867817756716064,-0.16659250718143875,
0.46200000000000035, 0.3862048259547789,0.5060607567960049,0.21404307942722872,0.0021922170454399016,
0.4950000000000004, 0.314905011747428,0.5530248926518778,0.36188263236403184,0.20133938091141607,
0.5280000000000004, 0.2427722328677439,0.59106720500907,0.5169840695778594,0.42554350139519903,
0.5610000000000004, 0.17072781040101206,0.6189848325993809,0.6737250934289513,0.6644501134638626,
0.5940000000000004, 0.09952387458269245,0.6364251411498433,0.8270529492203171,0.9049081940065448,
0.6270000000000004, 0.02972212628784133,0.6435087698365407,0.9729674601046328,1.1347524474692818,
0.6600000000000005, -0.0382731588505046,0.6404315094761365,1.1085238015894723,1.3457618734983383,
0.6930000000000005, -0.10415380174824997,0.6272529862598044,1.2316144181142326,1.5343157106736276,
0.7260000000000005, -0.16764980524119394,0.6038834023527023,1.3406910266415941,1.7003053014679286,
0.7590000000000006, -0.22849093695355274,0.5701661162326701,1.4344689307348222,1.8456191277524874,
0.7920000000000006, -0.2863881011036402,0.5259676479445556,1.5116437936392932,1.972984057909032,
0.8250000000000006, -0.3410288450967997,0.4712401113488652,1.5706605768645836,2.0852992561460706,
0.8580000000000007, -0.39208182427924904,0.4060578229117865,1.6095640707488437,2.1853069046726,
0.8910000000000007, -0.4392072790839134,0.3306444241734904,1.6259448221228412,2.275387582380725,
0.9240000000000007, -0.4820724780007368,0.2454081824921194,1.6169842318484908,2.3572793022423495,
0.9570000000000007, -0.5203719555030971,0.15099771268296272,1.5795919478274234,2.431533743295813,
0.9900000000000008, -0.5538518909558617,0.04838189190164956,1.510603631618964,2.496561317535651,
1.0229999999999981, -0.5823361153329399,-0.061049528488627845,1.406967875568892,2.5472300192118005,
1.0559999999999945, -0.6057486347280099,-0.17537023119115172,1.2658448400895275,2.573174474066099,
1.0889999999999909, -0.6241255024613839,-0.2919972962023049,1.084658788064677,2.557172942818255,
1.1219999999999872, -0.6376093976563934,-0.40761860624654483,0.8614361894805513,2.4741517681345297,
1.1549999999999836, -0.6464271524977471,-0.5183289573333885,0.5961454871042275,2.291582628438496,
1.18799999999998, -0.6508647948881713,-0.6202503338608039,0.29421811704189427,1.9720310398851537,
1.2209999999999763, -0.6512586849817018,-0.710728659850399,-0.026228578188437258,1.4788274905482814,
1.2539999999999727, -0.647993784191716,-0.7891625403970036,-0.32588655787557835,0.784302731624539,
1.286999999999969, -0.6415527795321319,-0.8551940476802333,-0.5549999937187765,-0.13079309460040997,
1.3199999999999654, -0.6327735838894567,-0.9059409200802966,-0.7405133905698071,-1.1858954291343147,
1.3529999999999618, -0.6221165718269829,-0.9446210731359745,-1.0164794511655495,-2.079687245730253,
1.3859999999999582, -0.6094618320770167,-0.979680579005059,-1.3835410533409545,-2.696430068525206,
1.4189999999999545, -0.5948588746963575,-1.0186985890243354,-1.7744491331414396,-3.0278304641031,
1.4519999999999509, -0.5782164902270253,-1.0666958367405435,-2.152084256081756,-3.113408082763372,
1.4849999999999473, -0.5593998621184962,-1.1254144373066146,-2.5132848710727558,-3.01678575843726,
1.5179999999999436, -0.5383353274143506,-1.1956760866759129,-2.86087301644332,-2.8188237560626743,
1.55099999999994, -0.5149711802476885,-1.2757940176017224,-3.1860747401358713,-2.6254545775756504,
1.5839999999999363, -0.48935591686909585,-1.3601325205364072,-3.4833474900929207,-2.506802054548605,
1.6169999999999327, -0.46160619288590743,-1.4434281506550695,-3.759052921990393,-2.475897651791034,
1.649999999999929, -0.43177775198817225,-1.522472639912558,-4.021494949914764,-2.5288818488848337,
1.6829999999999254, -0.3998390903574468,-1.5952029181853538,-4.276036834377007,-2.6627325432195486,
1.7159999999999218, -0.36570618900299723,-1.6598915758789143,-4.524115479778497,-2.8765106407368446,
1.7489999999999182, -0.3292961443161185,-1.7147690663199722,-4.76281863046734,-3.1693143187492283,
1.7819999999999145, -0.29057631147519164,-1.758004906204231,-4.984903162572745,-3.5384061665872752,
1.814999999999911, -0.24957769840347083,-1.7878795959329659,-5.17995875915538,-3.9792552387035385,
1.8479999999999073, -0.20635384124590922,-1.8027920728276243,-5.3371384770592725,-4.488164094180191,
1.8809999999999036, -0.16090891261972104,-1.8008139778605146,-5.450470455424198,-5.061919706405222,
1.9139999999999, -0.11323729941095179,-1.7793371697907985,-5.53099540951262,-5.677522695980366,
1.9469999999998964, -0.06372923725095855,-1.7368629586286244,-5.61352900869326,-6.277526969516307,
1.9799999999998927, -0.013292831540617897,-1.6744419985948578,-5.727860036746866,-6.828539985547442,
2.0129999999998893, 0.03711583750131207,-1.5933807169932697,-5.884433365006948,-7.332983630461413,
2.0459999999998857, 0.0866028314319742,-1.4937960540348967,-6.0855202389714735,-7.792087364287679,
2.078999999999882, 0.1341671046304398,-1.3742351773717645,-6.331340201685139,-8.190485813962459,
2.1119999999998784, 0.1784038638872275,-1.2315723922550905,-6.622026138652282,-8.48875683111726,
2.144999999999875, 0.21712498695341245,-1.0626043274052994,-6.955610133898075,-8.611137726638548,
2.177999999999871, 0.2475519388303157,-0.8697789330729161,-7.320987849210993,-8.45226370408703,
2.2109999999998675, 0.2677771823864896,-0.6667175580716742,-7.699066698718999,-7.9668102147201525,
2.243999999999864, 0.2785733704027479,-0.47224360488720557,-8.021195477236134,-7.362958299605602,
2.2769999999998602, 0.28283554686220186,-0.2826069828996454,-8.223369124327482,-6.856635791822251,
2.3099999999998566, 0.28186661143448377,-0.08567718511527744,-8.306445609117914,-6.380031830895723,
2.342999999999853, 0.2763982187199143,0.12432718980505311,-8.25758261133392,-5.84594166176277,
2.3759999999998493, 0.26781983847464386,0.34736339276268813,-8.062247644472462,-5.232124597792238,
2.4089999999998457, 0.25829078009432305,0.574773804710888,-7.734814512754895,-4.585508039901604,
2.441999999999842, 0.24966537396587432,0.7904368948758156,-7.307400714304165,-3.9313539741601753,
2.4749999999998384, 0.24273829945866532,0.9776915921144486,-6.80656016666425,-3.2227475251128914,
2.507999999999835, 0.23775145118017402,1.1256696250301892,-6.2599223323327395,-2.3708395089134315,
2.540999999999831, 0.23493319542021002,1.2351377397621284,-5.735333245258816,-1.2846831615526197,
2.5739999999998275, 0.23436231013735337,1.3154215188133545,-5.382494043887762,0.08468808559467897,
2.606999999999824, 0.23883491633967469,1.360046652141519,-5.215675746679442,1.739733366890662,
2.6399999999998203, 0.2490749472613165,1.371911322266203,-4.823049966344677,3.106749746416788,
2.6729999999998166, 0.2627217193367358,1.3751891052617364,-4.23840858952005,4.0207294328636785,
2.705999999999813, 0.2792187015759694,1.3934173325783568,-3.6471806135855673,4.436861557261099,
2.7389999999998094, 0.2961030188634979,1.43746986795617,-3.0873381345760733,4.403367873676458,
2.7719999999998057, 0.311003260118882,1.5115028258648235,-2.4958012548444426,3.9651819132767354,
2.804999999999802, 0.3204286363813835,1.6256304269608932,-1.8584248088914457,3.4554717992632242,
2.8379999999997985, 0.32360835971622637,1.7529671513983125,-1.2491829195887556,3.42731301789204,
2.870999999999795, 0.3210994577433245,1.8648994509801653,-0.6636647329730374,3.9442845218704634,
2.903999999999791, 0.3139492979819324,1.9459114307847607,-0.18065612447653215,4.900407493885878,
2.9369999999997876, 0.30322830017918373,1.9897996894501775,0.10329677450409278,6.170533781930468,
2.969999999999784, 0.2889267592149043,1.9813227059914502,0.3131251585234968,7.518953196915513,
3.0029999999997803, 0.2723695003696025,1.9307913998634583,0.7011435381074347,8.630456088814121,
3.0359999999997767, 0.2558371122573261,1.8438844685517795,1.2492065660429508,9.419878079508717,
3.068999999999773, 0.2437462072779046,1.722629725895335,1.8641187440003089,9.679509686340717,
3.1019999999997694, 0.2387821746369192,1.5978174052804253,2.481663367342456,9.293231084663729,
3.1349999999997658, 0.2387813077484443,1.511034611529263,3.086298753108344,8.59016646504216,
3.167999999999762, 0.23857063096757763,1.4621549908422298,3.6213614621285504,8.185985065074975,
3.2009999999997585, 0.23509207875965468,1.4337794533513122,4.170873604321952,8.178733177638552,
3.233999999999755, 0.22541129006115038,1.4158971924137886,4.775534093229282,8.607186168740077,
3.266999999999751, 0.20910869375799282,1.3815298747714981,5.370597621962686,9.431534117474943,
3.2999999999997476, 0.18974687629258633,1.3167383002663764,5.856170392864686,10.535737398032936,
3.332999999999744, 0.17002417873273246,1.221096426910048,6.139382306176589,11.862452592650584,
3.3659999999997403, 0.15249912959782588,1.0715879757780404,6.324068444137254,13.350535112712747,
3.3989999999997367, 0.14070242577458733,0.8637510019713187,6.779593969971873,14.510617946093634,
3.431999999999733, 0.13860271870901106,0.6176788648128861,7.425469421242936,14.920043130541169,
3.4649999999997294, 0.14436311597370147,0.38662243994787887,8.022271008262733,14.56311181312943,
3.4979999999997258, 0.15196056156816085,0.19852381600737748,8.526306920897154,14.023985889008493,
3.530999999999722, 0.15887462193815746,0.03533451653993112,8.94064067985833,13.666077013936874,
3.5639999999997185, 0.16433772065372154,-0.1185503490132793,9.318318297825265,13.462364577714705,
3.596999999999715, 0.16792379543672084,-0.2685945016545749,9.702147942579593,13.381314917166238,
3.6299999999997112, 0.16936365052152477,-0.4222822294105844,10.115404711024418,13.402382277563877,
3.6629999999997076, 0.1677987709249754,-0.589877868990117,10.572766830952276,13.458817940111516,
3.695999999999704, 0.16073606784136044,-0.7797058675156188,11.08939038855061,13.391575036959127,
3.7289999999997003, 0.14376811722947788,-0.9826090324007951,11.664976758554737,12.87984958507108,
3.7619999999996967, 0.11247957550868298,-1.1511434580396098,12.319675088368292,11.726243857954485,
3.794999999999693, 0.07130138839552468,-1.247567638637207,12.811356579595877,10.773420988763332,
3.8279999999996894, 0.02805509123021283,-1.3110536920480966,13.196991095262456,10.014475636790015,
3.860999999999686, -0.015711715406750194,-1.3525821763221508,13.581045996266262,9.251240373749306,
3.893999999999682, -0.05792188747351739,-1.368230901577262,14.06666582021704,8.275811983410508,
3.9269999999996785, -0.09115514615079517,-1.3594177937032537,14.644684664856754,7.107400065512087,
3.959999999999675, -0.11824057801591524,-1.3501683520576555,15.084767525194481,6.319844968433308,
3.9929999999996713, -0.14352433674887038,-1.3409359902919569,15.478674229459457,5.654229449828943,
4.025999999999679, -0.1676925734149684,-1.333410819456297,15.891848771758246,4.927682831082132,
4.05899999999969, -0.19145872451716014,-1.3425716478448162,16.414859724119665,3.9332514573890687,
4.091999999999701, -0.218620595505997,-1.3988156579974655,17.000204982828837,2.943954870761332,
4.124999999999712, -0.2503682816166948,-1.4645300095166656,17.537980189652444,2.442226518169635,
4.157999999999723, -0.28693489742082595,-1.5065202304762724,18.080639267829067,2.2504341954308766,
4.190999999999734, -0.32631089243899436,-1.5044536506827724,18.579981294386563,2.0166144177552328,
4.223999999999745, -0.3655088322254237,-1.4614809381561142,19.050467245129493,1.5416356886394451,
4.256999999999756, -0.40301583630673105,-1.3745064904216235,19.575175082043987,0.7531469158384388,
4.289999999999767, -0.43717202578239295,-1.2299211405067365,20.112750066802356,-0.03970274348569951,
4.322999999999778, -0.4694275201747272,-1.0546561066588724,20.575245860788293,-0.5321186374309129,
4.355999999999789, -0.5007098157087372,-0.863770577541528,21.013265566947112,-0.8657182733737089,
4.3889999999998, -0.5304869342778223,-0.6645063556815718,21.446117666797534,-1.1757595153737421,
4.421999999999811, -0.5576955357347001,-0.46433518751427133,21.889343087335668,-1.5784634661647998,
4.454999999999822, -0.5811465577607924,-0.2734486262696784,22.389245706422063,-2.19163548032747,
4.4879999999998335, -0.6009567572229482,-0.11707146905938337,22.94121747389366,-2.992392526731051,
4.5209999999998445, -0.6168115690030712,-0.003030427977731346,23.438102093230864,-3.52606725297646,
4.5539999999998555, -0.6278167253015106,0.07517442868163038,23.945586447561986,-3.751517664038971,
4.5869999999998665, -0.6328395591786058,0.10626599491926386,24.51912820974663,-3.7360837851424584,
4.6199999999998775, -0.6289236194430374,0.08544086463918361,25.148073673696995,-3.7338444721623087,
4.652999999999889, -0.6145728645289634,0.04370757547845962,25.74966748512069,-4.161189730666732,
4.6859999999999, -0.5917643514717135,0.02297090893301403,26.374754080475213,-5.154891450294284,
4.718999999999911, -0.5623203304248389,0.06134713285666612,26.925845425803974,-6.137023372415349,
4.751999999999922, -0.5286627319215486,0.12293107231808402,27.364677570806293,-6.821412447177452,
4.784999999999933, -0.4913446746914197,0.19180104789880234,27.780342305235934,-7.435725692468787,
4.817999999999944, -0.4509506517348229,0.2640827362173769,28.22560504034401,-8.17278858529578,
4.850999999999955, -0.4103977642184275,0.3406467195781296,28.791381462571604,-9.26582002247108,
4.883999999999966, -0.37304446742260766,0.4056359369414449,29.291853975993277,-10.20687547351235,
4.916999999999977, -0.3342879859050256,0.4500860999190953,29.69806279185355,-10.889949985670757,
4.949999999999988, -0.2931689236619569,0.47380529087055795,30.096027025818742,-11.533643908334614,
4.982999999999999, -0.2495452989388125,0.4712008047270061,30.547870846096167,-12.312533367848168,
5.01600000000001, -0.20178812713819733,0.41167252854184855,31.155789187953232,-13.408772162146654,
5.049000000000021, -0.14586814152474406,0.2801887529189941,31.776999635818203,-14.108253690695536,
5.082000000000032, -0.08312805019603692,0.1380177969369336,32.37818197766753,-14.113093553924685,
5.115000000000043, -0.01722830449964771,0.02617063534014165,32.928943159203506,-13.70175412671464,
5.148000000000054, 0.04912270098475244,-0.05360389087614612,33.426147456217635,-13.093295539666377,
5.181000000000065, 0.11498392778038016,-0.11215938499477969,33.875389309591924,-12.343697430821935,
5.214000000000076, 0.17976740790964246,-0.15887001497908929,34.24469467451501,-11.483457736993842,
5.247000000000087, 0.24287152154652028,-0.19769926691165943,34.49176009071636,-10.540234798908061,
5.280000000000098, 0.30429545961577836,-0.23135042748296505,34.60657756995892,-9.478195976246441,
5.313000000000109, 0.36467797528153034,-0.26588595427754214,34.696995202856385,-8.393410046729743,
5.34600000000012, 0.422889747267955,-0.29774605060407267,34.91138895687295,-7.431071825228953,
5.379000000000131, 0.4779388699747295,-0.32408250339947003,35.257042697878774,-6.5615664520259065,
5.412000000000142, 0.5295484884106946,-0.35011857719186834,35.68675019203218,-5.804487180896286,
5.445000000000153, 0.5770364228839164,-0.3846349916845585,36.16011679813511,-5.186265109881472,
5.478000000000164, 0.6186768725030188,-0.43347828950049644,36.66446593349164,-4.741057854079853,
5.511000000000175, 0.6518519124036523,-0.4912329636267496,37.18021300189125,-4.565673472378411,
5.544000000000186, 0.675659703881008,-0.5382516453973799,37.66944973719437,-4.7658614472019565,
5.577000000000197, 0.6914452216205781,-0.5576590218039117,38.16013159819021,-5.341456519067103,
5.610000000000208, 0.6999999202986559,-0.5270723697769356,38.65949399360761,-6.108221161654556,
5.643000000000219, 0.7030646786256343,-0.452064161730732,39.08294713021723,-6.657482035691243,
5.67600000000023, 0.7011815013974033,-0.35062721614805836,39.469641621494254,-7.00294016455066,
5.709000000000241, 0.6942929446923721,-0.2262273608231604,39.850702800175995,-7.228804408299754,
5.742000000000252, 0.6822024591618671,-0.08148848955548435,40.22123089154963,-7.442969955720382,
5.775000000000263, 0.664361066823937,0.07832964426456146,40.572315666126386,-7.727851478005079,
5.808000000000274, 0.6404771110515464,0.2490235877535563,40.917516792422916,-8.098328025117315,
5.841000000000285, 0.6110790576030929,0.42744468431642235,41.2819532845967,-8.566575272553274,
5.874000000000296, 0.577286134636851,0.608247961364297,41.668389876289396,-9.101280486736721,
5.907000000000307, 0.540124539354736,0.784742709467159,42.040334793126846,-9.554849818115764,
5.940000000000318, 0.5007434467632547,0.9523609699558846,42.40955774832484,-9.895422543891915,
5.973000000000329, 0.45989039282163247,1.104909704995543,42.80375324834881,-10.11669054371259,
6.00600000000034, 0.41754884090212385,1.2323845311718167,43.23080508396735,-10.238505088692108,
6.039000000000351, 0.3736427877580414,1.3250371439448216,43.67219077248342,-10.382078196626688,
6.072000000000362, 0.32861276773424386,1.3801787899207751,44.11973514136205,-10.698673987256887,
6.1050000000003735, 0.2835080925577458,1.3959544585713333,44.62304682660148,-11.313181949747074,
6.1380000000003845, 0.24293588160388238,1.3563251792366953,45.235805674233404,-12.169075522072628,
6.1710000000003955, 0.20940424653040862,1.2872132820100084,45.795471772698434,-12.573804334599219,
6.2040000000004065, 0.17978133440391786,1.2234562860399039,46.32330980792457,-12.508700424042575,
6.2370000000004175, 0.1517747405532964,1.1788676554068045,46.83941039264131,-12.117433058063959,
6.270000000000429, 0.12330365633163182,1.1536888612956646,47.346299911368604,-11.482732698784618,
6.30300000000044, 0.09316943024700038,1.1394473831061407,47.81675431118703,-10.622498812811566,
6.336000000000451, 0.061276813303475085,1.1242274163232866,48.168099970442725,-9.55610366536648,
6.369000000000462, 0.02696349903338979,1.1011492782920986,48.33142165795858,-8.266228774182421,
6.402000000000473, -0.011885920267487296,1.0651043324444531,48.476573585787634,-6.9589667277982254,
6.435000000000484, -0.05238330271464346,1.0121992564683904,48.808221728364174,-5.857960380112177,
6.468000000000495, -0.09270333172338976,0.9372922566237227,49.282785197738335,-4.928161730028287,
6.501000000000506, -0.1315246271312925,0.8266708287999285,49.82995145769905,-4.204870074241855,
6.534000000000517, -0.16517115019554696,0.6629605894842108,50.434705676556206,-3.7832353624899473,
6.567000000000528, -0.18783913790391454,0.45045269843473823,51.06017741902913,-3.959255871221893,
6.600000000000539, -0.1993749548612246,0.24241955936818785,51.67336779248691,-4.877845493571357,
6.63300000000055, -0.20467338699688134,0.08785676657382814,52.172546432182166,-5.883018310361202,
6.666000000000561, -0.2073823586413485,-0.048774677579659746,52.50629740269104,-6.677787522968755,
6.699000000000572, -0.20800338646821134,-0.19193368697870453,52.747833038803094,-7.470698487826987,
6.732000000000583, -0.20717504553442842,-0.3416632522092015,52.99855632050698,-8.207078550001661,
6.765000000000594, -0.2055400552891969,-0.4904520769789648,53.32330313128056,-8.970837296512412,
6.798000000000605, -0.20289621874621885,-0.6486539074207062,53.70623723060399,-9.837186813235643,
6.831000000000616, -0.20029523974577207,-0.8200150479719984,54.054936784369936,-10.566784618022648,
6.864000000000627, -0.1993862310687891,-0.9937573532048181,54.40890997694286,-11.16436369924025,
6.897000000000638, -0.20172276893507038,-1.171846023863539,54.82214909761178,-11.702400719539297,
6.930000000000649, -0.20986147021782092,-1.3509254907356842,55.30368660446049,-12.450417333142227,
6.96300000000066, -0.22719863498711554,-1.4988001596013099,55.892788222407255,-13.710720136547138,
6.996000000000671, -0.2516940144477977,-1.580529042091111,56.32580023583235,-14.836786156762328,
7.029000000000682, -0.27602707797907133,-1.6430144781944878,56.60634186523598,-15.85630623424377,
7.062000000000693, -0.29942135898983924,-1.7032618847591223,56.90530888324526,-16.86972149353658,
7.095000000000704, -0.3198960078211208,-1.7371588572279928,57.37097767178604,-18.061930230179197,
7.128000000000715, -0.33116243454342603,-1.7221061644314428,57.87683954042785,-19.203317828258946,
7.161000000000726, -0.3370733314905199,-1.691184880871886,58.26026628944115,-20.05739776548608,
7.194000000000737, -0.34054616712955993,-1.6516086532988696,58.623466522889494,-20.885968967283155,
7.227000000000748, -0.3411062914340424,-1.6113006779085957,59.06553148398461,-21.852293270557944,
7.260000000000759, -0.336964255135799,-1.6090788152695383,59.58624928209136,-23.063466766553546,
7.29300000000077, -0.33018857284443853,-1.6401390488022745,59.970384523237655,-24.036930059329567,
7.326000000000781, -0.32176768143042506,-1.6656832827042554,60.27411512820712,-24.949296268738717,
7.359000000000792, -0.31164163163144526,-1.6800484208831319,60.62529084225082,-25.881643850419902,
7.392000000000803, -0.3037762471229039,-1.6955286038875812,61.14566396812127,-27.09863160975028,
7.425000000000814, -0.30399482246107873,-1.7002155740971614,61.62085245975797,-28.19045247432475,
7.458000000000825, -0.3049591785873859,-1.6866997345940158,61.96086508451238,-29.063352385014916,
7.491000000000836, -0.30432355527849225,-1.662579481346074,62.28957816643478,-29.9299454528605,
7.524000000000847, -0.30259779867379316,-1.6167863074446194,62.70987511441997,-30.922556155690152,
7.557000000000858, -0.30005957381025816,-1.5103314448141358,63.20522322344962,-32.09780044982701,
7.590000000000869, -0.29719742770221175,-1.3578534652295644,63.54679636137555,-33.05590374022823,
7.62300000000088, -0.2960616769717621,-1.1982089756871066,63.75002742727996,-34.01595115743422,
7.656000000000891, -0.2971127674068283,-1.0405812311738365,63.944286390046734,-34.929546860118705,
7.6890000000009024, -0.299263844136048,-0.8713127827936837,64.20891053198258,-35.85993093509631,
7.7220000000009135, -0.30146844904986614,-0.6748402676106616,64.49760095575242,-36.86796731390202,
7.7550000000009245, -0.30390228960940385,-0.46187973803543664,64.62658165072573,-37.82945280375656,
7.7880000000009355, -0.305843826488523,-0.25751613390787315,64.51360418515537,-38.9318011299348,
7.8210000000009465, -0.3055425706237463,-0.07823690612144917,64.25034034804806,-40.106147172167624,
7.8540000000009575, -0.3020275495637365,0.08525264535283421,64.03667305729822,-41.226850974425936,
7.887000000000969, -0.2943322670335321,0.2487903845300025,63.946670047657655,-42.43595067540909,
7.92000000000098, -0.27985246267843095,0.43106437081680454,63.86216360098124,-43.75675305498304,
7.953000000000991, -0.2566475213498441,0.6217064641463944,63.545372405287424,-44.792708824594854,
7.986000000001002, -0.22411727024974895,0.7978218558600978,63.10166767717333,-45.42438756431901,
8.019000000000995, -0.1835761618735584,0.9420365950816241,62.675751667339746,-45.67999099025533,
8.052000000000977, -0.13813888367396177,1.0518859482671892,62.28957853617294,-45.67746605200671,
8.085000000000958, -0.09020236659412897,1.1297412197898558,61.91252588097552,-45.49083503678876,
8.11800000000094, -0.041860543467945224,1.1747722547374202,61.5145632619503,-45.1782633318315,
8.151000000000922, 0.004807124355628725,1.1899455834978332,61.10841036203407,-44.90675353299383,
8.184000000000903, 0.04926622746318574,1.187057408138093,60.71863859635831,-44.83115286446313,
8.217000000000885, 0.09181562501332276,1.17557707829405,60.34400013655543,-44.9749121458817,
8.250000000000867, 0.13283234956033074,1.161160679861982,59.98865032162453,-45.31697185561207,
8.283000000000849, 0.1727421811724299,1.1461705589600863,59.66612469223709,-45.823615327718585,
8.31600000000083, 0.21183288381395374,1.1312353768123324,59.393624419168646,-46.46652355543924,
8.349000000000812, 0.2502063812722641,1.1184847666865938,59.180922373901744,-47.229451849536034,
8.382000000000794, 0.28793437065070093,1.1132802517749216,58.997408945578876,-48.06525620443362,
8.415000000000775, 0.32514478002704694,1.1177526463154976,58.76121238503291,-48.84620649728647,
8.448000000000757, 0.36201834650042636,1.1290746364555044,58.42847043082375,-49.466974164379494,
8.481000000000739, 0.39914732052858387,1.1449383866324074,58.0107283127137,-49.83990156414791,
8.51400000000072, 0.43757841612491855,1.1574137422599986,57.53650675502416,-49.88239021714272,
8.547000000000702, 0.4780330177896153,1.1474606142382509,57.04478383872963,-49.653710743816006,
8.580000000000684, 0.5193871836738119,1.1000020514299316,56.60379119586516,-49.45659704040121,
8.613000000000666, 0.5597132149174147,1.0207560059409386,56.22820636690409,-49.4469974027417,
8.646000000000647, 0.5980588447431386,0.918337531925301,55.90661045802604,-49.604304752553844,
8.679000000000629, 0.6338202165224287,0.7999283655179315,55.64167589324667,-49.880701394573485,
8.71200000000061, 0.6663524629054246,0.6723767762415379,55.44215922619639,-50.22803492558113,
8.745000000000593, 0.6949059731249251,0.5414901403338302,55.31320803383053,-50.609815886815134,
8.778000000000574, 0.7187294142547057,0.4111241349036067,55.253158563440415,-51.0084650660757,
8.811000000000556, 0.7371969573325563,0.28282917938112795,55.25456655011756,-51.42015366420568,
8.844000000000538, 0.749828731098391,0.15644957420606684,55.3041192136946,-51.836439578638284,
8.87700000000052, 0.756242425185555,0.03198911719601443,55.38430393153538,-52.23366172873549,
8.910000000000501, 0.7561746880085075,-0.08936940506905515,55.48203009558595,-52.59065783302607,
8.943000000000483, 0.7495100926794733,-0.20618870436957693,55.592379366315875,-52.8992603517892,
8.976000000000464, 0.7362360605282161,-0.3173580949625096,55.71498123955276,-53.15698597257204,
9.009000000000446, 0.7163861720109076,-0.4218487611311593,55.850153940893655,-53.36293884252126,
9.042000000000428, 0.6900386766040735,-0.518221681181648,55.99582948518837,-53.521148992962125,
9.07500000000041, 0.6574050785688567,-0.604399806045887,56.14595858744222,-53.64544455884554,
9.108000000000391, 0.6189230906217973,-0.6781647157950597,56.292771345929005,-53.75668112736772,
9.141000000000373, 0.5752018737408844,-0.7379030109810452,56.43106018885049,-53.87302201499453,
9.174000000000355, 0.5268672581588657,-0.7827227621024688,56.55966595723898,-54.0043717798989,
9.207000000000336, 0.4744589281863869,-0.8120801589099026,56.67997012812966,-54.15404079958496,
9.240000000000318, 0.4184062183164526,-0.8254627266251013,56.793954932887125,-54.32259010415665,
9.2730000000003, 0.3590361324528017,-0.8222820532783258,56.90298858965083,-54.51039616981367,
9.306000000000282, 0.29658453717725464,-0.8018875280130033,57.00717962965305,-54.718529771183945,
9.339000000000263, 0.23120742609613085,-0.76361910193436,57.1048325325558,-54.948474012210916,
9.372000000000245, 0.16300141879556596,-0.7068896160461642,57.19159857937719,-55.20091770387116,
9.405000000000227, 0.09204852944401176,-0.6313558249968652,57.25918985163273,-55.473670091933904,
9.438000000000208, 0.018504133769610125,-0.5372284906417033,57.294423891135956,-55.75980503354424,
9.47100000000019, -0.05726140348664917,-0.42553189311862166,57.28030220103788,-56.04752882076934,
9.504000000000172, -0.13449120582260315,-0.29798323038245267,57.19936620921053,-56.31806643704245,
9.537000000000154, -0.21187409937159782,-0.15691102522736,57.03844963200033,-56.53792819151821,
9.570000000000135, -0.2873520205221799,-0.007041241271062124,56.79776940865371,-56.66033757648349,
9.603000000000117, -0.3582104373214904,0.13971563316883745,56.50949254878088,-56.67383329820786,
9.636000000000099, -0.4226321049953257,0.2674747630537926,56.23397507476011,-56.65538669081109,
9.66900000000008, -0.4808337037931611,0.370784325896103,56.0021255077805,-56.6748421717097,
9.702000000000062, -0.5336130541757141,0.45244618876752246,55.80951404571094,-56.74008471658194,
9.735000000000044, -0.5814986792599354,0.5159249056157651,55.645075512641746,-56.84011879913754,
9.768000000000026, -0.6247753800330547,0.5636900651839051,55.500145974715906,-56.96545332537911,
9.801000000000007, -0.6635876752682239,0.5974210053951694,55.36881458582602,-57.110297842645465,
9.833999999999989, -0.697997250402442,0.6183100622250253,55.247193950044355,-57.271414342442284,
9.86699999999997, -0.7280117463229547,0.627261421619875,55.13280072954801,-57.446889761300135,
9.899999999999952, -0.7535997950473518,0.6250081855253741,55.02408347391082,-57.635229716722726,
9.932999999999934, -0.774699359976262,0.6121785956589574,54.92004732626913,-57.83474849661487,
9.965999999999916, -0.7912224591723332,0.5893319512150684,54.819966744150875,-58.043222797912435,
9.998999999999898, -0.8030576764381046,0.5569762155980597,54.72321398805518,-58.25782365283213,
10.03199999999988, -0.8100714884454566,0.5155726092205135,54.6292360961957,-58.475359039030764,
10.064999999999861, -0.8121096566130962,0.4655284418240756,54.53767542467565,-58.69280252228458,
10.097999999999843, -0.808999946769469,0.4071804685446112,54.44856929713705,-58.907967846695065,
10.130999999999824, -0.8005569288392441,0.34077655917489097,54.36253731114724,-59.12012742754545,
10.163999999999806, -0.7865893726770368,0.26646853882457,54.280899542050314,-59.330446792721325,
10.196999999999788, -0.7669118481284893,0.18433059237317498,54.20572386876869,-59.54223683237969,
10.22999999999977, -0.7413644538483559,0.09441793910698407,54.13981319271293,-59.76106235808594,
10.262999999999751, -0.7098466653233061,-0.00311789912853887,54.086597278225426,-59.99464059595396,
10.295999999999733, -0.6723705008362867,-0.10784077895899857,54.04983416156163,-60.25230766359066,
10.328999999999715, -0.6291311632741287,-0.2187613618956557,54.03306243835431,-60.5438390406205,
10.361999999999696, -0.5805781994176231,-0.33401146253746766,54.03901784998492,-60.877721988780756,
10.394999999999678, -0.5274504798422458,-0.4505572361483615,54.06976407798855,-61.25893474839777,
10.42799999999966, -0.47072586796396054,-0.5642353604612302,54.1289603029675,-61.68427612918954,
10.460999999999641, -0.4114569696266657,-0.6709126550541616,54.22662825615399,-62.133886882380295,
10.493999999999623, -0.3505764497004412,-0.7691748726733347,54.37778327946236,-62.58386264835928,
10.526999999999605, -0.28890715256180066,-0.8608365166976295,54.59293581709314,-63.05623760971057,
10.559999999999587, -0.22746527797694527,-0.9492148700617877,54.890136494247145,-63.63953447628462,
10.592999999999568, -0.16878272058626936,-1.0400202334682729,55.29841673379824,-64.42334035665444,
10.62599999999955, -0.1156754772437833,-1.123347487127148,55.69614374953076,-65.0648773320443,
10.658999999999532, -0.06590689828758736,-1.185023191416739,56.03423665655572,-65.44573293156355,
10.691999999999513, -0.018123783134183884,-1.2220701607214337,56.34937357444235,-65.67041393383221,
10.724999999999495, 0.028233059870289602,-1.2325029880088563,56.65402158312602,-65.81516638704596,
10.757999999999477, 0.07351308376473921,-1.2159901266494284,56.94820437099136,-65.95048018918787,
10.790999999999459, 0.1177901632256901,-1.174307172618423,57.23048027998667,-66.13190984887223,
10.82399999999944, 0.16081314351244422,-1.1101807395292875,57.5046092376719,-66.38995706635421,
10.856999999999422, 0.20213827784602062,-1.0254142240950823,57.78221751816737,-66.73919924538261,
10.889999999999404, 0.24140554954958404,-0.9194677238473716,58.07962924200859,-67.19366637841873,
10.922999999999385, 0.2784950925092638,-0.7903964412230011,58.3915334219294,-67.71117010281084,
10.955999999999367, 0.31244360909442054,-0.6416412412011799,58.67281877221131,-68.17293306743659,
10.988999999999349, 0.3415967420835058,-0.4785059327417636,58.908507303794515,-68.59143245181167,
11.02199999999933, 0.3647989031446468,-0.3037218562394621,59.09504846159769,-69.0427612390101,
11.054999999999312, 0.38126943787606316,-0.12027084874448149,59.22382827294478,-69.57120024521538,
11.087999999999294, 0.3910818540080969,0.0672120859707247,59.31241124944983,-70.09957927892458,
11.120999999999276, 0.3955997221761867,0.2548546844131916,59.382955338511366,-70.52344647204943,
11.153999999999257, 0.39646234739950026,0.43946308214941504,59.42357682165848,-70.8288396417487,
11.186999999999239, 0.39511671897927275,0.6174955376438791,59.41420460865273,-71.03493438871055,
11.21999999999922, 0.3926679608965149,0.7865568317138467,59.343965024507604,-71.17327502411794,
11.252999999999203, 0.389785800119811,0.9467345512604732,59.21256661400966,-71.28625572565917,
11.285999999999184, 0.386868447010424,1.1002707952585933,59.025074316084606,-71.42262379023057,
11.318999999999166, 0.3843485052265796,1.2501520481422548,58.78837209199914,-71.63568137800358,
11.351999999999148, 0.38292417707470944,1.3981211777092815,58.51584569004865,-71.98318634492514,
11.38499999999913, 0.3834340605521886,1.5422277681803551,58.24194275384902,-72.51501179935184,
11.417999999999111, 0.38632493336687745,1.6767513609462792,58.02478628769022,-73.2459116277834,
11.450999999999093, 0.391760187409519,1.7943887211261056,57.895515939662836,-74.13361135547895,
11.483999999999075, 0.39917760209345254,1.8894947890459752,57.77950230551419,-75.00626518226237,
11.516999999999056, 0.40655438577361597,1.9650009541376827,57.5998881593814,-75.76281352966203,
11.549999999999038, 0.41256050327425575,2.0239307473032166,57.354377282848866,-76.42680890068729,
11.58299999999902, 0.4165413237620765,2.065978862437375,57.06066205519735,-77.0085662040761,
11.615999999999001, 0.41795021879505423,2.0889850218709243,56.73597010648218,-77.50003465717013,
11.648999999998983, 0.4161450254287893,2.0905265006306912,56.39191691089446,-77.88391938345772,
11.681999999998965, 0.41042317556235464,2.0697737515656054,56.037188910969576,-78.13312248996566,
11.714999999998946, 0.40029395064607426,2.029167856003734,55.68143476582496,-78.21394312753458,
11.747999999998928, 0.3857760399103653,1.9737677370053017,55.32905410950608,-78.10345966512644,
11.78099999999891, 0.36710761238904666,1.9088843588106383,54.96750024168072,-77.79386080129795,
11.813999999998892, 0.34396652200067673,1.8422102489491625,54.58270721414391,-77.3041699445851,
11.846999999998873, 0.31641982660473045,1.7826145907948678,54.21830111260022,-76.82452538057905,
11.879999999998855, 0.28608732308470247,1.726509595729467,53.89331102683185,-76.49259499357763,
11.912999999998837, 0.2540104552722137,1.669948819727875,53.57884640425871,-76.2964681930339,
11.945999999998818, 0.2208195351498067,1.6136057109411708,53.25189454841208,-76.22395777762632,
11.9789999999988, 0.1872321847608553,1.56025651317294,52.89903681831697,-76.26277933194646,
12.011999999998782, 0.15426509360368468,1.512379418245869,52.5141765824778,-76.38386266044405,
12.044999999998764, 0.1233045470007029,1.4694509337337642,52.10006470435397,-76.53085402617636,
12.077999999998745, 0.09574050715782667,1.4247033929377373,51.67712967018465,-76.6076011533507,
12.110999999998727, 0.07191447595134248,1.36677512490167,51.276925250228615,-76.5050719420999,
12.143999999998709, 0.05118874170057917,1.2881855249369145,50.90217994248391,-76.17459781466104,
12.17699999999869, 0.033602545913399735,1.1829462078319497,50.52104421790889,-75.60334959671903,
12.209999999998672, 0.020349353996934556,1.0370484347160613,50.15362709643559,-74.89269592728049,
12.242999999998654, 0.01179314804491736,0.8541246061988911,49.898721409137686,-74.30578056249739,
12.275999999998636, 0.007879326466774993,0.6491293657118692,49.76589566977378,-73.81824770543373,
12.308999999998617, 0.008455133932753732,0.4276919813230826,49.74943285078874,-73.37414959011994,
12.341999999998599, 0.012801704791718618,0.1900445770564407,49.84250927376904,-72.97689988729014,
12.37499999999858, 0.019177488582196395,-0.06360885791864174,50.025144257745545,-72.64509625681039,
12.407999999998562, 0.024008298170065348,-0.31940883320213526,50.235796606287444,-72.37366066245512,
12.440999999998544, 0.023932517999987194,-0.5565910607475102,50.39360112668172,-72.13423007342244,
12.473999999998526, 0.01824877616197019,-0.7706205921082093,50.47110762365606,-71.89751052139736,
12.506999999998508, 0.00744221905506837,-0.9654833293570422,50.473366127641775,-71.65038479953517,
12.53999999999849, -0.007875082025586408,-1.144290556180819,50.408948758718196,-71.39081853837294,
12.572999999998471, -0.02705677252422656,-1.3078807125600387,50.28536766955995,-71.11347292836676,
12.605999999998453, -0.04938858284984875,-1.455441126484077,50.1082559413088,-70.79957650181782,
12.638999999998434, -0.07414295518767837,-1.584606309382988,49.877374115378025,-70.41511823924537,
12.671999999998416, -0.10078870572812769,-1.6898505492381561,49.58726385333447,-69.92773557114538,
12.704999999998398, -0.12920088343756725,-1.7646515996114231,49.26342974703161,-69.41789283875212,
12.73799999999838, -0.158838293621792,-1.813700894670892,48.952541877246745,-69.03649329280653,
12.770999999998361, -0.18895916648859487,-1.8441682402991453,48.65079560119416,-68.80460109048074,
12.803999999998343, -0.21937509836950497,-1.8598254164470414,48.34198264783295,-68.71514815670596,
12.836999999998325, -0.25019070125667603,-1.864792457090816,48.02168295043079,-68.75831700330399,
12.869999999998306, -0.2812657634743031,-1.8642658527026101,47.697404784706144,-68.9053703183992,
12.902999999998288, -0.31202553184582243,-1.8622780974696984,47.377158320647254,-69.1209423232766,
12.93599999999827, -0.3417314964858318,-1.8606931969930725,47.062731854362404,-69.38001182975718,
12.968999999998251, -0.36969738734520785,-1.860056311299488,46.75134508836166,-69.66971073063745,
13.001999999998233, -0.3953115997955668,-1.8604263255743796,46.43844326490971,-69.98541423842174,
13.034999999998215, -0.41798659547558614,-1.861590010674338,46.11932857694133,-70.32815033812321,
13.067999999998197, -0.43711945986404527,-1.862708467219647,45.79064680958013,-70.70402429139595,
13.100999999998178, -0.4521413154651639,-1.8615071920979749,45.45286982313797,-71.1244718550643,
13.13399999999816, -0.4627440480951865,-1.853802529232184,45.113174301241905,-71.6042898683504,
13.166999999998142, -0.4691492668273363,-1.8350189724544257,44.78556095254141,-72.15357056157684,
13.199999999998123, -0.47199181609398333,-1.8028621636769089,44.48809065389086,-72.76868829355597,
13.232999999998105, -0.4718906344684223,-1.7573750316128234,44.24033603028128,-73.43695269696731,
13.265999999998087, -0.46925992114759846,-1.6984638172141546,44.05886619258636,-74.1550344048589,
13.298999999998069, -0.46444355637361373,-1.6232270326316576,43.94832010376858,-74.94149017573864,
13.33199999999805, -0.4580100360193096,-1.524523276978754,43.87175074095942,-75.78885269272591,
13.364999999998032, -0.45091100018587066,-1.3989773808962584,43.73071492053485,-76.58944092463985,
13.397999999998014, -0.4442187951931062,-1.248828244123676,43.467440753201636,-77.25553620122521,
13.430999999997995, -0.43948315407588623,-1.0725547129888549,43.094457721284705,-77.67608503617542,
13.463999999997977, -0.438173796066576,-0.8770972574005532,42.67564331529776,-77.70125549897756,
13.496999999997959, -0.43912977447136975,-0.6855612983974239,42.28236542470987,-77.36334329581543,
13.52999999999794, -0.4396200019167663,-0.5133537454107471,41.96249040002919,-76.91733880595812,
13.562999999997922, -0.43784464814337415,-0.35454778727842734,41.73607431430173,-76.53173778372748,
13.595999999997904, -0.4329140906090419,-0.20043467722740183,41.59155490838734,-76.17454522584933,
13.628999999997886, -0.42406910271635156,-0.048013909944067686,41.52326881164776,-75.78094532798337,
13.661999999997867, -0.4105036316447822,0.10300456575109196,41.53387489352106,-75.30756936072346,
13.69499999999785, -0.39141580346549276,0.2519805055499948,41.61990821787313,-74.75378192465874,
13.72799999999783, -0.3662900268974098,0.39741638959827424,41.755072014287286,-74.17625313110946,
13.760999999997813, -0.3352265629394156,0.536708959459845,41.90461265408355,-73.63683671284072,
13.793999999997794, -0.29876427859941274,0.6671381186987086,42.050365185490485,-73.15161396524022,
13.826999999997776, -0.25757767905651363,0.7866205350939701,42.187516134403296,-72.70888538739811,
13.859999999997758, -0.21238006522346697,0.8936232357493656,42.31500669924398,-72.29136851543713,
13.89299999999774, -0.1639037743589643,0.9869245256094747,42.43170221145649,-71.88290700005341,
13.925999999997721, -0.11288771240923313,1.06544807918994,42.53584346845656,-71.46951750757881,
13.958999999997703, -0.060066115697856186,1.1281438321592137,42.62606542067811,-71.04030422077709,
13.991999999997685, -0.006149242166668706,1.173936995028952,42.70408972503873,-70.59144460532782,
14.024999999997666, 0.04824171730606472,1.2019556484922835,42.77843180122569,-70.13277689298837,
14.057999999997648, 0.10267752876035577,1.2120489427322183,42.863376775850874,-69.6840859941334,
14.09099999999763, 0.15691696625912135,1.2047806472421483,42.97145274458055,-69.25935710777263,
14.123999999997611, 0.21080028295709358,1.1807893079723593,43.10992173968475,-68.86406918596074,
14.156999999997593, 0.26419284227748197,1.140292574015197,43.28266782559118,-68.50411004052286,
14.189999999997575, 0.31699549513789105,1.0827885076232413,43.49233357099228,-68.19279026756304,
14.222999999997556, 0.3691897778042099,1.0068023173266833,43.74218950861842,-67.95576848655891,
14.255999999997538, 0.42089269395579226,0.909852251030554,44.038952856421226,-67.83840635501775,
14.28899999999752, 0.4723595416105052,0.7894140398589089,44.39712883774772,-67.91743059867386,
14.321999999997502, 0.5236957000330685,0.6491728550473285,44.825978372330795,-68.25950194388565,
14.354999999997483, 0.573424921726186,0.51370053063923,45.229308361495114,-68.62051998398283,
14.387999999997465, 0.6193484174468293,0.3969898041090519,45.543304489932645,-68.78767190402513,
14.420999999997447, 0.6606204214117352,0.2957225309291889,45.79795341136543,-68.8203044639894,
14.453999999997428, 0.6969111419305958,0.2067340369345438,46.014312877325935,-68.77447625637195,
14.48699999999741, 0.7280486158245736,0.1279356683910286,46.20371552356175,-68.68207809769129,
14.519999999997392, 0.7539352019578115,0.05794472933039754,46.37332249128219,-68.56131052951076,
14.552999999997374, 0.7745219151290679,-0.004124298507325463,46.528281236135406,-68.42246947738475,
14.585999999997355, 0.7897995388833386,-0.05882416061738035,46.67249291279464,-68.27100423633826,
14.618999999997337, 0.7997915996382244,-0.10650483673756528,46.808852475688525,-68.10934422333972,
14.651999999997319, 0.8045451137843398,-0.14739798442076132,46.93933402256276,-67.93815395065397,
14.6849999999973, 0.8041205037782182,-0.1816543062499631,47.06509388669001,-67.75724210846398,
14.717999999997282, 0.7985834831586657,-0.20934645404218227,47.18664211740683,-67.5661721119521,
14.750999999997264, 0.7880004705063279,-0.23045736318251486,47.304062891408655,-67.36459534842542,
14.783999999997246, 0.7724372111126497,-0.24487145289365017,47.417245657471824,-67.15236021100101,
14.816999999997227, 0.7519592385493714,-0.25237828071666146,47.52610237596824,-66.92947460681467,
14.849999999997209, 0.7266329048679994,-0.25269111983662546,47.63076608572207,-66.69599809416243,
14.88299999999719, 0.6965264855347876,-0.24547968159604733,47.731777968095436,-66.45192432095527,
14.915999999997172, 0.661711806893263,-0.23041665259975389,47.830273835666745,-66.19710162426632,
14.948999999997154, 0.6222677016366789,-0.20724042955006228,47.92818094979333,-65.93123691682366,
14.981999999997136, 0.5782872969613614,-0.17584024572927442,48.02843220435026,-65.65403325556302,
15.014999999997118, 0.5298915322584963,-0.13637411634479182,48.13518842172983,-65.36551577394533,
15.0479999999971, 0.47725088732685644,-0.08943391840676591,48.25401739142904,-65.0665926806957,
15.080999999997081, 0.4206149810068533,-0.036272396244171556,48.39191154522152,-64.75987660984585,
15.113999999997063, 0.36034416847057404,0.020906244381121722,48.556982991515426,-64.45074551799996,
15.146999999997044, 0.2969297313270275,0.07863270092446449,48.7577561560216,-64.14840405097765,
15.179999999997026, 0.2309884206335465,0.13194168140894363,49.00227868926715,-63.866014339883975,
15.212999999997008, 0.1632372233537995,0.17437538467705677,49.297635797350694,-63.617690273159646,
15.24599999999699, 0.09449633604891342,0.19849646231793905,49.649680711133016,-63.40792821150516,
15.278999999996971, 0.02578928996130082,0.19826392228037495,50.05752571647335,-63.20576050612223,
15.311999999996953, -0.04160283901593202,0.17654743321046615,50.492090330951044,-62.92044114036877,
15.344999999996935, -0.10667369563681112,0.14949230133656247,50.89212079018926,-62.477577779184074,
15.377999999996916, -0.1691378329087466,0.13147419088406306,51.22315568547714,-61.92008928639558,
15.410999999996898, -0.22897358061481882,0.126150234270261,51.50132825636024,-61.34491249937811,
15.44399999999688, -0.28611264054498875,0.13108515573744378,51.757783945306805,-60.82261003563272,
15.476999999996861, -0.3404130004984604,0.1423217564005787,52.01060693415141,-60.37991247804261,
15.509999999996843, -0.3916971797355866,0.15657986351959258,52.265255857072184,-60.01942638712857,
15.542999999996825, -0.43980172951513624,0.17160165254959714,52.52286679748593,-59.73741767196442,
15.575999999996807, -0.4846115522519125,0.18589547436544462,52.78456682080147,-59.530464130360954,
15.608999999996788, -0.5260842812859434,0.1984311870178274,53.052577770018594,-59.39646350277012,
15.64199999999677, -0.5642735976193813,0.20826359790417728,53.3296014377558,-59.332122183688796,
15.674999999996752, -0.5993266663778941,0.2138684787658605,53.61607056568396,-59.3248878953974,
15.707999999996733, -0.6313512269128599,0.2123588918536197,53.90602218654722,-59.341525689964065,
15.740999999996715, -0.6601681732741917,0.200068863192102,54.18981568264819,-59.33587941885953,
15.773999999996697, -0.6853223383462512,0.17437643712278314,54.463340316210044,-59.27592642831214,
15.806999999996679, -0.7063002989654293,0.13397988892231033,54.72888970496974,-59.14848533430455,
15.83999999999666, -0.7226095202779432,0.07802255653571995,54.99095779090174,-58.94717365539773,
15.872999999996642, -0.7337414647783425,0.00538955662515536,55.25385766192204,-58.66346461090569,
15.905999999996624, -0.7390962859326149,-0.0857225538987778,55.52049290920986,-58.28167742530896,
15.938999999996605, -0.737884242075714,-0.1978080007809887,55.79096751423549,-57.77829315807167,
15.971999999996587, -0.7291292793871471,-0.3319367658643805,56.06310032489376,-57.145201381648214,
16.004999999996578, -0.712447961587609,-0.48008187177212613,56.338778364805286,-56.47075976063807,
16.037999999996618, -0.6892368066846953,-0.6247991626445046,56.61434783830721,-55.906521474166375,
16.07099999999666, -0.6613675372177998,-0.7562722578192383,56.87228517555388,-55.48833688704041,
16.1039999999967, -0.6299356293504697,-0.8739556851758137,57.10198749945001,-55.17768368397059,
16.13699999999674, -0.5955278446331965,-0.9798094979401843,57.302260461651656,-54.934555016437976,
16.16999999999678, -0.5585538000709,-1.075462785427162,57.4757448382688,-54.73027992031867,
16.20299999999682, -0.5193647799337815,-1.1616444540889272,57.626574308762386,-54.54539765297169,
16.23599999999686, -0.4782661527286029,-1.2382620192346556,57.75985944772727,-54.367393062772166,
16.2689999999969, -0.43549747012006707,-1.3046718642892574,57.88134100526462,-54.18946382992797,
16.30199999999694, -0.3912216558514571,-1.359988320335002,57.99673857664713,-54.00957207422618,
16.33499999999698, -0.34553935913049,-1.4033313619431982,58.11097633861274,-53.82930554423204,
16.36799999999702, -0.2985229190341506,-1.4339679306703121,58.22761771557331,-53.65253944343198,
16.40099999999706, -0.25025589872919285,-1.4513598197628634,58.348697963257464,-53.48410708031269,
16.433999999997102, -0.20086722685645042,-1.45515341444657,58.47495423446306,-53.328681966637625,
16.466999999997142, -0.1505547753529003,-1.4451424468036058,58.60632560038785,-53.19000788143068,
16.499999999997183, -0.09959732624391707,-1.4212273650520297,58.74254357155536,-53.07054527738346,
16.532999999997223, -0.04835639740365313,-1.3833892800945422,58.883655559581015,-52.971519245644224,
16.565999999997263, 0.0027294405382915017,-1.3316890256699165,59.030398019023025,-52.89327872688011,
16.598999999997304, 0.05315552028201253,-1.2662941637269358,59.184415352760794,-52.83584770229448,
16.631999999997344, 0.10236661187753071,-1.1875346971690137,59.34836618535205,-52.79955570261861,
16.664999999997384, 0.14977804706561684,-1.0959957093239943,59.52595633801983,-52.785598771557154,
16.697999999997425, 0.19480425089299985,-0.9926708190132841,59.72186658007059,-52.796131307591835,
16.730999999997465, 0.23689440044670884,-0.8792051629686309,59.94133045473014,-52.832688865650525,
16.763999999997505, 0.2755655172511533,-0.7581637658716349,60.18880941213261,-52.89046284422242,
16.796999999997546, 0.3104104542982326,-0.6329677396233531,60.465944245251144,-52.948115318627046,
16.829999999997586, 0.3410794943625469,-0.5072326424460113,60.77173499223315,-52.96348405558935,
16.862999999997626, 0.367269787746332,-0.38434135275781584,61.10554608154484,-52.88275439502602,
16.895999999997667, 0.38870718148872496,-0.2676435833426845,61.466003440457825,-52.64900581790354,
16.928999999997707, 0.4051015573114245,-0.1600774282068075,61.84245368879644,-52.206156273232644,
16.961999999997747, 0.41610436948676394,-0.0632078400663146,62.20600673238517,-51.50992358938134,
16.994999999997788, 0.42116585187757294,0.0225674888077184,62.5353509168352,-50.575467578375346,
17.027999999997828, 0.4197894885202912,0.10132937967285133,62.901209992084425,-49.64169873720282,
17.06099999999787, 0.4125688008311109,0.1865999842103239,63.35591037521384,-49.01239372808629,
17.09399999999791, 0.40060393769102953,0.29345478570473743,63.835755688857965,-48.74705042848274,
17.12699999999795, 0.3851963110346149,0.42999626419364173,64.27853147779894,-48.71872442108114,
17.15999999999799, 0.3676908538109085,0.5926214626673526,64.64583981307689,-48.73793331124062,
17.19299999999803, 0.3493879723324514,0.7691277910738215,64.92147601748725,-48.70202369513512,
17.22599999999807, 0.3314471841376116,0.9478623412333688,65.10884489917088,-48.60706236032418,
17.25899999999811, 0.31468230684874027,1.1217260958911637,65.21815273185379,-48.473496655051456,
17.29199999999815, 0.29948590610563874,1.2875951929024325,65.26091121981472,-48.31449280012661,
17.32499999999819, 0.28595504101035674,1.4448893182794684,65.24829146518618,-48.13510274990427,
17.35799999999823, 0.27407259179594307,1.594272813902459,65.1913592573616,-47.94031822722468,
17.39099999999827, 0.2638041516906186,1.7364857415786334,65.10285104238261,-47.743889030104626,
17.423999999998312, 0.25502876513201556,1.8713997542132974,64.99757270583045,-47.56841064513366,
17.456999999998352, 0.24740814810399658,1.9980161738594815,64.88864005412532,-47.432245874735145,
17.489999999998393, 0.24040908568704897,2.115286944880934,64.78393598522261,-47.339928305297825,
17.522999999998433, 0.2334432044238454,2.222657289557526,64.68641878348554,-47.28543586901755,
17.555999999998473, 0.2259794173645834,2.3200818525007256,64.59588603608759,-47.25903420853817,
17.588999999998514, 0.21759416650894164,2.4078409045927374,64.51034845570696,-47.25158619232291,
17.621999999998554, 0.20797965823209957,2.4863547998702136,64.42690574383856,-47.25630087606093,
17.654999999998594, 0.19693186128403595,2.556051037859862,64.34229283903483,-47.26911723249714,
17.687999999998635, 0.18433206556096562,2.6172807634709234,64.25319764252579,-47.28857707488507,
17.720999999998675, 0.17012849934381466,2.6702661884451087,64.15642058312065,-47.31561518380193,
17.753999999998715, 0.1543200186939197,2.7150633544724476,64.04893564790952,-47.353428454089695,
17.786999999998756, 0.13694191370230027,2.751533421474512,63.92790985485852,-47.40746039945556,
17.819999999998796, 0.11805334495000445,2.7793263339917016,63.79075097754871,-47.485488069757494,
17.852999999998836, 0.09772612454359834,2.797894563610387,63.635293106292174,-47.597767353534586,
17.885999999998877, 0.07603538887513925,2.8065726059610863,63.460309332316825,-47.757117813032856,
17.918999999998917, 0.05305449148993209,2.80476971614751,63.26664811759302,-47.978614992999034,
17.951999999998957, 0.028858813406536718,2.7922843419276804,63.05926323808971,-48.27816555600697,
17.984999999998998, 0.0035410792123668454,2.769582542717586,62.849722456726155,-48.669298650448475,
18.017999999999038, -0.022778009525818793,2.7376785181897683,62.657039420003066,-49.160092509624675,
18.05099999999908, -0.04999218139501718,2.6974881921264715,62.50360029038849,-49.756145476396725,
18.08399999999912, -0.07815338078578914,2.649135038990604,62.401905868699025,-50.460795621658875,
18.11699999999916, -0.10748108754186869,2.5920360138984426,62.32035845868527,-51.21149167879276,
18.1499999999992, -0.1376874349662435,2.526644087796511,62.19656473195403,-51.88580782875742,
18.18299999999924, -0.16815958191654118,2.454141359083605,62.01640925753672,-52.45477060212026,
18.21599999999928, -0.19851245497446154,2.375350455027808,61.79559377169136,-52.923586214957,
18.24899999999932, -0.22849088554165442,2.2911417818121853,61.5537004363941,-53.29182747410346,
18.28199999999936, -0.257831656920075,2.202495719772259,61.30612647880571,-53.55986356084439,
18.3149999999994, -0.28621161920917765,2.1101724307921623,61.06144475386939,-53.73242377358246,
18.34799999999944, -0.3132594430150136,2.01453903871062,60.82194555215321,-53.816863173718126,
18.38099999999948, -0.3385883423777622,1.915733141048075,60.58530913786986,-53.82051610293256,
18.413999999999522, -0.3618239576033362,1.8140436081391258,60.34612217380599,-53.74885636800658,
18.446999999999562, -0.38262247953560763,1.710416746354232,60.097427778975764,-53.606208917971934,
18.479999999999603, -0.40066974107967623,1.6068971531509706,59.834291113185785,-53.40528712357805,
18.512999999999643, -0.41563847214943545,1.50585465419471,59.559998738525124,-53.18762755463359,
18.545999999999683, -0.42716462498053026,1.407648145925102,59.282448415729164,-53.01506471204528,
18.578999999999724, -0.43489195567559774,1.3109626163077308,59.00153312043848,-52.93093008150802,
18.611999999999764, -0.43844966803135044,1.214930239075273,58.71078415342892,-52.96121959781953,
18.644999999999804, -0.4373970546638416,1.1192637603985887,58.40565445600879,-53.12996661092848,
18.677999999999845, -0.4312317361171477,1.0231398072653277,58.09063393464079,-53.460750021365655,
18.710999999999885, -0.41948457264938277,0.9242537712882183,57.785927598945925,-53.969954291578354,
18.743999999999925, -0.4017339918101213,0.819307295269607,57.528077237305624,-54.664010270956936,
18.776999999999965, -0.3771189628211226,0.7053730097800501,57.34776203428421,-55.54349342759753,
18.810000000000006, -0.3441384136900327,0.5799684852795023,57.190095797878215,-56.48509145848418,
18.843000000000046, -0.30307562253918824,0.4406711132089531,56.95057404983884,-57.24921767314834,
18.876000000000086, -0.25484249539129106,0.28468983122848834,56.64187624637456,-57.750436909479646,
18.909000000000127, -0.20022609859274754,0.1091835727261381,56.32212482500723,-57.95126007616612,
18.942000000000167, -0.1410169685993386,-0.08559881964028346,56.029039094121536,-57.85450784731179,
18.975000000000207, -0.08027621865145163,-0.2952600364770176,55.77489605296274,-57.51810771418072,
19.008000000000248, -0.02189531706355259,-0.5121468751218201,55.587091213514384,-57.10718735704913,
19.041000000000288, 0.031140128930894635,-0.7249269902496681,55.48666075383993,-56.79660987102151,
19.07400000000033, 0.07767554959898522,-0.9255580765479091,55.44732780347748,-56.61926314485141,
19.10700000000037, 0.1176987109589278,-1.1112844574113467,55.43632608004089,-56.55627415942176,
19.14000000000041, 0.15177579927804982,-1.2819401683317595,55.43262658680857,-56.58382732045702,
19.17300000000045, 0.18068851267125063,-1.4383542066328894,55.42595794865056,-56.67971835766851,
19.20600000000049, 0.20521586068019051,-1.5816322507360097,55.41277567976537,-56.82552344412565,
19.23900000000053, 0.22603958067523897,-1.712836097085767,55.3928958088412,-57.00701234926144,
19.27200000000057, 0.24372232839028612,-1.8328827561816503,55.36739928949273,-57.21331781434517,
19.30500000000061, 0.2587149235808185,-1.9425617116597056,55.33753485556511,-57.43579031141851,
19.33800000000065, 0.2713703904520119,-2.0426028739311617,55.30429440121533,-57.66721592750977,
19.37100000000069, 0.2819567838115056,-2.1337487860076054,55.26844467299175,-57.9016961364585,
19.40400000000073, 0.2906675477476105,-2.2167965948066817,55.23078307312855,-58.135013406577535,
19.437000000000772, 0.297631280482473,-2.2925969183087176,55.192340939807586,-58.364945990064484,
19.470000000000812, 0.3029229166347587,-2.362024854633928,55.15437936432266,-58.59115327381035,
19.503000000000853, 0.306576326759701,-2.4259479853957515,55.11822643534808,-58.81471044354874,
19.536000000000893, 0.30859682093717367,-2.4852054235657306,55.08508466410772,-59.03757566966318,
19.569000000000933, 0.3089721380551119,-2.5406000049366666,55.05589200841558,-59.26217635977894,
19.602000000000974, 0.30768128466622696,-2.592901520876009,55.03125900760274,-59.49115842994402,
19.635000000001014, 0.30470119380341226,-2.6428593375111094,55.01147726299838,-59.72726556749942,
19.668000000001054, 0.3000114496701844,-2.6912240192651984,54.99659685630601,-59.97327506100481,
19.701000000001095, 0.2935973957316256,-2.738777680844861,54.98659461170769,-60.2318604192086,
19.734000000001135, 0.28545194156239023,-2.786368322013656,54.98170003835312,-60.505139840815055,
19.767000000001175, 0.2755764433789685,-2.834925140968015,54.98297970734174,-60.793547946387775,
19.800000000001216, 0.2639813689679608,-2.88539051148419,54.99312680445105,-61.09397993813981,
19.833000000001256, 0.25068799147111015,-2.9384903511645497,55.016760607457314,-61.39887921092763,
19.866000000001296, 0.2357314400384034,-2.994438852344512,55.05913133467968,-61.699617858223114,
19.899000000001337, 0.219162056162258,-3.0529013306250774,55.124021357133,-61.99314922263068,
19.932000000001377, 0.20104178139916054,-3.1132484533154887,55.21345323807708,-62.285406732344065,
19.965000000001417, 0.18143565343025336,-3.1747210522836324,55.329527215725776,-62.59038416555184,
19.998000000001458, 0.1603934651178156,-3.236253547784228,55.47682530988313,-62.92922571249656,
20.031000000001498, 0.13789448261721265,-3.2959462626465252,55.663277440871724,-63.3267415936757,