0.03300000000000002, 0.4879688900061193,0.6304757695833481,-0.027240717446574192,-0.43150175491230514,
0.06600000000000004, 0.4821420882001028,0.6237533786102746,-0.009417441934625431,-0.4161514512703983,
0.09900000000000007, 0.47254045365156483,0.6124787311617499,0.019954570714942423,-0.38975374242922517,
0.1320000000000001, 0.4592686138815206,0.5965056205704894,0.06048947880267747,-0.35093742448694987,
0.16500000000000012, 0.4424704228495036,0.5756869203835492,0.11150713609850717,-0.29781319062293615,
0.19800000000000015, 0.42232530535779705,0.5499408407556421,0.17188339277639617,-0.22809439548912067,
0.23100000000000018, 0.39904193090460455,0.519341613905469,0.23987037558167465,-0.13939529786370333,
0.2640000000000002, 0.37284880604465315,0.48422226699855936,0.3129480073966384,-0.02979910791596594,
0.2970000000000002, 0.34398299942773686,0.4452545887181181,0.3878276559211829,0.10128765285524106,
0.33000000000000024, 0.3126807314611426,0.4034523800437593,0.4607421492324115,0.25218351371784153,
0.36300000000000027, 0.27917483439530655,0.36005712264510753,0.5280284568708812,0.41833513144875584,
0.3960000000000003, 0.24370149220871262,0.3163236506321043,0.5867569754152624,0.5925888453996516,
0.4290000000000003, 0.20651316717249768,0.27329052123631514,0.635030520453343,0.7664639606722901,
0.46200000000000035, 0.16789103889484358,0.2316353573371234,0.6717971173020393,0.9318899905972516,
0.4950000000000004, 0.12815158070953653,0.1916612634439441,0.696406112963827,1.0825120926033163,
0.5280000000000004, 0.08764604482659828,0.15338324670334516,0.7082582668415643,1.2140419871677002,
0.5610000000000004, 0.04675481553795409,0.11664813839163574,0.7066976883525199,1.3238160778653907,
0.5940000000000004, 0.0058792745677204205,0.08123888930706889,0.6910796552935957,1.4100368758037454,
0.6270000000000004, -0.03456696702336363,0.04694587177931931,0.6609009969980963,1.4710580620108993,
0.6600000000000005, -0.07416652215156225,0.013605930872658328,0.6159312771184267,1.5048600363451765,
0.6930000000000005, -0.11250598488118542,-0.01888578053168428,0.5563377865408258,1.5087408950865349,
0.7260000000000005, -0.14918295298151366,-0.05058694035581718,0.4828247640353563,1.4792152246744559,
0.7590000000000006, -0.18381255153905135,-0.08153791306608389,0.3968087161060389,1.4121191969749478,
0.7920000000000006, -0.2160338775121056,-0.11180261218700176,0.30062732394829766,1.3029271760629273,
0.8250000000000006, -0.2455166516499442,-0.14150583809678702,0.1977225493635129,1.1472676639361314,
0.8580000000000007, -0.2719676636149679,-0.1708474348598691,0.09264718221105515,0.9415887188785814,
0.8910000000000007, -0.29513572426950824,-0.20008104289995365,-0.009368103107170437,0.6839805480445537,
0.9240000000000007, -0.3148148866216695,-0.2294717198414855,-0.10367059853470029,0.375654310809701,
0.9570000000000007, -0.33085221586009184,-0.25927430398577106,-0.18866028804964619,0.02458722289688895,
0.9900000000000008, -0.3431739926625859,-0.28975347061502105,-0.26866596787523517,-0.34880016651831625,
1.0229999999999981, -0.35181891989384284,-0.32117623265671885,-0.3528037126687569,-0.7134289128202153,
1.0559999999999945, -0.35692448357470824,-0.3537219799742278,-0.4480143882688029,-1.0424859269320663,
1.0889999999999909, -0.35868051738427004,-0.38742472296459346,-0.5548817267639808,-1.3222760008157406,
1.1219999999999872, -0.3573095791743757,-0.4221901777206926,-0.6694964582366557,-1.5484755545430335,
1.1549999999999836, -0.35306564084665554,-0.45779961849842093,-0.7864652654465557,-1.7214707805009437,
1.18799999999998, -0.3462283727819216,-0.4938802284742504,-0.9007596120349279,-1.8443426959953744,
1.2209999999999763, -0.3370916797184313,-0.5298850173821094,-1.0085036355480332,-1.9219208168213988,
1.2539999999999727, -0.32595192277469026,-0.5651121905256986,-1.1070963161361005,-1.9600063109021135,
1.286999999999969, -0.3130987496395965,-0.5987583191184357,-1.1949935733309482,-1.9646993208443444,
1.3199999999999654, -0.298808782032558,-0.6299822572125976,-1.2713831342225679,-1.941924898638594,
1.3529999999999618, -0.2833417482453126,-0.6579604605528078,-1.3358829071785274,-1.8971712759538963,
1.3859999999999582, -0.26693894424768266,-0.6819255512038482,-1.388314760164369,-1.8353821265376085,
1.4189999999999545, -0.24982411527060816,-0.7011889782372125,-1.428561137689393,-1.7609288847553468,
1.4519999999999509, -0.23220672839776593,-0.7151530345622802,-1.4564905668626822,-1.677612542796828,
1.4849999999999473, -0.2142872688488313,-0.7233180430041083,-1.4719281423537038,-1.5886809620249374,
1.5179999999999436, -0.19626378368898365,-0.7252886714157738,-1.474645458249915,-1.4968735883264042,
1.55099999999994, -0.17833858671821318,-0.7207808045236277,-1.464351525455103,-1.404506446189997,
1.5839999999999363, -0.16072399036544271,-0.7096286703824677,-1.440678439823203,-1.3135915801866258,
1.6169999999999327, -0.14364616535801694,-0.6917913893899319,-1.4031662189479877,-1.2259640481304421,
1.649999999999929, -0.12734659742214832,-0.667358082211695,-1.3512566813447409,-1.143376827810708,
1.6829999999999254, -0.11208091247636,-0.6365501540759437,-1.2843086768666636,-1.0675157522916556,
1.7159999999999218, -0.09811490028993415,-0.5997176707185237,-1.2016516796437169,-0.9998724057693346,
1.7489999999999182, -0.08571714376482867,-0.5573234766959033,-1.102706324342345,-0.9413883600666795,
1.7819999999999145, -0.07514634403765115,-0.5099042785047626,-0.987217559359978,-0.8917680589249284,
1.814999999999911, -0.066628955080615,-0.45799613536411227,-0.8556475951737896,-0.8484267359606896,
1.8479999999999073, -0.06032075495346542,-0.4020247211007218,-0.7097031290888592,-0.8053472700400895,
1.8809999999999036, -0.05625066289091233,-0.3422030285849081,-0.5527773905198028,-0.7526943245837461,
1.9139999999999, -0.05426178869780583,-0.278527244314505,-0.38993368233454656,-0.6782464739844157,
1.9469999999998964, -0.05397940489393376,-0.2109303530334636,-0.2272845497823044,-0.5706074269482906,
1.9799999999998927, -0.05482359302702224,-0.1395279696808974,-0.0710529448812448,-0.42257387496085963,
2.0129999999998893, -0.05605740780667989,-0.06481617715365937,0.07340211657234162,-0.23310747576649699,
2.0459999999998857, -0.0568520842502923,0.012264456907112054,0.20258591341153762,-0.0077705680187167905,
2.078999999999882, -0.0563609622349511,0.09038845287785645,0.31576845622778565,0.24182354918416846,
2.1119999999998784, -0.05380632497971701,0.16797400987723263,0.4151832957002657,0.4997003952416207,
2.144999999999875, -0.04857462105176234,0.24335151088545165,0.5048739038210883,0.7490736283192487,
2.177999999999871, -0.0402824050406071,0.31495538107226206,0.5886759916244643,0.9766436806608412,
2.2109999999998675, -0.028777732870953292,0.3814745764357181,0.6688667974122228,1.1747471061885233,
2.243999999999864, -0.014093825259233386,0.44190476007388885,0.7461212692061593,1.340621500898747,
2.2769999999998602, 0.003605768362400897,0.4955223578351862,0.8201227001122139,1.4745627941977753,
2.3099999999998566, 0.02407123424763563,0.5418323771185811,0.8901385370017306,1.5784022324188165,
2.342999999999853, 0.04699840264349293,0.5805219785537845,0.9553518901634045,1.654587912524237,
2.3759999999998493, 0.07205140250513084,0.6114293162286686,1.0149935598299504,1.7056977186896098,
2.4089999999998457, 0.09887816377683158,0.6345268354338776,1.0683606930360432,1.734199010436725,
2.441999999999842, 0.12711987313265527,0.6499153785230688,1.1147844243366707,1.742345278853615,
2.4749999999998384, 0.1564151082857227,0.6578253834086336,1.1535827009330537,1.7321524239843284,
2.507999999999835, 0.1863994237446351,0.6586220287638943,1.1840180765006272,1.7054228404623006,
2.540999999999831, 0.21670145624097198,0.6528115970059373,1.2052717990439699,1.6637960406207608,
2.5739999999998275, 0.24693705123786752,0.641046369554648,1.2164413223645667,1.60880880263428,
2.606999999999824, 0.27670335558672343,0.6241250969805057,1.2165653177186104,1.5419507826901615,
2.6399999999998203, 0.30557507572616044,0.6029857349112456,1.2046763346764433,1.4647055910130338,
2.6729999999998166, 0.33310491728790237,0.5786870566622195,1.1798760745941619,1.3785724486270228,
2.705999999999813, 0.35882941956036957,0.552376308220694,1.1414234042817557,1.2850674333867496,
2.7389999999998094, 0.38228003495827456,0.525241406875908,1.088823724824779,1.185703380618171,
2.7719999999998057, 0.40299779160904986,0.4984479342976734,1.0219125995893543,1.081943710376128,
2.804999999999802, 0.42054889678726215,0.47306247288614794,0.9409363669706833,0.9751216416374924,
2.8379999999997985, 0.4345388005110356,0.449964197908399,0.8466431690974441,0.866318605360093,
2.870999999999795, 0.44462364463943826,0.42974770218982145,0.7403994621709465,0.7562108763880662,
2.903999999999791, 0.450519982372503,0.4126266622060133,0.6243251316798962,0.6449271267437384,
2.9369999999997876, 0.4520146970428633,0.3983649401035846,0.5013858884658796,0.5320066869667102,
2.969999999999784, 0.4489755820277998,0.38628174327542925,0.3753220840649124,0.4165689134816242,
3.0029999999997803, 0.4413593382474354,0.3753704958228328,0.2503144594259812,0.2977250494904941,
3.0359999999997767, 0.4292117294612405,0.36451217763347166,0.1304482199998678,0.1750835582351761,
3.068999999999773, 0.4126581789471266,0.35269350871103633,0.01921114567932525,0.049089225711129926,
3.1019999999997694, 0.39188915338544533,0.3391385650725365,-0.08076021877205079,-0.07894940650455684,
3.1349999999997658, 0.36714655539266416,0.32333054496557334,-0.16766303118715906,-0.2070726363496068,
3.167999999999762, 0.3387143239035357,0.30496078884460737,-0.24035919155987165,-0.33295071441737,
3.2009999999997585, 0.3069129121073099,0.28385329619806127,-0.2981818507090068,-0.4541031008529895,
3.233999999999755, 0.2720958384809996,0.25989560927264016,-0.3407870389556259,-0.5680026145063608,
3.266999999999751, 0.23464662314044601,0.23298921709129233,-0.36807136297739257,-0.6720624238655469,
3.2999999999997476, 0.19497502299928268,0.20302354050184399,-0.3801535338718945,-0.7635302303301625,
3.332999999999744, 0.1535120041886884,0.16987460328506213,-0.37741143787716663,-0.8393320248963209,
3.3659999999997403, 0.11070322323659836,0.13342868494674467,-0.3605687820490709,-0.8959256528902654,
3.3989999999997367, 0.06700098238434044,0.09363003400120117,-0.3308296876599489,-0.9292425997269204,
3.431999999999733, 0.022854802523641804,0.05054823364711887,-0.29005669204267404,-0.9348109980659896,
3.4649999999997294, -0.021298881352568803,0.004453052741027149,-0.24096315069884042,-0.9081499957612099,
3.4979999999997258, -0.06504666589698797,-0.044127331575167544,-0.1872359619824415,-0.8454732457649216,
3.530999999999722, -0.10800563932697112,-0.09439654505662594,-0.13344187316062495,-0.7446114232295183,
3.5639999999997185, -0.14982617320308086,-0.14534687034610402,-0.08456976365344933,-0.6059267284075031,
3.596999999999715, -0.1901895789673953,-0.19586426264504533,-0.04517798044640802,-0.4330322790168075,
3.6299999999997112, -0.2288024502430526,-0.24484304402988588,-0.018312484000143337,-0.2333501373522887,
3.6629999999997076, -0.2653896553420864,-0.29130535286540205,-0.004613565172258179,-0.01834765436663668,
3.695999999999704, -0.29968671952076065,-0.3345447195748265,-0.0023290405716466967,0.19768906132544953,
3.7289999999997003, -0.331434367142735,-0.3742300917858991,-0.008651964696986954,0.4011546056327164,
3.7619999999996967, -0.3603802959753266,-0.4103558223644147,-0.02142324206684898,0.5825821861865776,
3.794999999999693, -0.3862877338982419,-0.4430758918245469,-0.03981417146609264,0.7371981894760874,
3.8279999999996894, -0.4089448007724572,-0.47256175620457364,-0.06399099541574754,0.8632785846029223,
3.860999999999686, -0.4281710965607607,-0.49893673702579194,-0.09453348257464576,0.9603823145628104,
3.893999999999682, -0.4438216415836234,-0.5222622902559394,-0.13201385010397523,1.028275397175851,
3.9269999999996785, -0.45578922084402823,-0.5425470460992148,-0.1767558719853446,1.06644061673196,
3.959999999999675, -0.46400581200693325,-0.5597647420751668,-0.22869123525802493,1.0739276916577676,
3.9929999999996713, -0.46844335384489344,-0.5738758446849114,-0.2872475467450632,1.0493911232781452,
4.025999999999679, -0.4691138813274372,-0.5848493911702447,-0.3512383068835747,0.9912406128260012,
4.05899999999969, -0.4660690407534709,-0.5926801369569809,-0.41875776304071793,0.8978566448140274,
4.091999999999701, -0.4593992772942702,-0.5973948840444344,-0.48711143460983913,0.7678125108052112,
4.124999999999712, -0.44923360366002985,-0.5990442761953085,-0.5528324315042157,0.6000173093058161,
4.157999999999723, -0.4357416636124998,-0.5976840257079653,-0.6118415614898861,0.3937088146047586,
4.190999999999734, -0.41914036552598016,-0.5933589580653078,-0.6598310540268831,0.14840521670302265,
4.223999999999745, -0.3997064181256429,-0.5861051259230206,-0.693082945342583,-0.13548849489003414,
4.256999999999756, -0.37778773584442227,-0.5759667152491382,-0.71024556699031,-0.45360481313712103,
4.289999999999767, -0.3537784633388358,-0.5629789015292849,-0.7151258756721498,-0.7912144493812444,
4.322999999999778, -0.32802103724470577,-0.547078984155711,-0.7167764096190148,-1.122615126471473,
4.355999999999789, -0.30074107461727034,-0.5280784738152602,-0.7232122434460824,-1.4255606856870076,
4.3889999999998, -0.272117955110218,-0.5057703239946509,-0.736662549487187,-1.690916082790565,
4.421999999999811, -0.24236066773099335,-0.4800165248661816,-0.7550293561564427,-1.9177972586132832,
4.454999999999822, -0.21171831645720277,-0.45076893162480003,-0.7744950465530629,-2.1077153479620785,
4.4879999999998335, -0.18046455598038236,-0.41806523805599494,-0.7909347732855243,-2.262345750089456,
4.5209999999998445, -0.14888197209734041,-0.3820210717663277,-0.8005225465123466,-2.383029383520787,
4.5539999999998555, -0.11725123763849163,-0.3428251740153632,-0.7999787651063208,-2.4706579959991917,
4.5869999999998665, -0.08584401683890709,-0.300740405344189,-0.786654870086551,-2.5255464935925835,
4.6199999999998775, -0.05491790824635288,-0.25610879748030385,-0.758551582691545,-2.547257533297789,
4.652999999999889, -0.024712164252558125,-0.20935441429701215,-0.7143374469743193,-2.5344306621780777,
4.6859999999999, 0.004556471941685769,-0.16097549415746032,-0.6534208323230155,-2.48467327995847,
4.718999999999911, 0.03269801409873631,-0.11151839930058913,-0.5761183428817493,-2.394566345598324,
4.751999999999922, 0.05955343768669921,-0.06153152572758356,-0.4839488074634354,-2.2598405269880564,
4.784999999999933, 0.08499825039826486,-0.011509141760251917,-0.380046143250264,-2.0757665042416114,
4.817999999999944, 0.10894408065204349,0.038148292581488434,-0.2695961732947914,-1.8377071769778122,
4.850999999999955, 0.1313366191028945,0.087120473558035,-0.1600531172737275,-1.5415138051278716,
4.883999999999966, 0.1521505032880612,0.13507625717965038,-0.06074000765217393,-1.1831481186897632,
4.916999999999977, 0.17138859512902851,0.18150639826263038,0.018789794015138844,-0.7576175306685327,
4.949999999999988, 0.18910236726350205,0.22548033695102282,0.07370082629553906,-0.2627552070087801,
4.982999999999999, 0.20542294656856963,0.26558496796527176,0.11621780417399502,0.27594912140683536,
5.01600000000001, 0.22046170264133788,0.3010555303329288,0.1773265257412301,0.7921915318584859,
5.049000000000021, 0.2341766240638575,0.33257699283403097,0.2747419910973358,1.2417286439321205,
5.082000000000032, 0.2464837136226095,0.36113606910043,0.40465003100737157,1.6160032014123873,
5.115000000000043, 0.25733875685155905,0.3876231756780952,0.5551995483986338,1.9140412823989252,
5.148000000000054, 0.2667224651833553,0.41296829098611876,0.7136971721657516,2.1362500200115067,
5.181000000000065, 0.2746135064847141,0.4380104388326551,0.8697419651539259,2.286459339022919,
5.214000000000076, 0.28098072161842613,0.4632392557808096,1.016459367663784,2.372220635819075,
5.247000000000087, 0.2857927942436678,0.48869766293165795,1.1502203566517626,2.403144670440787,
5.280000000000098, 0.28903122490197447,0.5140777766174165,1.2696093071208456,2.389077543710102,
5.313000000000109, 0.2906977153725475,0.5388810686387584,1.3743775794019952,2.3390183614561955,
5.34600000000012, 0.2908153110810393,0.5625454450391448,1.4646893421218705,2.260773422949725,
5.379000000000131, 0.2894258362610191,0.5845145638615452,1.5406690825410159,2.161047865676764,
5.412000000000142, 0.2865860016759599,0.6042616394648127,1.602181739135655,2.045682663218502,
5.445000000000153, 0.28236379937840994,0.6212898785772799,1.6487909739765303,1.9198250293694943,
5.478000000000164, 0.2768363017260873,0.6351320413795903,1.6798482234844048,1.7879464387326325,
5.511000000000175, 0.27008948895050927,0.6453648679357961,1.694639705873507,1.6537853377231273,
5.544000000000186, 0.2622199903113308,0.651639549177523,1.6925048567562446,1.5203801840046396,
5.577000000000197, 0.2533380251506027,0.6537165183490149,1.6728791587043292,1.3902816865655643,
5.610000000000208, 0.24357084074795515,0.6514918090044324,1.63527491568119,1.265886204756879,
5.643000000000219, 0.23306641150310634,0.6450094163943875,1.5792398085860506,1.1497652017634334,
5.67600000000023, 0.22199765582059755,0.6344592971340259,1.5043223521438203,1.044887077473072,
5.709000000000241, 0.21056776365610516,0.6201597519266255,1.410059006514408,0.9546535850362833,
5.742000000000252, 0.19901733867684418,0.6025168820765006,1.2960077229051756,0.8826408446808516,
5.775000000000263, 0.1876332902066011,0.5819420965973883,1.1619081836416143,0.8318156830745794,
5.808000000000274, 0.17675511671336055,0.5586900636553228,1.0081627562014268,0.8028133718124911,
5.841000000000285, 0.16676093992297958,0.5325769332485812,0.8368942525180401,0.7909673828219305,
5.874000000000296, 0.1579983466579837,0.5026572368320652,0.653328977992425,0.7833782280553777,
5.907000000000307, 0.15065673911295788,0.4672299711346684,0.46592392606756156,0.7603326705033613,
5.940000000000318, 0.14468194985194024,0.4244598630029102,0.28411004213471475,0.7029589982026707,
5.973000000000329, 0.1398164802726541,0.3731256802825266,0.11587432778599036,0.6001996210399666,
6.00600000000034, 0.13568692825044204,0.3129019094329448,-0.032770216729328845,0.44961441839850635,
6.039000000000351, 0.1318483797971131,0.24425137056698845,-0.15748489378736963,0.2548576997418048,
6.072000000000362, 0.12778319962027518,0.16821981154702934,-0.2558022562992429,0.023654603812019136,
6.1050000000003735, 0.12288311900902125,0.08630595596965902,-0.32800961022757347,-0.23238542437252535,
6.1380000000003845, 0.11645032690795891,4.81074189674165E-4,-0.37804447656397033,-0.4970090593358575,
6.1710000000003955, 0.10776332197229206,-0.08677333421997357,-0.41288259438119795,-0.7510130973611393,
6.2040000000004065, 0.09620773817711065,-0.17271291031009028,-0.4397979320426625,-0.9779203188436496,
6.2370000000004175, 0.08138315488415182,-0.2548085802298383,-0.46386007517743905,-1.1683831113151926,
6.270000000000429, 0.06312365958994938,-0.3310536586795262,-0.487650109934845,-1.3195460649851225,
6.30300000000044, 0.041461851031097736,-0.39999021976293103,-0.5122168380075263,-1.4321931211083796,
6.336000000000451, 0.0165788099865273,-0.4606103571741238,-0.5379453566216028,-1.5085448265922425,
6.369000000000462, -0.011242665918351312,-0.5122497023428328,-0.5650241500279652,-1.551107442465914,
6.402000000000473, -0.041657191865923954,-0.5545083164435203,-0.5936395684942112,-1.562154986137716,
6.435000000000484, -0.07428718649356357,-0.5872007316257689,-0.6240338751911624,-1.5435218219103544,
6.468000000000495, -0.10874424611489572,-0.6103304796908382,-0.6564901364542516,-1.4965708279389889,
6.501000000000506, -0.14464134474955395,-0.6240860006863467,-0.6912497272114372,-1.4223284966699896,
6.534000000000517, -0.1815950619282625,-0.628857770777067,-0.7283270364455562,-1.321874659325235,
6.567000000000528, -0.21921545975479584,-0.625276915840557,-0.7671656351155632,-1.1971417511177196,
6.600000000000539, -0.2570800884465287,-0.6142653010089787,-0.8061434544552497,-1.052166097194273,
6.63300000000055, -0.2946944382712636,-0.5970564246318685,-0.8422001619684487,-0.8942113593459828,
6.666000000000561, -0.3314612221066552,-0.5751219717774957,-0.8711726821180006,-0.7333266443107498,
6.699000000000572, -0.36669340798011896,-0.5500022619990186,-0.8890053230858335,-0.5797495723678825,
6.732000000000583, -0.39967144422914763,-0.5231505528006377,-0.8929219092456803,-0.44123609770695943,
6.765000000000594, -0.4297041333777191,-0.49586970477066944,-0.8817067761152209,-0.32244293031566884,
6.798000000000605, -0.4561663745925051,-0.4693049515739945,-0.8553196020749594,-0.22585628155857887,
6.831000000000616, -0.4785163991531698,-0.44444058081557947,-0.814404992076396,-0.15287114693221535,
6.864000000000627, -0.49630146632223227,-0.42208883840410416,-0.7599397966098672,-0.10442632980011303,
6.897000000000638, -0.5091569189704916,-0.40287647717106684,-0.6930391127450919,-0.0811927869006298,
6.930000000000649, -0.5168014441478785,-0.38722893971206906,-0.6149142445385182,-0.08339995926175099,
6.96300000000066, -0.5190318971261947,-0.3753427838296844,-0.5270129040225283,-0.11028675729810825,
6.996000000000671, -0.5157225878565195,-0.36713553550963685,-0.4313804526006103,-0.15912134487005442,
7.029000000000682, -0.5068344899236016,-0.3621851167973327,-0.331145374827449,-0.2240368417423709,
7.062000000000693, -0.4924338338345005,-0.3597260773454441,-0.23068904682626074,-0.2957476098782988,
7.095000000000704, -0.4727049555288558,-0.3587820800930401,-0.13497830538003364,-0.3634134012185394,
7.128000000000715, -0.4479400913979549,-0.35837885524270047,-0.048389955128111374,-0.4178191127563435,
7.161000000000726, -0.41851329779205954,-0.3576682711451388,0.025941373658598568,-0.4532303920146742,
7.194000000000737, -0.384859284930898,-0.35591075032199576,0.08596710799473772,-0.4670851283283825,
7.227000000000748, -0.3474636333607354,-0.3523977806102164,0.13028480077406807,-0.45877148744958374,
7.260000000000759, -0.3068586803856222,-0.3463853454216844,0.15782021628047715,-0.4285622122280657,
7.29300000000077, -0.2636197754307757,-0.33705785153458606,0.1677025575867231,-0.3769900005873993,
7.326000000000781, -0.2183603726104597,-0.3235225502727733,0.1592951953009975,-0.3046710940849559,
7.359000000000792, -0.1717264035020918,-0.3048398043617851,0.13238967832232856,-0.21265907701032996,
7.392000000000803, -0.12438926717746984,-0.2801132109804812,0.0876531262969428,-0.10354013197368228,
7.425000000000814, -0.0770312434054316,-0.24868054408703016,0.027385931004296378,0.016730550984336214,
7.458000000000825, -0.030310832619476185,-0.21039695977009942,-0.043786441501753,0.13743666077418967,
7.491000000000836, 0.015192320551963982,-0.16582606199483954,-0.11927044067011056,0.2446440494926551,
7.524000000000847, 0.05901909460656991,-0.1161007707695351,-0.19215802644472937,0.3258343870722557,
7.557000000000858, 0.10082846108257976,-0.06255631081031585,-0.2567030980166067,0.37352836629668856,
7.590000000000869, 0.14036759221257133,-0.006449996683762061,-0.3085959825925703,0.38543957986917865,
7.62300000000088, 0.1774432753277716,0.05113092820145364,-0.3445874532847593,0.36273622205652095,
7.656000000000891, 0.21190344583566958,0.1092428980723225,-0.36214245402360673,0.30826244068013836,
7.6890000000009024, 0.24362700814036084,0.167007539708427,-0.359289722943434,0.22536688101811,
7.7220000000009135, 0.27251934427541946,0.22352090456624904,-0.3346444160137911,0.11750558598318503,
7.7550000000009245, 0.2985115815818635,0.27778895310663254,-0.2876386300235563,-0.011186106479275065,
7.7880000000009355, 0.3215618278320023,0.3287472918170641,-0.21903292300404492,-0.1542248694422509,
7.8210000000009465, 0.3416550572570209,0.37543039163163167,-0.13149269492033863,-0.300839939477334,
7.8540000000009575, 0.35879646419761035,0.41724079309753853,-0.029391090948188356,-0.43627459496462034,
7.887000000000969, 0.3729995186994105,0.45407098511205823,0.08261027927352725,-0.5455061057099596,
7.92000000000098, 0.3842802528508308,0.48615649105918196,0.20088819011759745,-0.6168640290878016,
7.953000000000991, 0.39266201389708855,0.5138733658779214,0.3228407084184717,-0.6426270385755619,
7.986000000001002, 0.3981821008363621,0.5376507502032591,0.4460246218864314,-0.6180906208991608,
8.019000000000995, 0.40089348749113396,0.557955853325261,0.5673646237574058,-0.540987808136966,
8.052000000000977, 0.400862611934777,0.5752647815568288,0.6828323978692252,-0.41140407891842373,
8.085000000000958, 0.39816896615710706,0.5899986174819676,0.7876287020983554,-0.2315690644367498,
8.11800000000094, 0.3929123060324185,0.6024705966533281,0.876732596718993,-0.005165308921719611,
8.151000000000922, 0.38522936327131757,0.6128998338005883,0.9456810721866433,0.26347119565874666,
8.184000000000903, 0.3753158375848625,0.6214895081554084,0.9917083753627167,0.5689589297905866,
8.217000000000885, 0.3634354367149356,0.6284618489995164,1.0156930364030525,0.9014654274244883,
8.250000000000867, 0.3498716826250194,0.6338601360120556,1.0241126373035985,1.2421541513528873,
8.283000000000849, 0.3348242459205706,0.6372322121655216,1.0268201063514515,1.5678999547843047,
8.31600000000083, 0.3183884848299839,0.6377465667983483,1.0308048985423588,1.8641441599276671,
8.349000000000812, 0.3006410410091917,0.6346016291026837,1.03790281522339,2.127448108190833,
8.382000000000794, 0.2816975093119822,0.6272055982530422,1.0467856061016856,2.359538303672723,
8.415000000000775, 0.2617175003639171,0.6151625552576402,1.0549207200959216,2.5630660589092735,
8.448000000000757, 0.2408933819766153,0.5982293341527621,1.0594932921240008,2.7401787883264213,
8.481000000000739, 0.2194392793747334,0.5762902160953253,1.057752290198646,2.8922497462045684,
8.51400000000072, 0.19758266817222406,0.5493487257035661,1.047126392281525,3.0198978683012934,
8.547000000000702, 0.17555761788455712,0.5175298683912031,1.0252560332232192,3.1230357329796865,
8.580000000000684, 0.15359858708161572,0.48108682797557534,0.9900038033142805,3.2009014272872696,
8.613000000000666, 0.1319339869169654,0.44040574406105565,0.9394765579191355,3.2520898974302694,
8.646000000000647, 0.1107789889064083,0.39600036263603966,0.8720819542971712,3.2746056791598512,
8.679000000000629, 0.09032713587309094,0.34848613274082024,0.7866367587917064,3.265944697462026,
8.71200000000061, 0.07074016418357076,0.2985226615255755,0.6825408857747844,3.2231899807594937,
8.745000000000593, 0.052135163092119526,0.24671795165634627,0.560027716154387,3.143086861322338,
8.778000000000574, 0.03456839570676609,0.19350351022554838,0.4204902323090288,3.0220693790828297,
8.811000000000556, 0.01801726206270823,0.13902225739581306,0.2668496207072758,2.856275636107761,
8.844000000000538, 0.002367500680380514,0.08311348896405407,0.10388101800506902,2.6417467523862443,
8.87700000000052, -0.012580670705246036,0.02548320620102701,-0.061597964903145945,2.375180824484056,
8.910000000000501, -0.027076905787339303,-0.03396140525045645,-0.2206881630862765,2.0554181312975275,
8.943000000000483, -0.04136734646770244,-0.09483065400083267,-0.3625557731844146,1.6846901727054193,
8.976000000000464, -0.05566056464455902,-0.1562916427276427,-0.47507052629522095,1.2672163263339473,
9.009000000000446, -0.07014638443031644,-0.21744262103996184,-0.546000695409827,0.8034935493925428,
9.042000000000428, -0.08509156136251993,-0.2777636319988406,-0.5640732929818746,0.2823266205701389,
9.07500000000041, -0.10109155152161091,-0.33718262011437444,-0.5239308916098981,-0.314733573628747,
9.108000000000391, -0.11914007790348732,-0.39422956121508845,-0.45574367243093095,-0.9436740851003546,
9.141000000000373, -0.1391864655979593,-0.44544655659566934,-0.4182394723836642,-1.5069494417845897,
9.174000000000355, -0.16027000124648308,-0.4896618550829535,-0.4267784385433884,-2.002933617359874,
9.207000000000336, -0.1817173901289561,-0.5270722706103456,-0.474629819406236,-2.461768431634593,
9.240000000000318, -0.2030973962118384,-0.5579436261219852,-0.5532555056855469,-2.9027421526164114,
9.2730000000003, -0.2240760660751084,-0.5824759031506873,-0.6536773653728344,-3.335921908994329,
9.306000000000282, -0.24435798415532484,-0.6008395522909916,-0.7660185099933214,-3.766397120092566,
9.339000000000263, -0.26366130183773107,-0.6131928036531159,-0.8795190425244148,-4.196431190548488,
9.372000000000245, -0.2817206955416562,-0.6196823254726563,-0.9828819867801671,-4.626127346638905,
9.405000000000227, -0.2983118531047558,-0.6205134872797078,-1.0651287209221092,-5.054957178461234,
9.438000000000208, -0.3132690220607567,-0.6161050252559609,-1.1167237964635708,-5.4852046864230335,
9.47100000000019, -0.3264904800787758,-0.6072542169913855,-1.1298058724358666,-5.925801466563181,
9.504000000000172, -0.33796732507369076,-0.5953624924830738,-1.0969216962286772,-6.3956265188616825,
9.537000000000154, -0.34789665984933066,-0.5828873500991972,-1.010993146482251,-6.921294482680598,
9.570000000000135, -0.35675881114497277,-0.5728022091841706,-0.8829860548001327,-7.4911903043317745,
9.603000000000117, -0.36451528137072425,-0.5641780403882277,-0.7604796945072645,-8.015156138146924,
9.636000000000099, -0.37039450457611556,-0.5539077878968169,-0.6683539128789062,-8.46641340095676,
9.66900000000008, -0.373847802757072,-0.5409203831694239,-0.6036815115186719,-8.874085844245334,
9.702000000000062, -0.3745838178544979,-0.52519255506921,-0.5604259256296993,-9.26382977579954,
9.735000000000044, -0.3724243773828565,-0.5069743949457811,-0.5326291276002502,-9.651080296698865,
9.768000000000026, -0.36726718080872,-0.4865546013786854,-0.5122117416196679,-10.040503752669554,
9.801000000000007, -0.3591001174336668,-0.4641690524353615,-0.4886349975517985,-10.429029048372009,
9.833999999999989, -0.3479940974978798,-0.4400035739340819,-0.452275395243088,-10.817236624887551,
9.86699999999997, -0.3340651584961868,-0.4141964503779391,-0.39604644693332947,-11.216789874775543,
9.899999999999952, -0.31746345214429345,-0.3867141871811049,-0.3132245223343115,-11.65062599316343,
9.932999999999934, -0.298402355869702,-0.35685592910541164,-0.1963703577627251,-12.15254762822169,
9.965999999999916, -0.27717817683975315,-0.3218269989235552,-0.0529861233754966,-12.733045433300367,
9.998999999999898, -0.25392375104513365,-0.27856118366076865,0.0654623959687251,-13.29633026287819,
10.03199999999988, -0.22852880173116452,-0.22947635601496874,0.12834513579544532,-13.78330550094064,
10.064999999999861, -0.20099095405269518,-0.17782384038091828,0.1427689732973937,-14.217705889331691,
10.097999999999843, -0.17140783100980245,-0.12540970163892867,0.11976977648746691,-14.622460037616051,
10.130999999999824, -0.13992038942543425,-0.07329102795974278,0.06959423385593785,-15.009168557180217,
10.163999999999806, -0.10669786271712624,-0.022244688936722396,0.002442247847636436,-15.383849584582514,
10.196999999999788, -0.07194100294300329,0.027011264062160638,-0.07170178706923705,-15.751805139287505,
10.22999999999977, -0.03589614101759346,0.07382671264831069,-0.14337697695058324,-16.119084511869307,
10.262999999999751, 0.0011388499779136439,0.1177567775377671,-0.20339668916798484,-16.490815584375436,
10.295999999999733, 0.03883027337865676,0.15854820323108565,-0.2426516118991438,-16.870554804917617,
10.328999999999715, 0.07683286490002447,0.19591110847840323,-0.2524286811908256,-17.263266605894664,
10.361999999999696, 0.11481003009528956,0.22922455310069298,-0.2243462722899926,-17.680304951520817,
10.394999999999678, 0.15246398312113188,0.2571243229939109,-0.14909141248450353,-18.144365382865793,
10.42799999999966, 0.1896020462352069,0.2768733989864391,-0.018951703682584486,-18.682235211998325,
10.460999999999641, 0.22603335000706296,0.28661962979007416,0.14164146142896777,-19.247929219082412,
10.493999999999623, 0.26106430721861346,0.2909049100711564,0.27907937004299826,-19.736279678054448,
10.526999999999605, 0.29389960615585947,0.2941000498583038,0.3822301995728474,-20.147008418133456,
10.559999999999587, 0.32398797400186463,0.2977345468027853,0.4586961400082748,-20.5129303922549,
10.592999999999568, 0.35091478175463,0.30238364652652033,0.5150413056741713,-20.85691851240025,
10.62599999999955, 0.3743505047467217,0.3082821104138499,0.5565001635734614,-21.192734305114175,
10.658999999999532, 0.3940336845993576,0.3155098532031209,0.5886491279343817,-21.52693961770476,
10.691999999999513, 0.40975465156642177,0.3241627805758796,0.6177167670134301,-21.86144934500651,
10.724999999999495, 0.4213449180768572,0.3344528121174748,0.6494017154579178,-22.198585720001443,
10.757999999999477, 0.4286808291740865,0.34668436921952567,0.6882511547535449,-22.544664733630373,
10.790999999999459, 0.4316909681946583,0.3612636380458223,0.7382685003133215,-22.910745492351015,
10.82399999999944, 0.43036029044382257,0.37890559164209525,0.8034157923727044,-23.312906993126962,
10.856999999999422, 0.4247433908337529,0.4011934952450152,0.8852911605050967,-23.768870005459462,
10.889999999999404, 0.4150311584592043,0.4308941047874316,0.9714003501427464,-24.271504895007766,
10.922999999999385, 0.4016256926533688,0.46876813563508196,1.029149283456165,-24.762730931601684,
10.955999999999367, 0.38499499369290485,0.5112937117181527,1.0395195505456873,-25.20449341894671,
10.988999999999349, 0.36558691123814113,0.5547720443773568,1.0047980981885247,-25.59994538972293,
11.02199999999933, 0.3438867062052194,0.5967747166319073,0.9332851533607064,-25.956071283832745,
11.054999999999312, 0.32043732376712536,0.6354748923795828,0.834662497925262,-26.27389065986575,
11.087999999999294, 0.29581512146227373,0.6690964024186152,0.7191390818135586,-26.5513510949724,
11.120999999999276, 0.2705638712258981,0.6957456037496316,0.5964088667338201,-26.787244703820402,
11.153999999999257, 0.24512026486013885,0.7136090020382339,0.47447287373926855,-26.983073905614148,
11.186999999999239, 0.21979068300217605,0.7212624417179718,0.3590360087283073,-27.142566306891812,
11.21999999999922, 0.1947913859308512,0.7178056467861584,0.2537301218702541,-27.2702206673469,
11.252999999999203, 0.17030980579682226,0.7027911992380037,0.16079854681679365,-27.370160602693446,
11.285999999999184, 0.14654898011459214,0.6760770830632026,0.08177878593773656,-27.445585735440105,
11.318999999999166, 0.12374589920246351,0.6376988634642791,0.01797262694509549,-27.498570996168333,
11.351999999999148, 0.10216930423797001,0.5877880715672784,-0.029307540380630426,-27.52993977177201,
11.38499999999913, 0.08210299896263995,0.5265359310015204,-0.058677349170828265,-27.539053583911805,
11.417999999999111, 0.0638160735222871,0.4542088030272818,-0.0688018947363354,-27.523459852199412,
11.450999999999093, 0.047515338679049376,0.37124632058263374,-0.05877710316710648,-27.478439071801105,
11.483999999999075, 0.0332700170002837,0.2784970485385704,-0.028943478447755182,-27.39669394471092,
11.516999999999056, 0.020905831400464456,0.17760919874981565,0.01770947048644579,-27.268835361584244,
11.549999999999038, 0.009911785143644568,0.07137377278996765,0.07387727349386919,-27.085648256845523,
11.58299999999902, -5.275550224803245E-4,-0.036473773649048344,0.12738403905326914,-26.84189421886282,
11.615999999999001, -0.011324256008882861,-0.1421008740741161,0.16304355215535402,-26.538011580829778,
11.648999999998983, -0.023275859477150756,-0.24216360796816389,0.16577495125736816,-26.17584224040087,
11.681999999998965, -0.037049775054999665,-0.33333221576138483,0.12275379997230831,-25.75147662987402,
11.714999999998946, -0.05338082015985901,-0.41109074439817195,0.02796477712221529,-25.261517093858547,
11.747999999998928, -0.07301977048399831,-0.47102760416479766,-0.09877441024165289,-24.75143596579585,
11.78099999999891, -0.09567361385217808,-0.5147267504240945,-0.21846222064057477,-24.297942783716334,
11.813999999998892, -0.12029641533811979,-0.5464741448741741,-0.3183556849811849,-23.910155190572425,
11.846999999998873, -0.14609177309187718,-0.5686032649625654,-0.40225904571211163,-23.567043855470097,
11.879999999998855, -0.17251679852340593,-0.5822219612214531,-0.47529575661841283,-23.25147650684517,
11.912999999998837, -0.1991440287304714,-0.5880340022851513,-0.5415005035665738,-22.952095117286202,
11.945999999998818, -0.22559826624360393,-0.586651276845644,-0.6040219872425358,-22.660814972955404,
11.9789999999988, -0.25152678138692963,-0.5787226649612776,-0.665411912822526,-22.37077402444848,
12.011999999998782, -0.27658032669009247,-0.5650020921605197,-0.7279131662069704,-22.075032641036696,
12.044999999998764, -0.3004047216851004,-0.5463908091363375,-0.7938898563263507,-21.765900380977218,
12.077999999998745, -0.32264469157892095,-0.5239980576885989,-0.8662406877976425,-21.43408947841801,
12.110999999998727, -0.3429551974673805,-0.4993089682105882,-0.9485322294433388,-21.067254060340936,
12.143999999998709, -0.36101534989949646,-0.4746424563964902,-1.0438927849798032,-20.649804963727043,
12.17699999999869, -0.376524944062699,-0.4539354085517568,-1.1482336902252235,-20.17540530587215,
12.209999999998672, -0.389143723575879,-0.4413510325649853,-1.2375241903347087,-19.68126713297526,
12.242999999998654, -0.39850979077995086,-0.43636811812546544,-1.2844971544928374,-19.219099895005414,
12.275999999998636, -0.40438618662309694,-0.4357029786848468,-1.2829743173600288,-18.795348734944067,
12.308999999998617, -0.40666302033779655,-0.4372526883655011,-1.2365445989741406,-18.3986165413407,
12.341999999998599, -0.4053110162505401,-0.4402423479028051,-1.1503934204541206,-18.022752640979853,
12.37499999999858, -0.400367392152436,-0.4446811164879375,-1.030649913681823,-17.669252380531116,
12.407999999998562, -0.3919421838298397,-0.450878941748779,-0.8844630119209659,-17.34466913095241,
12.440999999998544, -0.38023417460627457,-0.45882776282552196,-0.7197613676992975,-17.05711844385304,
12.473999999998526, -0.36553812838133626,-0.46754319763187746,-0.5452083832872374,-16.813248770277212,
12.506999999998508, -0.34821379714513895,-0.47487749538374124,-0.37004729440777484,-16.61653032048558,
12.53999999999849, -0.3286146303690407,-0.4781808141500939,-0.20295743689667875,-16.466998908828714,
12.572999999998471, -0.30703076507670213,-0.4753051703024341,-0.050481880290033934,-16.36206616319096,
12.605999999998453, -0.28368946194759864,-0.46509614603881433,0.0835022958348946,-16.297714041113085,
12.638999999998434, -0.258789418536065,-0.4472578530215443,0.19716844486835067,-16.26948101314769,
12.671999999998416, -0.23252979896161025,-0.4220007192101365,0.28986380299014697,-16.273100068392328,
12.704999999998398, -0.2051216175596959,-0.38975194033999316,0.36149731015974357,-16.304939834895244,
12.73799999999838, -0.17678628883107678,-0.3509848362344114,0.4122405870804069,-16.36238544483439,
12.770999999998361, -0.14774800745493702,-0.3061399102600238,0.4424567792096573,-16.444195375158426,
12.803999999998343, -0.11822376337435397,-0.2556060683663708,0.45279854499579936,-16.550813373057995,
12.836999999998325, -0.08841218447734832,-0.19974448008528378,0.44446136146295007,-16.684594994495583,
12.869999999998306, -0.05848098155142328,-0.13894897995995603,0.4196021184042674,-16.849889826151024,
12.902999999998288, -0.02855277960373416,-0.07373751296317968,0.3819101203647017,-17.05289624053988,
12.93599999999827, 0.0013094104591586894,-0.004854124391679031,0.33719384859973023,-17.301217317695407,
12.968999999998251, 0.031114998481905305,0.06665737242348173,0.29355885087021205,-17.603076366147103,
13.001999999998233, 0.06096065843224975,0.13941756341507358,0.2602123717584303,-17.965434352769297,
13.034999999998215, 0.09105665156382405,0.21161299767048208,0.24279381120200919,-18.386094792777065,
13.067999999998197, 0.12168966269252442,0.2808708812023699,0.2343932781512812,-18.834130712929902,
13.100999999998178, 0.15294424313874402,0.34489545615577827,0.21784419748639783,-19.25584143252183,
13.13399999999816, 0.1845518627079336,0.4024231190526001,0.18517453337545495,-19.62288546697588,
13.166999999998142, 0.21611258360315982,0.4529649001299016,0.14007483826021236,-19.935485653438636,
13.199999999998123, 0.24722712767256466,0.4963294034315572,0.08955148619061974,-20.201516964363474,
13.232999999998105, 0.277507386221891,0.5324952577165092,0.039953324802360114,-20.428781869142977,
13.265999999998087, 0.30657348730597495,0.5615934530766534,-0.003928086575401495,-20.623879887548057,
13.298999999998069, 0.3340577055479178,0.5838804109463137,-0.038770478721983616,-20.792181338874986,
13.33199999999805, 0.35961106741525994,0.5996919954751944,-0.06236928514888759,-20.937856336967258,
13.364999999998032, 0.38290908483032554,0.6093927732138393,-0.07327701556518217,-21.06390803553925,
13.397999999998014, 0.40365571479031764,0.6133319056841207,-0.07052017552952657,-21.172242038191104,
13.430999999997995, 0.42158582516747445,0.6118112587360014,-0.05341032325726351,-21.263782835841294,
13.463999999997977, 0.4364664765355536,0.6050694809286613,-0.021444962574101237,-21.33864510982135,
13.496999999997959, 0.44809687476680726,0.5932881054812884,0.02570209626653129,-21.39637732702771,
13.52999999999794, 0.4563063126257025,0.5766304590382474,0.08808727443045654,-21.436304522077332,
13.562999999997922, 0.46094913159132356,0.5553278282993557,0.16527442900182412,-21.45799661061718,
13.595999999997904, 0.46189637411405776,0.529820957275373,0.2559679015622008,-21.46185885421311,
13.628999999997886, 0.45902657273838104,0.5009307581228919,0.3575697071085822,-21.449742936253674,
13.661999999997867, 0.45222321517854375,0.46996106710387847,0.4659143381184735,-21.42529355986367,
13.69499999999785, 0.4413885501819995,0.43858958661540726,0.5755651531762266,-21.393638072533378,
13.72799999999783, 0.42647336926510493,0.4085146832845287,0.680766367799735,-21.360341583993442,
13.760999999997813, 0.40750606234239933,0.38105754210968384,0.7765208266257502,-21.330188409956946,
13.793999999997794, 0.38460455804377125,0.3569647138149247,0.8591359093061304,-21.306501401181304,
13.826999999997776, 0.35797189283613207,0.33644784424392077,0.9261428722744067,-21.29116100752602,
13.859999999997758, 0.32788611066115964,0.3193357082982499,0.9759326796419538,-21.285015590105065,
13.89299999999774, 0.2946917760268909,0.3052272421266987,1.0074107377452504,-21.288365751003152,
13.925999999997721, 0.2587943600646877,0.2936051856144887,1.0197762504538344,-21.301376611555572,
13.958999999997703, 0.2206560814898212,0.2839107178003792,1.0124177585661454,-21.324384112962907,
13.991999999997685, 0.18079177125787121,0.27558805047143886,0.984889348305346,-21.358096229768694,
14.024999999997666, 0.1397641909369973,0.2681030944975558,0.9369414031711395,-21.403692954266596,
14.057999999997648, 0.09817887165515028,0.2609332330339987,0.8685975460237552,-21.462828416503683,
14.09099999999763, 0.05667826864514013,0.25352094675455744,0.7802854094981149,-21.537543100903385,
14.123999999997611, 0.015933330202125038,0.2451870037529264,0.6730346565349298,-21.63010439932438,
14.156999999997593, -0.023372474214105293,0.23501610862181124,0.5487345103171297,-21.74281046054046,
14.189999999997575, -0.0605739320078807,0.2217646146334631,0.4103753644539504,-21.87781668426387,
14.222999999997556, -0.09507301835929131,0.2038799236621811,0.26210746820872205,-22.037062313960753,
14.255999999997538, -0.12639499674720975,0.17970692199153737,0.108960512277706,-22.222336437965428,
14.28899999999752, -0.1542261535147178,0.14784341938419004,-0.04369194493658576,-22.43538719109031,
14.321999999997502, -0.1784143384931386,0.1074796664147512,-0.19054692360691672,-22.677839434589455,
14.354999999997483, -0.19893938983655293,0.058563293129949796,-0.32633614360271346,-22.950761909009746,
14.387999999997465, -0.21587581175401388,0.0017451611421110322,-0.4454122488872329,-23.254127041538705,
14.420999999997447, -0.22936457315192046,-0.06184999144992835,-0.5413856781322115,-23.58696495507349,
14.453999999997428, -0.2396014515016732,-0.13094151560246253,-0.6071802048587236,-23.94918957519651,
14.48699999999741, -0.24684535167367422,-0.20439284535654498,-0.6353046063229925,-24.34542127434583,
14.519999999997392, -0.251456778949053,-0.28141966355501274,-0.6177426718903387,-24.790007856972206,
14.552999999997374, -0.25403279726903916,-0.3614794713058277,-0.5478442683703223,-25.30623602062724,
14.585999999997355, -0.2556924273060342,-0.44223456616209916,-0.44216153865767116,-25.876304898619924,
14.618999999997337, -0.25741777830727386,-0.5178725922616716,-0.35627792116136636,-26.40009031446073,
14.651999999997319, -0.259115812221226,-0.5854921610417102,-0.31475545552529594,-26.849601465217074,
14.6849999999973, -0.260500529410691,-0.6450023150338516,-0.31276046341870106,-27.252921668176008,
14.717999999997282, -0.26140967532432713,-0.6965582776139994,-0.34310114910884304,-27.63242861372048,
14.750999999997264, -0.26174176904710894,-0.7401816909662545,-0.39947459591106094,-28.000580251964813,
14.783999999997246, -0.26142571930562936,-0.7757818724421937,-0.47562679786461426,-28.36360732121571,
14.816999999997227, -0.260416875011529,-0.803197564896445,-0.5649554442222345,-28.72440550627922,
14.849999999997209, -0.2586961094367422,-0.822254085245823,-0.6606252136102178,-29.084592801290867,
14.88299999999719, -0.2562658519677427,-0.8328187572993938,-0.755791392554262,-29.445647046794342,
14.915999999997172, -0.2531507078327049,-0.8348220072799416,-0.843726209378593,-29.809295158642144,
14.948999999997154, -0.2494095857801619,-0.8282510410650074,-0.9179148208165644,-30.177930646194245,
14.981999999997136, -0.2451561259367172,-0.8131548278480628,-0.9721233779766908,-30.555687978724137,
15.014999999997118, -0.2405857563903235,-0.7896819268773146,-1.0002383284057363,-30.950228279332016,
15.0479999999971, -0.23602828413981128,-0.7581535577892702,-0.9957927538242546,-31.374967145509718,
15.080999999997081, -0.23207589857111482,-0.719167247996817,-0.9524984094863926,-31.848699472227437,
15.113999999997063, -0.22969158928335331,-0.6735360098995151,-0.8737758242921106,-32.37249020430597,
15.146999999997044, -0.22935714131401716,-0.6216231103117692,-0.7905676001641961,-32.884723670540815,
15.179999999997026, -0.23019345317252365,-0.5635139218439934,-0.7308579952750772,-33.3338705071791,
15.212999999997008, -0.23122782817747045,-0.49987362983253364,-0.6954943714926374,-33.72656699409685,
15.24599999999699, -0.23185341230980958,-0.43178668351066374,-0.676417265197338,-34.07932334256571,
15.278999999996971, -0.2316022240349754,-0.3605888160068442,-0.6649627613147447,-34.40349234722544,
15.311999999996953, -0.23002395965166778,-0.287809391596529,-0.6532983853423362,-34.70715722338104,
15.344999999996935, -0.22666498695057016,-0.21507786175568536,-0.6349649487710304,-34.99777899561274,
15.377999999996916, -0.22109437905607127,-0.14398536277073004,-0.6050253405904552,-35.283291311372544,
15.410999999996898, -0.21294265298855472,-0.07597811698012198,-0.5595867773530389,-35.57191921292303,
15.44399999999688, -0.20192478636994632,-0.0123649020445991,-0.49493560344488363,-35.872229764175245,
15.476999999996861, -0.18783302926899417,0.045566485376759454,-0.40664270241586237,-36.19495121554266,
15.509999999996843, -0.17049071913932437,0.09635056488693666,-0.28831749736590634,-36.5569926053331,
15.542999999996825, -0.14960989316430337,0.13795095057842172,-0.12958582912587757,-36.9874554523658,
15.575999999996807, -0.12438472171292896,0.1674258689808535,0.07892632218639278,-37.5167385953354,
15.608999999996788, -0.09380144778810698,0.18509192418884152,0.3005958815871599,-38.06546713327214,
15.64199999999677, -0.05900544355540264,0.19701891119908146,0.480582333912536,-38.51393034904711,
15.674999999996752, -0.021614682325447318,0.20588769497570128,0.6199922417731608,-38.87824880532084,
15.707999999996733, 0.017430255574919843,0.21226897915909448,0.7296822361435701,-39.19311087299551,
15.740999999996715, 0.0574334380393936,0.2165740773055901,0.8157742553185442,-39.48048275448499,
15.773999999996697, 0.09776005730763923,0.2192575073000798,0.8815110022894798,-39.754623686566944,
15.806999999996679, 0.13779593620366176,0.22079497584603708,0.9293032025612437,-40.02476021460419,
15.83999999999666, 0.17694724604552756,0.22172487174770633,0.9618139109892841,-40.29622178752913,
15.872999999996642, 0.21464706019208915,0.222710003258317,0.9820767054107858,-40.57216278426155,
15.905999999996624, 0.2503613875804649,0.2245333516993886,0.9932438515160396,-40.855451711731,
15.938999999996605, 0.28359606135295035,0.2280499119001288,0.9984807994304372,-41.14979432888466,
15.971999999996587, 0.31390347335785673,0.23416472714002762,1.0009919247041337,-41.460215530530654,
16.004999999996578, 0.34088615442011094,0.24388326272635505,1.0039211919255837,-41.793285559769245,
16.037999999996618, 0.3641954520943996,0.25846220682798265,1.0096826173214986,-42.1566849737998,
16.07099999999666, 0.3835293125800206,0.27961326558491234,1.0176592639066955,-42.55559147141768,
16.1039999999967, 0.3986534627024377,0.3092710582336045,1.019429755010767,-42.98176750680273,
16.13699999999674, 0.40947429704419547,0.3481314093800409,0.9979908867406666,-43.406253405431364,
16.16999999999678, 0.41607982106119273,0.3947176575774325,0.9394673035826255,-43.79844138313841,
16.20299999999682, 0.41869367779543176,0.44672496737290424,0.8413237542181289,-44.140580936126085,
16.23599999999686, 0.4176592243599915,0.5018228346115948,0.7096423363465825,-44.420054487606194,
16.2689999999969, 0.4134453045493241,0.5572033108372573,0.555568454329139,-44.625457323721854,
16.30199999999694, 0.40657500146006065,0.6093943581485031,0.3921316045517202,-44.75128104584174,
16.33499999999698, 0.3974813118844008,0.655019911196041,0.2303568380553967,-44.802031428036855,
16.36799999999702, 0.3864260446608733,0.6916680676826259,0.07695468134191008,-44.79005905464446,
16.40099999999706, 0.37353858396891676,0.7180090170762363,-0.06498581955944698,-44.730450842266734,
16.433999999997102, 0.35889263837069696,0.7334556706055816,-0.19399589366574913,-44.63782337382145,
16.466999999997142, 0.3425580770971993,0.737893946599145,-0.30873429235647915,-44.52532121359933,
16.499999999997183, 0.32462717923704976,0.7315777495144704,-0.40751267422289034,-44.40401884568236,
16.532999999997223, 0.30522896670315947,0.7150406746052178,-0.4885360006912633,-44.28200059347254,
16.565999999997263, 0.2845343554606284,0.6889369365547563,-0.5502293988939778,-44.16394223661241,
16.598999999997304, 0.2627503904341701,0.653871004987646,-0.5912621417220691,-44.05186799041299,
16.631999999997344, 0.2401072395326334,0.6102895935240832,-0.6103544477740759,-43.94662347717674,
16.664999999997384, 0.21684427969722933,0.558434176480529,-0.6060867270360984,-43.84933889843684,
16.697999999997425, 0.19319876648287407,0.4983187616154467,-0.576795709585546,-43.762615103805594,
16.730999999997465, 0.16939651070824094,0.4297172041970798,-0.5205320963486294,-43.6914997288962,
16.763999999997505, 0.14563916051821324,0.35218650457635386,-0.43505364446795797,-43.64433670340186,
16.796999999997546, 0.1220736337738651,0.2652292940520355,-0.31799280580913114,-43.633212018643555,
16.829999999997586, 0.09871061023571163,0.16888752047698466,-0.16801964275014122,-43.67220030463473,
16.862999999997626, 0.07524492961076619,0.06537411477930843,0.010360754940842449,-43.7672370948211,
16.895999999997667, 0.05090370948641505,-0.03883463240564709,0.19799264048282597,-43.89440968764953,
16.928999999997707, 0.024864995652455254,-0.13573633093647897,0.36739532792120433,-44.00670459071895,
16.961999999997747, -0.0031226532199099153,-0.22169285995379784,0.5047161514916355,-44.07984498210041,
16.994999999997788, -0.03287236488770682,-0.2967611814787078,0.6093839596246491,-44.11623719879945,
17.027999999997828, -0.06406033658882493,-0.36193468998686146,0.684318134490875,-44.12559238565207,
17.06099999999787, -0.09633332283570986,-0.4181224733282665,0.7322571436873939,-44.11657379931195,
17.09399999999791, -0.12933009325602418,-0.46597178987567284,0.7552433647699078,-44.0952318384443,
17.12699999999795, -0.16268377390497132,-0.5058810501758192,0.7547358321513522,-44.06511641297134,
17.15999999999799, -0.19602252737743445,-0.5380357892928948,0.7317360693046583,-44.0276655202413,
17.19299999999803, -0.22897278783432073,-0.5624303849236151,0.6868431910552494,-43.98262609099242,
17.22599999999807, -0.2611660156874952,-0.5788660593338621,0.6202607356129842,-43.9285503315406,
17.25899999999811, -0.292248877656982,-0.5869262469004366,0.5318128063446316,-43.86355167799284,
17.29199999999815, -0.32189542075104877,-0.5859519861656235,0.4210868664963888,-43.786695195331035,
17.32499999999819, -0.349815105196066,-0.5750998890926264,0.2879164850596277,-43.700556728660274,
17.35799999999823, -0.3757391492560514,-0.5536628412541593,0.1333848929500151,-43.61489483864047,
17.39099999999827, -0.3993609327318947,-0.5217909800900082,-0.038986327189630195,-43.54894689944834,
17.423999999998312, -0.420243189696517,-0.481297499510629,-0.2227289088023857,-43.52800135453645,
17.456999999998352, -0.43777541754160276,-0.43582125945950484,-0.4087204918045516,-43.57424163198204,
17.489999999998393, -0.4512625408809793,-0.3899597335815303,-0.5860868309566757,-43.69792189543715,
17.522999999998433, -0.46010584428863704,-0.3478016736189972,-0.7442802008100752,-43.89511339399172,
17.555999999998473, -0.463921175735281,-0.31200914317697104,-0.8754450116048555,-44.15299010668719,
17.588999999998514, -0.4625225569007003,-0.284028900328079,-0.9755547273622034,-44.456608539088435,
17.621999999998554, -0.45585434467994185,-0.2647553988915375,-1.0448064648089042,-44.791286520546876,
17.654999999998594, -0.44395687362326747,-0.2547909846551956,-1.088048174854272,-45.14060481594239,
17.687999999998635, -0.4269761356126121,-0.2540887972364517,-1.1137435200884724,-45.48596416926558,
17.720999999998675, -0.4051728801221568,-0.26166025788730213,-1.1299274578103715,-45.81238719639145,
17.753999999998715, -0.3789038074446858,-0.2759470033634978,-1.1406885534649975,-46.113249780937544,
17.786999999998756, -0.34860450220051026,-0.29531762980004383,-1.146330751636076,-46.38814878129775,
17.819999999998796, -0.31478865041173426,-0.3182316643521259,-1.1451358186447214,-46.6389074686076,
17.852999999998836, -0.27804871149924987,-0.34321947202207737,-1.134685189534081,-46.86731684627855,
17.885999999998877, -0.23904765670283837,-0.3688576446786586,-1.1125369172162356,-47.07434422249121,
17.918999999998917, -0.19850221600110962,-0.3937846846454924,-1.076551724558369,-47.26005691542005,
17.951999999998957, -0.15716365779724006,-0.4167354113648753,-1.0251056494052917,-47.424000369274076,
17.984999999998998, -0.11580191832812264,-0.43655148887659334,-0.9573544129671724,-47.566077411525974,
18.017999999999038, -0.07519201769062513,-0.4521317721126727,-0.8736365047558814,-47.68796291579094,
18.05099999999908, -0.03609107756106524,-0.4623290631540196,-0.7759263099102683,-47.79470295534888,
18.08399999999912, 8.080776361611556E-4,-0.4658743041206735,-0.6679876240072116,-47.89554662211267,
18.11699999999916, 0.03494020804212461,-0.4614439705884522,-0.5547752348540237,-48.00291460855021,
18.1499999999992, 0.0659078275042209,-0.4478833512158963,-0.4410189162863549,-48.129489897482046,
18.18299999999924, 0.09345753709286754,-0.424418949083755,-0.3296620366724423,-48.285260791108044,
18.21599999999928, 0.1174030027264883,-0.39067594438614134,-0.22106153259429503,-48.47685028418311,
18.24899999999932, 0.1375462199416597,-0.346496611551582,-0.11312939319390006,-48.709615380892636,
18.28199999999936, 0.1536261411482535,-0.2916523337911361,-0.0018754788343120997,-48.991034545680726,
18.3149999999994, 0.16527690747806983,-0.22541226135298134,0.11759605255776621,-49.33297536407821,
18.34799999999944, 0.172004492394283,-0.14586284804751778,0.24613614113393617,-49.743901331563364,
18.38099999999948, 0.17352453626520425,-0.05055725610773411,0.3658424919754974,-50.19100683225253,
18.413999999999522, 0.17058450602920236,0.05882970518975674,0.44617572341340467,-50.60028766815994,
18.446999999999562, 0.16466222630976748,0.1766133548108977,0.4794713624211105,-50.93811232867526,
18.479999999999603, 0.1573208012162022,0.2972201680643063,0.47647498148643963,-51.202845565271936,
18.512999999999643, 0.15007852916627812,0.4157129838372515,0.45253178475109374,-51.396728379773165,
18.545999999999683, 0.14418505611999013,0.5277889095400483,0.42208601182891153,-51.52444768438651,
18.578999999999724, 0.14038271881894132,0.6302708331126875,0.3955892306046933,-51.59473073014704,
18.611999999999764, 0.1388869914819875,0.7213259838462303,0.37864903238297215,-51.618346644100725,
18.644999999999804, 0.13955248395493455,0.8001630058044749,0.37312677117651005,-51.605324841625816,
18.677999999999845, 0.14205931537286312,0.8665706942905391,0.37872033527253013,-51.56356247225542,
18.710999999999885, 0.1460383433747863,0.9205827274311997,0.39413578694853224,-51.498676191555944,
18.743999999999925, 0.15113901315583944,0.9623023379729029,0.4177482661630854,-51.41435967516266,
18.776999999999965, 0.15706386114483928,0.9918278289942879,0.44792040986177567,-51.31279892268863,
18.810000000000006, 0.16358682669054406,1.00922604576258,0.48312829990080836,-51.19498424582852,
18.843000000000046, 0.17056415923026014,1.0145245926073239,0.5219787640842272,-51.06089119860876,
18.876000000000086, 0.17794192772903347,1.007710224041836,0.5631561942652802,-50.909550391395044,
18.909000000000127, 0.18576186943764075,0.9887301417104425,0.6053161320221578,-50.73904862012062,
18.942000000000167, 0.1941660511460044,0.9574989517386194,0.6469452915277287,-50.54654284764631,
18.975000000000207, 0.2033990662581574,0.9139215111468,0.6862456833931485,-50.328483629291085,
19.008000000000248, 0.21380088453283524,0.8579585371895827,0.7212075687796843,-50.081556964755904,
19.041000000000288, 0.22576467556310478,0.7897981360696635,0.7502155283329728,-49.805436702413836,
19.07400000000033, 0.23959510586285948,0.7102212273108123,0.7733857428818982,-49.50816316367097,
19.10700000000037, 0.2552243486179882,0.6210607852967309,0.7931979197731575,-49.20988633576865,
19.14000000000041, 0.271985025944966,0.525236109128268,0.8117669926541222,-48.93562932049642,
19.17300000000045, 0.28872184525703665,0.4261742716130072,0.8272764721899831,-48.70237780316578,
19.20600000000049, 0.30409937775394835,0.32720178784340276,0.8345408335548361,-48.515586031110374,
19.23900000000053, 0.31685701892205076,0.2312032715535946,0.8280248068570227,-48.37344309053698,
19.27200000000057, 0.3259612645579086,0.14049252525633596,0.8038776733488477,-48.271581197052825,
19.30500000000061, 0.3306638757758492,0.05684816735393892,0.7603433452196915,-48.20603621308481,
19.33800000000065, 0.330488307712201,-0.018362725102716804,0.6973088265962832,-48.17461721279599,
19.37100000000069, 0.32517803088269237,-0.08405666974489136,0.6156995803081041,-48.177239631549725,
19.40400000000073, 0.314634335442689,-0.13934773169471779,0.5170580475804476,-48.21573890800449,
19.437000000000772, 0.2988596981349625,-0.1835181006929243,0.4034039251419367,-48.29350184319068,
19.470000000000812, 0.2779155602405391,-0.21604670761450276,0.27739155272598415,-48.41505930033714,
19.503000000000853, 0.2519008174808758,-0.23668916966035705,0.14275881359810275,-48.585631776904975,
19.536000000000893, 0.2209550998577155,-0.2455850044261721,0.005000942147842598,-48.81055335432281,
19.569000000000933, 0.18528219919357283,-0.24334048263101568,-0.12798266189046356,-49.094646684982244,
19.602000000000974, 0.14517201498558924,-0.23103903985204746,-0.24578731285257174,-49.44203136632978,
19.635000000001014, 0.10099284995001938,-0.21023883637873042,-0.3366907314109622,-49.85656152435514,
19.668000000001054, 0.05317222062376778,-0.1831791013107093,-0.3919462489927582,-50.338163052975645,
19.701000000001095, 0.0023442235335713376,-0.15310899537308084,-0.41749140831994225,-50.86020463261518,
19.734000000001135, -0.05027686700617942,-0.12333023874829367,-0.439266286544135,-51.358547478628985,
19.767000000001175, -0.10316453942634467,-0.09576926709121306,-0.47529557099552144,-51.79497947755338,
19.800000000001216, -0.15503323943367428,-0.07172086350063633,-0.5248733614951285,-52.17225091904446,
19.833000000001256, -0.20486269567846496,-0.05243674910115976,-0.5811287760053397,-52.502872171653955,
19.866000000001296, -0.25182372205768316,-0.03899840148210455,-0.6376409783639254,-52.79821867936618,
19.899000000001337, -0.29524810085516334,-0.03216940836770672,-0.6898703834772306,-53.06762313464132,
19.932000000001377, -0.3346057318315203,-0.03237081377247209,-0.7349947615563717,-53.31865087702375,
19.965000000001417, -0.3694789494052102,-0.039735653812270344,-0.7713387253676256,-53.55729024349383,
19.998000000001458, -0.39953836758679767,-0.0541922650282545,-0.7978017313398184,-53.788100843986115,
20.031000000001498, -0.4245239556331257,-0.07555026144212178,-0.8134210591885563,-54.0144118955362,