0.03300000000000002, -1.5686712468100839,-0.2186705286350759,0.5070980400294968,0.8379808633597237,
0.06600000000000004, -1.5624200592959179,-0.21869403212236732,0.5070910574272619,0.8379754255107714,
0.09900000000000007, -1.5520399335110646,-0.21879542905041754,0.5070602033899204,0.8379513979101302,
0.1320000000000001, -1.5375261621820433,-0.21906753899518258,0.5069744316538122,0.8378846082801245,
0.16500000000000012, -1.5188721573411923,-0.21963945543004088,0.5067856425589858,0.837737625023736,
0.19800000000000015, -1.496069427545151,-0.22067562470176588,0.5064237265866189,0.8374559402722406,
0.23100000000000018, -1.4691075275249523,-0.2223744476210798,0.505789755304161,0.8369627576701871,
0.2640000000000002, -1.4379739810476557,-0.2249662245586175,0.5047469952366406,0.8361521534495728,
0.2970000000000002, -1.4026541993185377,-0.22871020062734324,0.5031093661697675,0.8348803192312879,
0.33000000000000024, -1.363131456165961,-0.2338903816036621,0.5006269445451565,0.8329545164627931,
0.36300000000000027, -1.319387044702418,-0.24080967313281407,0.4969681615800877,0.8301192569824323,
0.3960000000000003, -1.2714008366890897,-0.24978173253929303,0.49169853025907106,0.8260390441259853,
0.4290000000000003, -1.2191526039329452,-0.2611197021993404,0.4842561663973658,0.8202767287336253,
0.46200000000000035, -1.162624645021194,-0.27512071462745097,0.47392522154509675,0.8122661230819785,
0.4950000000000004, -1.1018064810371513,-0.29204475456881906,0.4598098697434258,0.8012769810199389,
0.5280000000000004, -1.036702597867372,-0.31208624431880805,0.44081398573822417,0.7863699259122942,
0.5610000000000004, -0.9673443115733541,-0.3353368521738632,0.4156353385791888,0.7663388185162247,
0.5940000000000004, -0.893806602047123,-0.3617390213076402,0.3827877878825624,0.7396394317556663,
0.6270000000000004, -0.8162298663370777,-0.39103234317709756,0.34066926556179267,0.7043081371989584,
0.6600000000000005, -0.7348446507309908,-0.42269987645575574,0.28769385152091087,0.6578856484713503,
0.6930000000000005, -0.6499945648037918,-0.4559285812838377,0.22249729551627914,0.597381505562951,
0.7260000000000005, -0.5621497722562642,-0.48960446598924334,0.14420134366849097,0.5193432878257,
0.7590000000000006, -0.4719029191719225,-0.5223630122459284,0.05268454534625228,0.4201176247257529,
0.7920000000000006, -0.37994329919446856,-0.5527031164523274,-0.051228638925319044,0.29638088514597116,
0.8250000000000006, -0.28701289993446766,-0.5791492931207045,-0.16575592013502327,0.14594734854535363,
0.8580000000000007, -0.19385513434839893,-0.6004241046663368,-0.2883766008212633,-0.03127159378044289,
0.8910000000000007, -0.10116837850992953,-0.615585282630784,-0.41624979844619797,-0.23244557105408634,
0.9240000000000007, -0.009571683642539507,-0.6240932112084697,-0.5466961787169355,-0.4515508889640178,
0.9570000000000007, 0.08041550359471908,-0.625795512649077,-0.6775473874340469,-0.6800208299948518,
0.9900000000000008, 0.16837933792224988,-0.6208392528797819,-0.8072253992652503,-0.9083469944722389,
1.0229999999999981, 0.254002568048129,-0.6095457782883933,-0.9345914610255358,-1.1280415051421016,
1.0559999999999945, 0.33704281818116727,-0.5922958916542144,-1.0587439013989082,-1.3330459193690045,
1.0889999999999909, 0.4173056900183199,-0.5694581795088836,-1.1789024838099345,-1.5200969003628229,
1.1219999999999872, 0.4946211373127877,-0.5413624752352193,-1.294381639228227,-1.6882727258521255,
1.1549999999999836, 0.5688274385408109,-0.5083009514383927,-1.4045898570142916,-1.8382426016305666,
1.18799999999998, 0.6397626510865533,-0.47053864564366293,-1.5090143247604175,-1.9715928723371077,
1.2209999999999763, 0.7072613892340273,-0.4283229346253823,-1.607187705754805,-2.0903611723914333,
1.2539999999999727, 0.7711546458169966,-0.3818885275702909,-1.6986503652843705,-2.196765397013539,
1.286999999999969, 0.8312710037201513,-0.33145846764607023,-1.7829204265487615,-2.2930696957310257,
1.3199999999999654, 0.8874382932159098,-0.2772430582872755,-1.859478050507446,-2.3815336586264286,
1.3529999999999618, 0.9394853178904301,-0.21943864945764693,-1.9277655418656288,-2.464408173639356,
1.3859999999999582, 0.9872436542299482,-0.15822759501490063,-1.987202301891582,-2.5439569189755624,
1.4189999999999545, 1.030549736486526,-0.0937798591413516,-2.037212467348597,-2.6224917352971047,
1.4519999999999509, 1.069247482835769,-0.026255945177338112,-2.0772625551319175,-2.702413046116137,
1.4849999999999473, 1.103191616311842,0.04418980444493092,-2.106906390827363,-2.7862446272023105,
1.5179999999999436, 1.1322516147793598,0.117406821261481,-2.1258351049670474,-2.8766485329656892,
1.55099999999994, 1.1563159484028398,0.19324809564971718,-2.133930709715974,-2.9764063382323367,
1.5839999999999363, 1.1752960293833852,0.27157299667312756,-2.131321622672538,-3.0883643527358537,
1.6169999999999327, 1.1891292421487667,0.352253243828731,-2.1184363916182485,-3.215367721774239,
1.649999999999929, 1.1977806773962452,0.43518112288086325,-2.096048808096112,-3.3602436358586543,
1.6829999999999254, 1.2012437855005669,0.5202780246362744,-2.0653073309536603,-3.5259104735067983,
1.7159999999999218, 1.199540888981574,0.6075010068955427,-2.0277446916177486,-3.715651205244873,
1.7489999999999182, 1.192725037947597,0.6968457741039055,-1.985252765119809,-3.9334585100602806,
1.7819999999999145, 1.180885208975231,0.7883448101317792,-1.939930845457839,-4.184031522444171,
1.814999999999911, 1.1641587743622224,0.882052214214029,-1.8934765567139666,-4.471155480489795,
1.8479999999999073, 1.1427600116804433,0.9779755233731963,-1.8454829501286731,-4.791904950474092,
1.8809999999999036, 1.117026951389307,1.0758867048518952,-1.7911792379950495,-5.127622916489568,
1.9139999999999, 1.0874336918617218,1.1751297948487078,-1.7231195960090966,-5.447716567075053,
1.9469999999998964, 1.0545107502987112,1.2747577208857834,-1.6373257319413839,-5.7316899648703075,
1.9799999999998927, 1.0187585532254246,1.373831078938065,-1.5347655939903817,-5.977769943872923,
2.0129999999998893, 0.9806153247472544,1.4715313378545045,-1.4181498271608106,-6.194296836980504,
2.0459999999998857, 0.9404405195655267,1.5671531675780883,-1.2896383073551352,-6.39258081919279,
2.078999999999882, 0.8984949339938679,1.6600745047107046,-1.1502395424685228,-6.584384465846216,
2.1119999999998784, 0.8549221822396521,1.7497071690652175,-1.000152271496369,-6.780326174839282,
2.144999999999875, 0.8097435429495886,1.8354257837291972,-0.8399466702455776,-6.985986458255109,
2.177999999999871, 0.7628946018209457,1.916544671925919,-0.6721600770889553,-7.195949576325902,
2.2109999999998675, 0.714306615749292,1.9924398410038229,-0.5009207751856969,-7.394528914767267,
2.243999999999864, 0.663946051901449,2.062666863972121,-0.329149720958246,-7.5662371251133065,
2.2769999999998602, 0.6117850872808249,2.1268850586310677,-0.15742237119919314,-7.7015564020558545,
2.3099999999998566, 0.5577807358070204,2.1847305642392723,0.014922523427094846,-7.794930191441762,
2.342999999999853, 0.501885877727013,2.2357718004912335,0.18858257985880938,-7.84255615103408,
2.3759999999998493, 0.4440731471610559,2.2795452894761565,0.36364170876222107,-7.842141922776979,
2.4089999999998457, 0.38435726751901805,2.3156432920095624,0.5393516579995485,-7.793410427977205,
2.441999999999842, 0.3228076623880289,2.3438157480340545,0.7142209941753254,-7.698248214655413,
2.4749999999998384, 0.25954842975419806,2.364042561210151,0.8862569778521308,-7.560268753902151,
2.507999999999835, 0.19474871144421974,2.37654926644639,1.0531906078961089,-7.384189842649196,
2.540999999999831, 0.12860962205449447,2.3817676771640444,1.2126146252651846,-7.175432531500674,
2.5739999999998275, 0.0613532988395053,2.3802611071641047,1.3620945049754423,-6.939989339220422,
2.606999999999824, -0.006782779718828416,2.3726385707087383,1.4993596518832228,-6.684312285586971,
2.6399999999998203, -0.07554600562383233,2.3594814820291585,1.6226113128588695,-6.414945788871993,
2.6729999999998166, -0.14466597895396788,2.341300511741233,1.7308510991159944,-6.137860512945211,
2.705999999999813, -0.2138527569890374,2.318526843099603,1.8240644567023876,-5.857727961004661,
2.7389999999998094, -0.28279843628643697,2.2915271889836673,1.9031664600502287,-5.577450443699644,
2.7719999999998057, -0.3511819366963199,2.2606264211609792,1.9697622267646553,-5.29809627157188,
2.804999999999802, -0.41867534250106625,2.226127092267421,2.0258621732077087,-5.019210523391822,
2.8379999999997985, -0.4849503670169034,2.188323563317657,2.0736868228421286,-4.7394481309260055,
2.870999999999795, -0.549684712585744,2.1475127246736774,2.115635298649273,-4.457530588163194,
2.903999999999791, -0.6125691825525004,2.1040011117301916,2.154381424643333,-4.1733844563893046,
2.9369999999997876, -0.6733157583238003,2.05810258423372,2.1928963167510447,-3.8888320670450858,
2.969999999999784, -0.731663876197993,2.0101227727491815,2.2341630947212803,-3.6070826059182903,
3.0029999999997803, -0.787381200171301,1.960340919960558,2.2806686040998874,-3.331398594557614,
3.0359999999997767, -0.8402597240429325,1.909004485355663,2.334032054126535,-3.0642216673322333,
3.068999999999773, -0.8901114156714607,1.8563368224512937,2.3949279762450066,-2.8071820927781457,
3.1019999999997694, -0.9367656934678623,1.8025475467487622,2.4631945005958436,-2.5614416799840125,
3.1349999999997658, -0.9800684631449316,1.7478378956398424,2.5380118790187995,-2.327901048659617,
3.167999999999762, -1.019881796989358,1.6923989545908285,2.6181108509875477,-2.107198040231826,
3.2009999999997585, -1.05608357143511,1.636404201619751,2.7019916710161613,-1.8996066229770534,
3.233999999999755, -1.0885666740832514,1.5799997556740826,2.788124765620394,-1.7049500316345503,
3.266999999999751, -1.117237647164988,1.5232960489674958,2.875103381699646,-1.5225835859541916,
3.2999999999997476, -1.1420148535100216,1.4663633960549944,2.961734798306766,-1.351446226989893,
3.332999999999744, -1.1628263849278013,1.4092319948149987,3.0470765804331013,-1.19015161459472,
3.3659999999997403, -1.179607959538246,1.351895378540403,3.1304357119626975,-1.0370887508859246,
3.3989999999997367, -1.192301007014666,1.29431571559603,3.2113491497489335,-0.890514293087971,
3.431999999999733, -1.2008510671431678,1.2364294304786607,3.289558935520634,-0.7486312053663354,
3.4649999999997294, -1.2052065553452245,1.1781520044144478,3.3649884746339476,-0.6096557535362828,
3.4979999999997258, -1.2053178837934415,1.1193812417890945,3.4377216439716545,-0.4718771852659002,
3.530999999999722, -1.2011368660431483,1.0599986754672777,3.5079837362712976,-0.33371391753844465,
3.5639999999997185, -1.1926162813744157,0.9998691330139646,3.57612263923822,-0.19376877468573062,
3.596999999999715, -1.1797094494476532,0.9388387980728387,3.642589539660979,-0.05088504487618388,
3.6299999999997112, -1.1623696906059617,0.8767323307399546,3.70792023937346,0.09579505096095296,
3.6629999999997076, -1.1405496379347657,0.8133496709179489,3.772720348955522,0.24676871585015484,
3.695999999999704, -1.114200510416149,0.7484629613606463,3.8376598747481445,0.4021108565599936,
3.7289999999997003, -1.0832715964073425,0.6818136046446667,3.9034849518075196,0.561424321073438,
3.7619999999996967, -1.0477102564375473,0.6131089869700319,3.971056478791079,0.7238269921571273,
3.794999999999693, -1.0074627122571518,0.542018159668488,4.041426132453349,0.8880108010676553,
3.8279999999996894, -0.9624758635268451,0.4681659021964513,4.115957701616216,1.0524063540456328,
3.860999999999686, -0.9127005707826776,0.391124666028118,4.196494600421948,1.215473112898023,
3.893999999999682, -0.8580972923224761,0.31040290493464984,4.285564719621245,1.376122135687395,
3.9269999999996785, -0.7986452893181488,0.22542536112327724,4.386606918499988,1.534281735003654,
3.959999999999675, -0.7343562822740846,0.13549635553111267,4.504205714363011,1.6916350718166842,
3.9929999999996713, -0.6652926689493619,0.03973424305787031,4.644334399812591,1.8525800715349088,
4.025999999999679, -0.5915920475427526,-0.06302411655281616,4.8146102178856,2.025499284633776,
4.05899999999969, -0.5135135852682075,-0.17427990445718028,5.024406710539121,2.2245519295151728,
4.091999999999701, -0.4315722377670629,-0.29551997260990454,5.283640019718902,2.4724033799189673,
4.124999999999712, -0.34691205860514374,-0.42623661722713996,5.595403328878169,2.803378888608258,
4.157999999999723, -0.2617149192746299,-0.5598479903278387,5.937844706314423,3.259285892122074,
4.190999999999734, -0.17820391973255983,-0.6860794777529815,6.2629617131568365,3.861893621929406,
4.223999999999745, -0.09715676314663135,-0.8010848896541297,6.525289831836645,4.583883783492977,
4.256999999999756, -0.01862259901098762,-0.9059316319108747,6.691469375601881,5.378569773954036,
4.289999999999767, 0.05735071704428055,-0.9999070990296848,6.749621951681091,6.242309549798049,
4.322999999999778, 0.13087511123632348,-1.0787265675077389,6.737154268588592,7.166458679711495,
4.355999999999789, 0.20231882484100006,-1.1424072324685712,6.750279890921086,8.04051391187528,
4.3889999999998, 0.2719325457448071,-1.1969495213729444,6.834385664336523,8.87673415860438,
4.421999999999811, 0.3396504346140496,-1.2469250710429556,6.986751781492211,9.745401971743169,
4.454999999999822, 0.40507936654236015,-1.2957016804909551,7.167851721235269,10.648554420394428,
4.4879999999998335, 0.46787208700789157,-1.343645891514395,7.308086541595901,11.516508746482998,
4.5209999999998445, 0.528260350276566,-1.3881880244789366,7.370709306302358,12.34234458880535,
4.5539999999998555, 0.5869326747598558,-1.426197866898167,7.356955415113004,13.204844474383133,
4.5869999999998665, 0.6449235539242365,-1.4534420590691568,7.312415703472835,14.12330564554099,
4.6199999999998775, 0.7020961668326622,-1.4703552967105036,7.32690152509514,14.975729341070023,
4.652999999999889, 0.7574000484171701,-1.481515143300296,7.424393922937752,15.785772478632062,
4.6859999999999, 0.8101123102554797,-1.4896749919992305,7.59220104559,16.617204400494046,
4.718999999999911, 0.8596453232403984,-1.496145202880158,7.793896391127403,17.47604632319164,
4.751999999999922, 0.9057629743118505,-1.500752592580829,7.971884622822502,18.314931158470845,
4.784999999999933, 0.9486925002517089,-1.5030049069018283,8.085594780724128,19.124770593164826,
4.817999999999944, 0.988840152570339,-1.5032329833845492,8.120232368355355,19.964772388502194,
4.850999999999955, 1.026967249819553,-1.5024378341627629,8.088611503430817,20.889011346352365,
4.883999999999966, 1.0633622555480273,-1.500956192459904,8.075943624252945,21.774730795499398,
4.916999999999977, 1.0969761463643544,-1.498298954399048,8.137769206767214,22.592092904679912,
4.949999999999988, 1.1270346056894827,-1.4941427342274725,8.273894395175498,23.424801018725216,
4.982999999999999, 1.1530589297742146,-1.4875558468179682,8.459900251907857,24.300037568626493,
5.01600000000001, 1.174916558835103,-1.4775841248380999,8.63701012151613,25.16309360496706,
5.049000000000021, 1.1928246013703123,-1.4650449479834877,8.753377296109765,25.986034481687913,
5.082000000000032, 1.2070472203042812,-1.4521744990006704,8.789463732470145,26.819078090773516,
5.115000000000043, 1.2179839996233828,-1.442853492116158,8.75198437772878,27.723369999683165,
5.148000000000054, 1.2259439665806176,-1.4395341416408458,8.714258728374709,28.60929831911851,
5.181000000000065, 1.230480157637564,-1.4384202419962504,8.7439530203793,29.432728848332044,
5.214000000000076, 1.2311317579502323,-1.4358859922654907,8.850682327075585,30.27757932716358,
5.247000000000087, 1.227621187478372,-1.4288621942666715,9.011816966616262,31.172227160213637,
5.280000000000098, 1.219944034444827,-1.4160333721017042,9.160910395086267,32.04928184988498,
5.313000000000109, 1.2083177978349724,-1.3996119934276756,9.243239223313331,32.880411381229955,
5.34600000000012, 1.1929651772713843,-1.383309856326246,9.243670586176377,33.72712725532398,
5.379000000000131, 1.1742203218920653,-1.3724807691805356,9.181638851281368,34.63683616965247,
5.412000000000142, 1.1523075499592763,-1.3685339676108166,9.14068656741045,35.505321339560325,
5.445000000000153, 1.1269727880349043,-1.3658292704909583,9.172238738523156,36.331107431721556,
5.478000000000164, 1.097967740309315,-1.359570736539242,9.277790532342195,37.19696354641418,
5.511000000000175, 1.0651936021697312,-1.3458173286547623,9.418949665014908,38.10102999629671,
5.544000000000186, 1.0288056520281619,-1.324293941024241,9.521341151817293,38.963308928045365,
5.577000000000197, 0.9890347534006175,-1.2985119860612468,9.54572544531074,39.78952180502873,
5.610000000000208, 0.9461218124710061,-1.273282284014221,9.490608842976972,40.66086071628147,
5.643000000000219, 0.9004953881870276,-1.253939055342901,9.405401159007624,41.562482964289934,
5.67600000000023, 0.8523016727938373,-1.2375123209375,9.373511135195525,42.39772367074061,
5.709000000000241, 0.8012982151894625,-1.2175430410241899,9.417590920189886,43.233299765075465,
5.742000000000252, 0.7472330299289445,-1.1888311621236851,9.523938329643727,44.12791867108266,
5.775000000000263, 0.6900240755594589,-1.148367949734357,9.628804177309544,45.01680207567641,
5.808000000000274, 0.6298285991674666,-1.0985714598250762,9.671283659099254,45.84746797896605,
5.841000000000285, 0.5668408356656742,-1.0438459964284277,9.638540656148795,46.684381548877674,
5.874000000000296, 0.5015255145153971,-0.98973479169256,9.55269773400025,47.5816253229473,
5.907000000000307, 0.434302488028363,-0.9373330469290726,9.496494180573558,48.439535558634205,
5.940000000000318, 0.364719852147184,-0.8804676833305897,9.521644720657902,49.26483055163272,
5.973000000000329, 0.2921265302881272,-0.8138989785132343,9.635227635680677,50.144575807227795,
6.00600000000034, 0.21599378421853271,-0.733530586939017,9.80369682855025,51.06720004905789,
6.039000000000351, 0.136328926440221,-0.6396894769267822,9.957591751986882,51.94380704930075,
6.072000000000362, 0.05353818321156755,-0.5363886819823221,10.064834577373302,52.777845643409535,
6.1050000000003735, -0.031708786054821164,-0.42840327203073025,10.128109984834012,53.63660860878701,
6.1380000000003845, -0.11836821298353233,-0.32168238365179314,10.181718676832379,54.53985758520208,
6.1710000000003955, -0.20532289516547128,-0.2188870324997538,10.302585566735509,55.40080523248991,
6.2040000000004065, -0.29149332228762853,-0.11980958801438016,10.53089326284716,56.18782913317055,
6.2370000000004175, -0.375837041314793,-0.027409187291839426,10.856406855966316,56.87570784015664,
6.270000000000429, -0.4575102341107853,0.05252453239901342,11.246276464662769,57.402538407243014,
6.30300000000044, -0.5356875801858179,0.11440331306562607,11.670382571540987,57.69810747975891,
6.336000000000451, -0.609349881461082,0.15640262263908075,12.113516166854668,57.683978794163934,
6.369000000000462, -0.6772115329291596,0.18115044537619254,12.590346042600608,57.279066238719444,
6.402000000000473, -0.7364278652301738,0.19532859219235885,13.118021968799868,56.54855721050863,
6.435000000000484, -0.7868564608429892,0.21303927304540965,13.588287796597442,56.06585940737101,
6.468000000000495, -0.8315715284023198,0.23906919619401065,14.020375988838595,55.934487363606586,
6.501000000000506, -0.8717300827248895,0.2762017663456928,14.45132736379935,56.08525197968157,
6.534000000000517, -0.908240412843674,0.3261428867664644,14.889739279044953,56.47083121693303,
6.567000000000528, -0.9419351098745852,0.3875018700618361,15.329917499953243,57.07235516066567,
6.600000000000539, -0.9732158552493957,0.45588296814381246,15.742572624186394,57.88874614676793,
6.63300000000055, -1.0019638156918291,0.526408904288222,16.067739643040778,58.90758403987377,
6.666000000000561, -1.0288731120393924,0.5967937717201826,16.260546936999965,60.13889716188797,
6.699000000000572, -1.0559386153510748,0.6658548048011543,16.4363607231306,61.401770255252906,
6.732000000000583, -1.0816354042709546,0.7317951558113627,16.74296371394422,62.45216630972316,
6.765000000000594, -1.1050184648526882,0.7922536415565087,17.14754353541519,63.29187383712504,
6.798000000000605, -1.1262824190784055,0.8423869763946579,17.58355686755855,63.90444585916962,
6.831000000000616, -1.1450700551842958,0.8775995731564624,18.01375370135081,64.29017621100475,
6.864000000000627, -1.1604909476734757,0.8965747821747793,18.429689637725982,64.44417226844362,
6.897000000000638, -1.171567071573203,0.9009517596826687,18.839605249951546,64.34195356913729,
6.930000000000649, -1.1771843541213847,0.893093937935696,19.273730837487687,63.94375190184055,
6.96300000000066, -1.1747007100565774,0.8754669042376773,19.761246255927897,63.29194343364614,
6.996000000000671, -1.1628505728641652,0.8587163204404181,20.219121064865394,62.840496142230336,
7.029000000000682, -1.1442447072278294,0.8500175805562689,20.643733201852687,62.73080099140355,
7.062000000000693, -1.120312848306338,0.8524287825101661,21.064231418021386,62.91223466655494,
7.095000000000704, -1.092208208576862,0.8672371297184669,21.485367915303616,63.34495089203875,
7.128000000000715, -1.0609870343245216,0.8927888654998949,21.893753449256906,64.0080001131404,
7.161000000000726, -1.0273437446720335,0.9253853006909172,22.249799943608846,64.89022573244667,
7.194000000000737, -0.9919322155893769,0.9624305735466473,22.501808526185037,65.99357035646968,
7.227000000000748, -0.9565620138301698,1.0048572823604438,22.69013714788493,67.24213114759222,
7.260000000000759, -0.921493643720184,1.0500741839672862,22.9793697885521,68.31122484684313,
7.29300000000077, -0.8857839772243146,1.092703425519216,23.376373014733122,69.10170702396496,
7.326000000000781, -0.8496985488698419,1.1270577911958803,23.809973061168215,69.57466930044279,
7.359000000000792, -0.8129795906056614,1.1476775458310453,24.23482904412711,69.72491482210214,
7.392000000000803, -0.7747542133108921,1.1519969849672633,24.651262875633943,69.58253778991086,
7.425000000000814, -0.7339769267492483,1.1370210044995785,25.08702028248398,69.19483087297372,
7.458000000000825, -0.6887855988022283,1.0988656683532485,25.542235219846052,68.76929951036587,
7.491000000000836, -0.6374505654860232,1.0435143918070355,25.98981222877607,68.61422440700616,
7.524000000000847, -0.5792457157943361,0.9801967077996387,26.4313707447438,68.83327786180617,
7.557000000000858, -0.5145472171175165,0.9165173341671882,26.83911727170427,69.41015741056309,
7.590000000000869, -0.4448465629670119,0.8559602465736698,27.161835802505955,70.26192934298098,
7.62300000000088, -0.3713030277341522,0.8009500124347272,27.376422974284086,71.3080820401424,
7.656000000000891, -0.2948151030319781,0.7550458340644787,27.569627532266196,72.36987082523797,
7.6890000000009024, -0.21630310687471596,0.7141695001400709,27.843471534372213,73.27691360332024,
7.7220000000009135, -0.13646205689190352,0.6749316302715408,28.194111884748622,74.00749489882517,
7.7550000000009245, -0.05618233488128953,0.6370187933753608,28.586935142960673,74.530362531199,
7.7880000000009355, 0.023633497170344117,0.5984459523002308,28.991110854033337,74.80178916058033,
7.8210000000009465, 0.10269017395396975,0.5544356228771415,29.390395856973505,74.80216702874031,
7.8540000000009575, 0.18113816120737197,0.500108199085736,29.796091872265304,74.54285824396649,
7.887000000000969, 0.2590386969759247,0.42884578479205815,30.233448109321728,74.07758207132957,
7.92000000000098, 0.3363394106022522,0.334530036726565,30.69225525295006,73.67287313570156,
7.953000000000991, 0.4121415531987046,0.22154937786904108,31.17730271787353,73.62795211684453,
7.986000000001002, 0.4841646449438028,0.10033433154521443,31.686819384334676,74.12790988937212,
8.019000000000995, 0.5503096738454242,-0.012025143588576542,32.10267113566031,75.1700080556907,
8.052000000000977, 0.610117147938687,-0.10272854346849417,32.330219096898155,76.5632469150374,
8.085000000000958, 0.664116392767542,-0.16632674565342348,32.56822312487248,77.88144286347189,
8.11800000000094, 0.7140301502996865,-0.21333975236041713,32.949483233586506,78.97086860149527,
8.151000000000922, 0.7609664899187573,-0.2454534260657048,33.422285794924974,79.85100048965562,
8.184000000000903, 0.8067468564789582,-0.26132163894026034,33.93413449075351,80.491008387715,
8.217000000000885, 0.8535954440937399,-0.266808770999621,34.44839920308705,80.84089444195685,
8.250000000000867, 0.9017674353528791,-0.27388857575823616,34.930463205881004,80.83853373852077,
8.283000000000849, 0.9494558730609202,-0.28981268841127256,35.39000433966738,80.47159978691468,
8.31600000000083, 0.9950942060096931,-0.32206977890380795,35.88052726948522,79.77340226301533,
8.349000000000812, 1.0362644666501941,-0.3796599142654934,36.37265172381694,79.11766806578694,
8.382000000000794, 1.0704021551186338,-0.4522543933943095,36.852629978445066,78.84560921485986,
8.415000000000775, 1.0951960907562794,-0.5309115164962193,37.36605417066418,79.01324894250234,
8.448000000000757, 1.1097479801952974,-0.6029918807787954,37.887202358710574,79.5971036025581,
8.481000000000739, 1.1167723159093135,-0.6604773003733038,38.3547734707138,80.49975446401359,
8.51400000000072, 1.1188926491562166,-0.704880709927231,38.698974907617504,81.64129589938798,
8.547000000000702, 1.1175456423365406,-0.7327734275135969,38.891758127589654,83.00392941058797,
8.580000000000684, 1.1140889562359317,-0.7372519828570647,39.12528856884582,84.32218060890203,
8.613000000000666, 1.1087150719462768,-0.7270981243433436,39.52813506534796,85.37496984937769,
8.646000000000647, 1.1026264210660668,-0.7059694734042474,40.02926939539407,86.09071769350953,
8.679000000000629, 1.0975407885342365,-0.6804007390179294,40.54188066476597,86.37130303316378,
8.71200000000061, 1.0930369600899694,-0.6609696754753384,41.03199636983366,86.20234974835378,
8.745000000000593, 1.0877880504760862,-0.65680665091272,41.53254085959251,85.64507427268754,
8.778000000000574, 1.0801294341412915,-0.6787054765725734,42.0315151397834,85.02671106302064,
8.811000000000556, 1.0675082151999005,-0.7204450178705246,42.50426759976724,84.73470476463481,
8.844000000000538, 1.047853764607963,-0.774711655489931,43.000698895963396,84.84561116899307,
8.87700000000052, 1.0192213762659308,-0.8328654789503145,43.51939847055272,85.39662163593079,
8.910000000000501, 0.9825850416719015,-0.8826701356817964,43.985337937423466,86.3318368229142,
8.943000000000483, 0.9404144063876766,-0.919177945031106,44.30318784141461,87.5530879182053,
8.976000000000464, 0.893696583354068,-0.9338985198921175,44.478816892435745,88.97724873553939,
9.009000000000446, 0.843295649217886,-0.9241331483722925,44.75075154365573,90.25550490504845,
9.042000000000428, 0.7902145952146923,-0.89816660817995,45.18186534951155,91.30104717835857,
9.07500000000041, 0.7358013650418486,-0.8543103343395156,45.69703408140569,92.07573799628564,
9.108000000000391, 0.6822430151467612,-0.7933526329569695,46.2331148361817,92.5061841064926,
9.141000000000373, 0.6305264505807675,-0.725383128037946,46.74923277604335,92.51714850058522,
9.174000000000355, 0.5796604886000987,-0.6612641266834379,47.25500728620622,92.08259479907356,
9.207000000000336, 0.5293898801405524,-0.6147432277100233,47.78881634814749,91.29956695414563,
9.240000000000318, 0.4783095876061716,-0.5927567693605093,48.27685500448294,90.70537273797204,
9.2730000000003, 0.4242913284535919,-0.5847782405082169,48.751968357926074,90.47210172439826,
9.306000000000282, 0.36549060215405305,-0.588768024365511,49.27473112588967,90.58808016156385,
9.339000000000263, 0.29929324138542684,-0.5971846553743847,49.84833687720955,91.01454235150746,
9.372000000000245, 0.22524740568574644,-0.5913245626751887,50.424785799894565,91.68917358352553,
9.405000000000227, 0.14611352793688254,-0.5606402392413316,50.95943799678103,92.59169111298638,
9.438000000000208, 0.06439445833794757,-0.5093129594632231,51.39531533702044,93.70848411224694,
9.47100000000019, -0.018824893994285982,-0.4425847690232686,51.64673847558137,95.0169281758725,
9.504000000000172, -0.10282763357301573,-0.3534377709354218,51.76163466594173,96.47273329932472,
9.537000000000154, -0.1871494079143782,-0.24573737981455562,51.984607764782396,97.78632126831711,
9.570000000000135, -0.2709520895168356,-0.13482731536918593,52.343869769817076,99.04743837691439,
9.603000000000117, -0.3528895287507434,-0.02893361586473001,52.738247267424434,100.32802252192339,
9.636000000000099, -0.43166459448994277,0.06893565304663139,53.01802936412773,101.55148716068187,
9.66900000000008, -0.5069604079111949,0.16149608755945977,53.12154644143027,102.75727296256298,
9.702000000000062, -0.5799826941607602,0.25546113587104874,53.124204257427415,104.05148651865721,
9.735000000000044, -0.6503131146781393,0.35071351665505146,53.22779481588601,105.25341387339394,
9.768000000000026, -0.715754538974609,0.43935462041612894,53.47701622538937,106.47799765737089,
9.801000000000007, -0.774778507612766,0.5184038724885781,53.78596000759153,107.76459554997511,
9.833999999999989, -0.8276259289218447,0.5906139306731707,53.99160634027596,108.97216260552027,
9.86699999999997, -0.8766055793603486,0.6585696169931508,54.03651134062482,110.20132833892889,
9.899999999999952, -0.9251391907220813,0.7235410752821626,54.018649958528194,111.50313111582028,
9.932999999999934, -0.9719100252459185,0.7858955682664264,54.136264947626024,112.69012500473676,
9.965999999999916, -1.0139520079765354,0.8453183253060653,54.40105832329963,113.92318495747496,
9.998999999999898, -1.049889357197865,0.9042776621226262,54.70054929032249,115.18378662523841,
10.03199999999988, -1.0805826381183699,0.963523790954113,54.88319146058698,116.37904089588122,
10.064999999999861, -1.1080813125711912,1.0179818143467982,54.90419420655223,117.65308016572128,
10.097999999999843, -1.1348210803825596,1.060550836584486,54.896613951925566,118.94281366475066,
10.130999999999824, -1.1589258181261315,1.0980507609602772,55.0388124931141,120.13818347125617,
10.163999999999806, -1.1783257676875987,1.1381687146320527,55.31798424424677,121.40343484305049,
10.196999999999788, -1.192576472741321,1.18491125741728,55.58808198943872,122.65549490344026,
10.22999999999977, -1.2024724651460796,1.2334829383369514,55.714029043485034,123.86978366746021,
10.262999999999751, -1.2090887626677853,1.2718158055547346,55.692713817952026,125.19340630918796,
10.295999999999733, -1.2130587600369023,1.2943596233324468,55.722397076320505,126.44613011224041,
10.328999999999715, -1.2133431252416509,1.3151339924338534,55.91549817838214,127.67762907050658,
10.361999999999696, -1.2094117428012496,1.3438488046757178,56.200926157402726,128.97153573831773,
10.394999999999678, -1.2014323354751646,1.3803517245726102,56.39906362334213,130.2062820871206,
10.42799999999966, -1.1895434107661842,1.4146546509869247,56.43127899325536,131.46728249990548,
10.460999999999641, -1.1738100072254833,1.4321893149343565,56.40174005601075,132.790973448049,
10.493999999999623, -1.1544028944035125,1.439318200112295,56.51377342813821,134.01350909325438,
10.526999999999605, -1.1314753786388962,1.4496842555232066,56.77001207682766,135.2887499472464,
10.559999999999587, -1.105422689676136,1.4689432065279624,57.020033485977514,136.5649758195622,
10.592999999999568, -1.0761483239493506,1.4914460136949046,57.11806226530074,137.77637648891314,
10.62599999999955, -1.0427323564131101,1.5055454245609434,57.07956551264297,139.08736595213026,
10.658999999999532, -1.0047751491384387,1.5048093882609743,57.11031403216329,140.33906927855315,
10.691999999999513, -0.96352889087665,1.500546686621839,57.30345138138,141.5605226357689,
10.724999999999495, -0.9202946533547838,1.4996887965711656,57.58062674179634,142.8541455179565,
10.757999999999477, -0.8756352638859837,1.501038381712591,57.76511203896067,144.07303857299198,
10.790999999999459, -0.8281995393470535,1.4999357800290738,57.788124017726396,145.2907003578845,
10.82399999999944, -0.7754481983108162,1.4924314795334994,57.74370814565884,146.59268107839392,
10.856999999999422, -0.7183558782364627,1.4786897639878298,57.83296552017659,147.78179315900073,
10.889999999999404, -0.6597649376027501,1.4608320987700836,58.070208294260695,149.0279465257158,
10.922999999999385, -0.6014058894807512,1.4366176617021789,58.33717921007725,150.3028087229036,
10.955999999999367, -0.5422951556092482,1.4052402724893371,58.47801666747614,151.499435669557,
10.988999999999349, -0.4800756127536744,1.3726345145047445,58.45934355515248,152.78456341484198,
11.02199999999933, -0.4127828192724532,1.3449505822098382,58.43888692220868,154.0530356835221,
11.054999999999312, -0.34311530215470865,1.313280379405735,58.5749754395136,155.26067793105622,
11.087999999999294, -0.27318150299044364,1.2688027394317007,58.832852776601285,156.5523617254585,
11.120999999999276, -0.20273649523974233,1.2086731955149663,59.03458794984422,157.79736003407197,
11.153999999999257, -0.13051131398267057,1.1409637146962466,59.06473724022113,159.03404113165976,
11.186999999999239, -0.05589855926842887,1.0805230283245375,58.98626498039907,160.3575046368298,
11.21999999999922, 0.020627308755381827,1.0242465095075994,59.0177383328451,161.58051360352565,
11.252999999999203, 0.09844427366666904,0.9555255638483378,59.18749479685774,162.87056549352283,
11.285999999999184, 0.17800723930913637,0.8649773393248965,59.32806796235024,164.15347191936863,
11.318999999999166, 0.25932995698087175,0.7617987813098231,59.28182455979143,165.35160218778103,
11.351999999999148, 0.3410718439499847,0.6650631555953179,59.103049973077255,166.63171095140459,
11.38499999999913, 0.4222687312722097,0.5775813289650905,59.00388757791821,167.82106103033988,
11.417999999999111, 0.5023923252714583,0.4818044704292871,59.012016694677556,169.09254501253983,
11.450999999999093, 0.5803741126010022,0.3694246680356666,58.94480700894588,170.3355225887729,
11.483999999999075, 0.6551715863528988,0.2588109283674321,58.68086988074053,171.5765900767562,
11.516999999999056, 0.7266558834505936,0.17412838401673433,58.3670642196441,172.85356666638003,
11.549999999999038, 0.7942573390211728,0.10213978738345982,58.180594129219855,174.0129901954336,
11.58299999999902, 0.8576013181564234,0.023880365887252508,58.03348026864884,175.21127929521828,
11.615999999999001, 0.9162526226319072,-0.053691269044321845,57.74810616960841,176.4041461595799,
11.648999999998983, 0.9686383329637241,-0.10270179064702996,57.32928767236263,177.7548682412125,
11.681999999998965, 1.0146765350212892,-0.12848729369735268,57.014859324731205,178.87074980853407,
11.714999999998946, 1.0573775382475992,-0.1525132542668249,56.778793761470496,179.97064824527772,
11.747999999998928, 1.0966688338663333,-0.1756736001060589,56.46599799028861,181.08375886643455,
11.78099999999891, 1.1267419923336452,-0.19578466666181318,56.024759831802804,182.4528009182691,
11.813999999998892, 1.1466942062777086,-0.22055793628115627,55.70529804553088,183.60865457586576,
11.846999999998873, 1.1628207021131691,-0.24240234634288288,55.49011363757061,184.7354461945484,
11.879999999998855, 1.1760237595371967,-0.258375738341955,55.2130988042737,185.85112686424347,
11.912999999998837, 1.184146637624009,-0.28747271381162653,54.806915662340245,187.16320300942795,
11.945999999998818, 1.1870694169265237,-0.3436552432342167,54.47492373542193,188.37002443360228,
11.9789999999988, 1.1853459473778527,-0.4003802369917628,54.28197313428334,189.52256640438688,
12.011999999998782, 1.1786699246342518,-0.4461487604161584,54.07762062481732,190.66038506755564,
12.044999999998764, 1.1685538758664165,-0.4959174452833423,53.728609116533306,191.90344185221758,
12.077999999998745, 1.1583575985878147,-0.5669023297892748,53.347696995636774,193.1486808644337,
12.110999999998727, 1.144946597909688,-0.6426143674519725,53.100362068345476,194.2379876091699,
12.143999999998709, 1.1248538616301471,-0.7141989038487211,52.891882784339856,195.34166591483392,
12.17699999999869, 1.100112265537703,-0.783484600890744,52.572624360952034,196.4785235966918,
12.209999999998672, 1.0768210122910522,-0.8465205925417211,52.175360940399266,197.78402787391008,
12.242999999998654, 1.0532139545680619,-0.901111503819757,51.91625282005647,198.88119706480683,
12.275999999998636, 1.0246372713560723,-0.9579520618820406,51.731788720754885,200.00256952291352,
12.308999999998617, 0.9910422121779436,-1.0171597534784564,51.462327011838724,201.10269612029964,
12.341999999998599, 0.9553452940774633,-1.0589409796533125,51.07434703680199,202.39543983439037,
12.37499999999858, 0.9180291919238305,-1.0733266283639913,50.778493809850424,203.56524813301746,
12.407999999998562, 0.8777964375903056,-1.0849430711653965,50.612020991577076,204.70759935492595,
12.440999999998544, 0.8348561578474946,-1.1038375296636225,50.42810557675455,205.83372192395606,
12.473999999998526, 0.7885677859459935,-1.1150722634991257,50.103740414243106,207.04455341613573,
12.506999999998508, 0.7361669930993535,-1.099996242572457,49.73553296848227,208.27908322357547,
12.53999999999849, 0.6793632710695061,-1.073087306718899,49.49078163274183,209.34074001019064,
12.572999999998471, 0.6215520001153234,-1.0431270064237237,49.294567457254935,210.4207248543115,
12.605999999998453, 0.5616580552997352,-1.0089816343134144,49.003348460603675,211.51269588678005,
12.638999999998434, 0.4945095605661723,-0.9775163344126365,48.61923519068787,212.81559293661317,
12.671999999998416, 0.4210692899536205,-0.9520704503834907,48.36655998605903,213.94041081784002,
12.704999999998398, 0.34581913953322707,-0.9162635098290907,48.22226649775725,215.07903001548303,
12.73799999999838, 0.26922077597239885,-0.8647487207763361,48.030373364887815,216.18738341539776,
12.770999999998361, 0.1903392735881086,-0.8135904343384609,47.71298716938342,217.40781672453255,
12.803999999998343, 0.11029298378995715,-0.7802135688050004,47.40740613006587,218.6158690827463,
12.836999999998325, 0.02903779631688905,-0.745367410489999,47.24929320000939,219.7424310878993,
12.869999999998306, -0.05492341988679801,-0.6928591134044709,47.15958303537433,220.90629753594467,
12.902999999998288, -0.1408718831738483,-0.6282354720009304,46.98068390732952,221.99066998530964,
12.93599999999827, -0.22626791968554286,-0.564632629981207,46.6952212310739,223.19269240656442,
12.968999999998251, -0.31007873426987353,-0.50249204906361,46.48031196064581,224.2864777323398,
13.001999999998233, -0.3932575724602912,-0.4397010701051705,46.38569065942974,225.4331269417779,
13.034999999998215, -0.4752079290109016,-0.3819764777177409,46.274417948534314,226.5879341002715,
13.067999999998197, -0.5550741033869709,-0.3258637443927788,46.02099697300314,227.71282481589654,
13.100999999998178, -0.6329727778918737,-0.2556915948650312,45.702394320143945,228.94633537755962,
13.13399999999816, -0.7078738207573175,-0.17655407716086388,45.49208553262271,230.04150098944044,
13.166999999998142, -0.778771589191829,-0.1077044862743815,45.35343799803211,231.17940130797987,
13.199999999998123, -0.8456601915358086,-0.051656249706365814,45.13626482675298,232.2856639969664,
13.232999999998105, -0.9072993508876691,0.010703219379569806,44.7567660156977,233.55508312590388,
13.265999999998087, -0.9603127772912009,0.09030084910332041,44.37972026313203,234.70001313435057,
13.298999999998069, -1.0067833955887802,0.1699749537915533,44.10030999574916,235.66336827735444,
13.33199999999805, -1.0486516386155,0.24658462112166826,43.82826554634211,236.6226058925658,
13.364999999998032, -1.0845719708413109,0.31648334709817544,43.46875196395719,237.71001677058624,
13.397999999998014, -1.1122987454696154,0.36124838261258857,43.06941068991141,238.97015256723412,
13.430999999997995, -1.134603369552899,0.388169004705562,42.80909804269942,240.04187473319246,
13.463999999997977, -1.1529067754087017,0.41808734249570434,42.62970081837666,241.12852839115553,
13.496999999997959, -1.167058407055035,0.4524394950839971,42.38603080054477,242.19124508955545,
13.52999999999794, -1.1789010572753669,0.4737385928519466,42.00398235692376,243.42729191080815,
13.562999999997922, -1.191545407241225,0.4735214710703962,41.64526365361281,244.5380833476403,
13.595999999997904, -1.2016392086138046,0.4686349865506023,41.390263534544715,245.517872849982,
13.628999999997886, -1.2068374818842302,0.46300980470883446,41.143740967029665,246.49849210362456,
13.661999999997867, -1.2090199760428815,0.45780294746984035,40.800847877722504,247.57181157662387,
13.69499999999785, -1.212379686721186,0.4662778279082921,40.40726829509911,248.8214496801024,
13.72799999999783, -1.2145178955324025,0.4866540494978442,40.15044572796048,249.8787885702369,
13.760999999997813, -1.212521731404795,0.5020256431947542,39.97412021055763,250.95031605283515,
13.793999999997794, -1.2063417939200114,0.5100577565563281,39.73772477116984,251.99879332870535,
13.826999999997776, -1.1959193407749762,0.5280695524381573,39.37110228608114,253.2017940994092,
13.859999999997758, -1.179214300963152,0.57063495291983,39.01321267525677,254.3352375300783,
13.89299999999774, -1.157281302444845,0.6183855129081479,38.76129207841798,255.32530580088223,
13.925999999997721, -1.1322025632925876,0.6622813271749216,38.533251048659935,256.3188934783877,
13.958999999997703, -1.1027183985219524,0.7038662189036697,38.21351892406626,257.37066578193725,
13.991999999997685, -1.0640365743266345,0.7369036943186791,37.813613426723954,258.63487791817914,
14.024999999997666, -1.0177534869894413,0.7564290213003699,37.541952613263284,259.70182932176004,
14.057999999997648, -0.9682490906511686,0.7749806295126045,37.361404842470904,260.76881166848005,
14.09099999999763, -0.9161025394937525,0.7963181514766685,37.132365968206464,261.81615989810945,
14.123999999997611, -0.8606311557916119,0.8047781162601109,36.77703061138467,262.9984508980615,
14.156999999997593, -0.8029239061181431,0.7818090593410821,36.418184458848565,264.1680388646936,
14.189999999997575, -0.7427056456753499,0.7456304131025426,36.179803137067225,265.19508677204647,
14.222999999997556, -0.6783829724194623,0.7094700801948421,35.98732780780473,266.2364431471881,
14.255999999997538, -0.6107080944710093,0.6693785395894868,35.709057571291034,267.28013740853083,
14.28899999999752, -0.5438736688141245,0.6157249048114066,35.314335735137064,268.5164226954765,
14.321999999997502, -0.4787377096893797,0.5523989778005152,35.001209429958614,269.56084621036365,
14.354999999997483, -0.41037978636909495,0.4826376575049036,34.78221125625267,270.57310058532937,
14.387999999997465, -0.33724563482927067,0.40399201476103624,34.53445317781353,271.5721847288271,
14.420999999997447, -0.26163533669362404,0.3231748685627101,34.16914883899529,272.67672482047703,
14.453999999997428, -0.18616746491981054,0.25830246532914003,33.78422032719219,273.8590143102845,
14.48699999999741, -0.10976830995831009,0.20066582958029375,33.51411582670854,274.8657870639878,
14.519999999997392, -0.03207629517367564,0.1363183755662025,33.27645552587965,275.88357068119393,
14.552999999997374, 0.04626538655798919,0.0693376621598657,32.939180012957834,276.92765910547587,
14.585999999997355, 0.12445236424592365,0.025291569308749193,32.44950518181072,278.2092477761157,
14.618999999997337, 0.20154733672867173,0.012434339665729165,32.00008305783147,279.21295834335365,
14.651999999997319, 0.27691939605837385,0.010393456566981915,31.588981575001068,279.97854946316534,
14.6849999999973, 0.34981014652599807,0.013478048568815263,31.16070072645821,280.80578382237906,
14.717999999997282, 0.4189856864654799,0.012094262139739815,30.64862477939507,282.0263867050111,
14.750999999997264, 0.48295663869789407,-0.014724280063529275,30.199465665144192,283.26547002280694,
14.783999999997246, 0.5437166417341454,-0.048480719810016906,29.90199368452244,284.30351749555234,
14.816999999997227, 0.6016913816363655,-0.07555103936027882,29.622778169957954,285.33697143566656,
14.849999999997209, 0.6569763348981053,-0.10531939546420467,29.234665445471983,286.49070978459736,
14.88299999999719, 0.7115906693929068,-0.16075495708684964,28.778339764563636,287.7419124319284,
14.915999999997172, 0.764584391623299,-0.22643370451523906,28.436761700349418,288.7338929825706,
14.948999999997154, 0.8133875374834223,-0.28804391699940235,28.14410048176409,289.70353563368366,
14.981999999997136, 0.8586515819036595,-0.345720177624761,27.779679136791867,290.7370452470184,
15.014999999997118, 0.905486875571249,-0.39441194399322255,27.31742980272365,292.03805220861426,
15.0479999999971, 0.953758769803994,-0.4270562729074172,26.97943951881374,293.11436796969343,
15.080999999997081, 0.9985952455662008,-0.45596107377511746,26.730000279277608,294.1414630114505,
15.113999999997063, 1.0393201553867062,-0.4848243041150231,26.434425426695597,295.17065849751907,
15.146999999997044, 1.076596745445416,-0.4972821436422667,26.012879195592166,296.39818561356685,
15.179999999997026, 1.1090702458640789,-0.47642726050476675,25.611104847558824,297.55324727369964,
15.212999999997008, 1.1368149627849868,-0.4449345674071535,25.316124277980954,298.5402310654219,
15.24599999999699, 1.161037646768299,-0.41298513042370516,25.03183549983974,299.52432157851234,
15.278999999996971, 1.1797290862079013,-0.37848118864728686,24.641156963032316,300.65171488117215,
15.311999999996953, 1.1868200676184368,-0.3487043209195516,24.19987250177337,301.94359693370063,
15.344999999996935, 1.1862351452613764,-0.3262600513521785,23.90591552393128,302.99028616225416,
15.377999999996916, 1.1820374455739968,-0.2997725010848851,23.66685455469238,304.0333143983289,
15.410999999996898, 1.1740492257392912,-0.27138101951744187,23.347899525502807,305.09960437457937,
15.44399999999688, 1.1623157505512398,-0.2629428415517653,22.914153928725007,306.3746964812491,
15.476999999996861, 1.1483970673921657,-0.2786104426601081,22.558645250941257,307.45190872360007,
15.509999999996843, 1.1308952129208296,-0.295669177726467,22.29431331660014,308.45310440772096,
15.542999999996825, 1.1090041873042424,-0.3088837969291663,22.005005913835234,309.45510170176834,
15.575999999996807, 1.086068496763095,-0.3231497363712121,21.587065894560496,310.67067670939133,
15.608999999996788, 1.0672585354864395,-0.3337126398261182,21.183420043873678,311.86604982478445,
15.64199999999677, 1.0469862539260333,-0.339085275444752,20.909794870127687,312.87245994267244,
15.674999999996752, 1.0224340805197414,-0.345526217839382,20.6535347840183,313.880935733679,
15.707999999996733, 0.9944620982098383,-0.34679744484624714,20.300632490881572,314.9651593665541,
15.740999999996715, 0.9637018223241484,-0.3199511322075255,19.871561634250913,316.2213952458499,
15.773999999996697, 0.9285502271680752,-0.2698555255532372,19.548636125701137,317.25476584889867,
15.806999999996679, 0.889412539260584,-0.21616940700946935,19.292467114864678,318.2522014401529,
15.83999999999666, 0.8463711263378253,-0.16050243691445432,18.981190039922748,319.2701193076005,
15.872999999996642, 0.7953425987908356,-0.09643101592789671,18.531983399136443,320.56867639348786,
15.905999999996624, 0.7335172260187803,-0.031356047082049136,18.161694184231298,321.70860799820787,
15.938999999996605, 0.6666512915234746,0.03577224344421615,17.916798687911246,322.7149977536819,
15.971999999996587, 0.5962528869698844,0.11060444682199345,17.677894530412324,323.71767304786647,
16.004999999996578, 0.5222605570484491,0.18435034964803632,17.353825951216656,324.8157410730047,
16.037999999996618, 0.4455843299553463,0.2371138617302883,16.99090447656667,326.01961510458904,
16.07099999999666, 0.36696796943003884,0.2789066213464297,16.754792877181142,327.0637860697683,
16.1039999999967, 0.2866091972899834,0.32672699470132394,16.623278806631397,328.1549660199545,
16.13699999999674, 0.205245653371613,0.3808882693291927,16.455031834921066,329.1748463333275,
16.16999999999678, 0.12316964887416289,0.43270700009868734,16.176793442641717,330.26697119202083,
16.20299999999682, 0.03961594063852474,0.4820453412915485,15.889426887636468,331.37360629211844,
16.23599999999686, -0.043765204302789656,0.5286901337691171,15.713351269916254,332.3793436144421,
16.2689999999969, -0.12479547948021492,0.5642024083307746,15.590858536711888,333.4570667584515,
16.30199999999694, -0.2032614072365337,0.5877678465682756,15.38359687169282,334.48449898341397,
16.33499999999698, -0.28073373398802126,0.6139632919595264,15.05443845338871,335.6416645126603,
16.36799999999702, -0.35729504281915986,0.6569203921394696,14.74780783204164,336.7643239931633,
16.40099999999706, -0.4314947095929129,0.6994448277492826,14.551541904174377,337.7868023012216,
16.433999999997102, -0.5035987397524068,0.7283981087545642,14.391794843673194,338.8333579551076,
16.466999999997142, -0.5733674843608736,0.7480035629275117,14.141603592125035,339.8685320169829,
16.499999999997183, -0.6376901583896124,0.773525058814235,13.761327851862028,341.0873114992486,
16.532999999997223, -0.6942391253919261,0.8058292324645568,13.435155450467228,342.1232409232683,
16.565999999997263, -0.7470094819131008,0.834597804064141,13.201342963801208,343.066403348686,
16.598999999997304, -0.7978730958016135,0.8600522549080941,12.966001064543539,344.00937328266815,
16.631999999997344, -0.8451320019716213,0.8791268129655487,12.641315647682324,345.0341646256038,
16.664999999997384, -0.8861441398896164,0.8766212420666029,12.263952899465473,346.22607554919966,
16.697999999997425, -0.9223602792261459,0.8553885087854268,12.004214365022271,347.2429743447822,
16.730999999997465, -0.955282559800559,0.8334924149476761,11.831930891882118,348.2605787000006,
16.763999999997505, -0.9849011500781818,0.8162241645051623,11.627946461762745,349.25977048811353,
16.796999999997546, -1.0114749605975892,0.7913975302342163,11.306598894586037,350.3547715165056,
16.829999999997586, -1.0368751055737178,0.7414827860706863,10.935140625140837,351.5058005983504,
16.862999999997626, -1.0599461286236425,0.678929381616333,10.667622376470892,352.4678861095636,
16.895999999997667, -1.0780010163961513,0.6164681412768244,10.466708665335299,353.4382921593601,
16.928999999997707, -1.090765840244873,0.5548270049262225,10.220500098250435,354.3887203007673,
16.961999999997747, -1.101411244198064,0.4899435900404255,9.861866710416617,355.50861009071207,
16.994999999997788, -1.1136836659114926,0.4248643240111977,9.515353522732791,356.6058927319957,
17.027999999997828, -1.1232657791035,0.3604392009626766,9.280882821397881,357.55486747264627,
17.06099999999787, -1.1271607286800636,0.2914421734415772,9.081022095574394,358.5256690532113,
17.09399999999791, -1.12570157097471,0.21930095834006721,8.805194217850348,359.4901099245539,
17.12699999999795, -1.1213141330977698,0.1578765574892882,8.427483163999415,360.64273122839813,
17.15999999999799, -1.1147564679198563,0.11787265673120499,8.108555813774558,361.70606265781254,
17.19299999999803, -1.1044012654346764,0.08121223914122187,7.89614498512257,362.6790240965813,
17.22599999999807, -1.090000704598249,0.03690399914738429,7.70296329504328,363.66361807711775,
17.25899999999811, -1.0713361543811437,-0.009584632206466265,7.417760221739518,364.6680863532978,
17.29199999999815, -1.0467543577873524,-0.04085481788370659,7.014061029711576,365.8557196340266,
17.32499999999819, -1.015126092881136,-0.056400460174200806,6.664812249710779,366.8367071202375,
17.35799999999823, -0.9787648986642611,-0.07133286907180061,6.388164773185576,367.7012460857068,
17.39099999999827, -0.9387075976491521,-0.08873581780215231,6.108709584429856,368.5672505853985,
17.423999999998312, -0.8937239892070445,-0.1107972017257653,5.7494227575292465,369.57294233260023,
17.456999999998352, -0.8407905311478776,-0.15179901467875356,5.345173294739537,370.77923625814935,
17.489999999998393, -0.7815464110676111,-0.2110032461171914,5.079029211806908,371.7721111399128,
17.522999999998433, -0.7184149847183533,-0.272545038185152,4.906050868968677,372.75043439958995,
17.555999999998473, -0.6519973838745878,-0.33145780511950984,4.715415243702175,373.7121516552931,
17.588999999998514, -0.5823316443434499,-0.39685788749078604,4.441717000307189,374.75150208031323,
17.621999999998554, -0.5097908747695766,-0.48356387830383524,4.149705778149273,375.8844898458383,
17.654999999998594, -0.43515843478189614,-0.5816182069592537,3.997570612341517,376.89958048212765,
17.687999999998635, -0.35937816341080275,-0.6723248189705032,3.981459460503457,377.97686438193915,
17.720999999998675, -0.2831914860843817,-0.7477641345361371,3.978154881903762,379.0309416455905,
17.753999999998715, -0.20706072185088978,-0.8155732066586578,3.8906523510381494,380.0384475901756,
17.786999999998756, -0.13145504953878412,-0.8873873231285042,3.734845911854367,381.1343383665073,
17.819999999998796, -0.05685846378395139,-0.9658199135371108,3.6501763788094914,382.17228855644345,
17.852999999998836, 0.016237942590798336,-1.0384254836367692,3.7024328675283127,383.20066181690703,
17.885999999998877, 0.08791404866945726,-1.0959531916490084,3.8486078363961918,384.30560741239884,
17.918999999998917, 0.15865934409059237,-1.1370141181154862,3.9555184266289376,385.36292029846453,
17.951999999998957, 0.22827368572431703,-1.1690609723006335,3.951632772511307,386.3837687961498,
17.984999999998998, 0.2958547580707814,-1.20232001589251,3.8637940820162555,387.48966579378583,
18.017999999999038, 0.36096327064670103,-1.2409125351664945,3.832268117657793,388.5428181571337,
18.05099999999908, 0.42424317907070114,-1.2753111996928472,3.921638912227558,389.56629648419766,
18.08399999999912, 0.4864873581640722,-1.2979540081715109,4.097070539788405,390.6630877005191,
18.11699999999916, 0.5483513222795818,-1.3063155525530246,4.239342233269088,391.73310778094077,
18.1499999999992, 0.6090505377125843,-1.3058010261246475,4.267191153603319,392.7356718791446,
18.18299999999924, 0.6669124695985893,-1.3042709117899736,4.192897210541071,393.8087302097137,
18.21599999999928, 0.7206990488129073,-1.3084709585813632,4.136994795041733,394.87280302663993,
18.24899999999932, 0.7715409106235702,-1.3121273278242436,4.192078623759637,395.8761097152237,
18.28199999999936, 0.8206082367258539,-1.3081427759832722,4.344181054823003,396.9514101447614,
18.3149999999994, 0.8687949955922913,-1.2928454604451773,4.495490184630443,398.04102214985204,
18.34799999999944, 0.9153198411055093,-1.2700129514423295,4.542834165732748,399.04107678262096,
18.38099999999948, 0.9583966873400988,-1.245800605365228,4.479965263790841,400.08051927772254,
18.413999999999522, 0.9962726565038115,-1.2274569533289323,4.397912626653919,401.1609645041866,
18.446999999999562, 1.0298304527895652,-1.2120146775179497,4.417879310402233,402.1568005116665,
18.479999999999603, 1.0604947277421022,-1.1925647947821028,4.5439938368997295,403.2005482415413,
18.512999999999643, 1.0893566321546104,-1.1647581053221643,4.7037351785289205,404.2974524033306,
18.545999999999683, 1.116098204474656,-1.1305416866062732,4.779084900201756,405.3092341551475,
18.578999999999724, 1.1391030330553866,-1.0949642741726304,4.7416241871441756,406.3223743991066,
18.611999999999764, 1.1564244361621576,-1.0646552458833174,4.649364852563395,407.41740576588614,
18.644999999999804, 1.1683229832821664,-1.0398513717156046,4.642335394531242,408.4258354601408,
18.677999999999845, 1.1765290882378285,-1.0137138317805825,4.747889063114487,409.4419672324464,
18.710999999999885, 1.1823396578121863,-0.9814933693735983,4.917712528263812,410.5342745712943,
18.743999999999925, 1.1860380811341533,-0.9432694984206489,5.032341074068835,411.5688167677706,
18.776999999999965, 1.1862049921676048,-0.9030407307867264,5.0356794662336855,412.5625912748255,
18.810000000000006, 1.1808036164837576,-0.8657531783370305,4.952188429064865,413.65151996000844,
18.843000000000046, 1.1690465997201573,-0.8345277739589309,4.917613893358753,414.6910352207974,
18.876000000000086, 1.1529498272117058,-0.8036547246552459,4.998101041775451,415.6871412182807,
18.909000000000127, 1.1340988746230256,-0.7683160563615187,5.168586739938713,416.7591279900564,
18.942000000000167, 1.113424290492506,-0.7270874562582714,5.326556635102422,417.8231216904422,
18.975000000000207, 1.089866822347154,-0.6825481279949805,5.38309575219811,418.8144619906594,
19.008000000000248, 1.0614405024377633,-0.6373635909868042,5.33218224843735,419.8700246647694,
19.041000000000288, 1.026112433568803,-0.5950369116589088,5.270997578987513,420.9545936642512,
19.07400000000033, 0.9854673319313616,-0.5530354071099028,5.3177151372917155,421.94701108750513,
19.10700000000037, 0.941466120793753,-0.5070116644839376,5.472021204138007,422.9774534059027,
19.14000000000041, 0.8953810922895541,-0.4550686500778499,5.666354164032499,424.05372195610084,
19.17300000000045, 0.8468981292026057,-0.3982365697102968,5.790001271779754,425.06554697237686,
19.20600000000049, 0.794351417410343,-0.3373774468382721,5.8011021661098345,426.0844246600729,
19.23900000000053, 0.7353518682153551,-0.27344804780954884,5.735229694393877,427.21137498373747,
19.27200000000057, 0.6696590232384877,-0.20729747315013922,5.745025715057199,428.24467080311933,
19.30500000000061, 0.5994757356657272,-0.13663871899741842,5.874790075116082,429.2225931369898,
19.33800000000065, 0.5258916366366937,-0.06027070825998797,6.088613463769015,430.2348069304262,
19.37100000000069, 0.44938724040370726,0.02120502025792772,6.300496966904975,431.24609289347273,
19.40400000000073, 0.3699689163538163,0.10662441800630758,6.427119436557339,432.2425275130678,
19.437000000000772, 0.28781147168446275,0.1951001526245809,6.431152807467017,433.3490041580755,
19.470000000000812, 0.2037273914287768,0.28356734760093294,6.390283140005925,434.5424276430015,
19.503000000000853, 0.11926654077984841,0.3688289628169781,6.4698890660804524,435.5727821072395,
19.536000000000893, 0.0353182301854339,0.4507518264818319,6.664860145993258,436.5504367189962,
19.569000000000933, -0.047609631066741695,0.5285149564912767,6.916889947853794,437.53711560362024,
19.602000000000974, -0.12909751388444868,0.6007553138182796,7.1414779010929745,438.51410303798355,
19.635000000001014, -0.20851348095342648,0.6667482362577722,7.270756438377341,439.48876151616435,
19.668000000001054, -0.2846370188622273,0.727476116896608,7.2777303091471195,440.5584347985641,
19.701000000001095, -0.35531561547559665,0.7847851552184951,7.237421926750394,441.68266820903057,
19.734000000001135, -0.42154789389461417,0.8371998969197938,7.29275694098249,442.69202216442847,
19.767000000001175, -0.485444673640662,0.8834112328635146,7.458082304453566,443.7142255267056,
19.800000000001216, -0.5482954103646913,0.9216823861083342,7.68078814487285,444.78615795745526,
19.833000000001256, -0.6100410990746992,0.9510849477358583,7.85298556801532,445.8090013110744,
19.866000000001296, -0.6695393345117072,0.9743533945304216,7.915314963462561,446.809491893304,
19.899000000001337, -0.72516064969485,0.9974740192833896,7.872039832980885,447.8999373717331,
19.932000000001377, -0.7756999876475592,1.0243090157458432,7.843595422882461,448.9539742786214,
19.965000000001417, -0.8227528925630933,1.0492436385661785,7.9245059492602845,449.95375549513324,
19.998000000001458, -0.8677547153749477,1.0672464025292316,8.110557741852457,451.0225882488001,
20.031000000001498, -0.9111935247209763,1.0747936212706266,8.314987138718338,452.10144474513913,
20.06400000000154, -0.952273503265481,1.0746611436307958,8.432778834361192,453.1160029502678,
20.09700000000158, -0.9900614872712579,1.073743068852394,8.434648765557453,454.16470220083596,
20.13000000000162, -1.0235557074192265,1.081312284644125,8.380648978214078,455.26885498057857,
20.16300000000166, -1.0528865108927936,1.094679202045528,8.410170178745327,456.2882752053908,
20.1960000000017, -1.0789088400806262,1.1050192209899645,8.55808670798827,457.32685034887106,
20.22900000000174, -1.1019789986524735,1.106359935080967,8.776093953745052,458.42216252749796,
20.26200000000178, -1.1218218663826205,1.0985893362638304,8.945460683829257,459.47167366483103,
20.29500000000182, -1.1381305156039911,1.08782714179958,9.001270865053362,460.4970542497697,
20.32800000000186, -1.1509034385767252,1.0833505161712538,8.96069902115616,461.60511963226134,
20.3610000000019, -1.1601102619663028,1.090061622490524,8.956515202663923,462.67371644205184,
20.39400000000194, -1.1656622963984624,1.0989094366518417,9.071160572645054,463.69352013410656,
20.427000000001982, -1.1674340651532082,1.1026864866342405,9.285547811611183,464.7660552136203,
20.460000000002022, -1.1651078869823686,1.0981578097104379,9.503460186438927,465.8441922105141,
20.493000000002063, -1.1587044932889983,1.0884038538818923,9.625245549493,466.863600991868,
20.526000000002103, -1.1489140569754022,1.0792561871556683,9.632382580250612,467.921531577945,
20.559000000002143, -1.136910818172048,1.0782043460420965,9.603060695057005,469.0408875658822,
20.592000000002184, -1.1223704607793927,1.0830440130479178,9.675010525568355,470.06623504714446,
20.625000000002224, -1.104299198218922,1.086928847811292,9.86411433421787,471.0823840130303,
20.658000000002264, -1.0819922877631771,1.0867812557323244,10.121624142525437,472.1436580564149,
20.691000000002305, -1.055125823523882,1.0827756000430626,10.347240243083116,473.1815544923156,
20.724000000002345, -1.0244018450273404,1.0764122092897426,10.470155389698823,474.1828892823903,
20.757000000002385, -0.9913566607943346,1.0676129382980355,10.478755208547891,475.26467350974144,
20.790000000002426, -0.9580665068005213,1.0556750184796762,10.464567495747986,476.3799210708126,
20.823000000002466, -0.9232567451533314,1.0408595642341412,10.555454497047473,477.39017819677514,
20.856000000002506, -0.8851358503769176,1.0236462730111573,10.757816198348133,478.41320327936427,
20.889000000002547, -0.842835776062088,1.0056735922667042,11.019652725951707,479.4792771315735,
20.922000000002587, -0.7965772113814906,0.9876497823048652,11.238796300374498,480.51213584581046,
20.955000000002627, -0.747254341870381,0.9666716078354729,11.34884361515208,481.5267034411493,
20.988000000002668, -0.695865869891818,0.9361265395945237,11.344109047871166,482.62669135169585,
21.021000000002708, -0.6431105054556224,0.8897905347960258,11.335744743658788,483.7195809248953,
21.05400000000275, -0.5878723404848138,0.8343760201221426,11.441042251808145,484.74193894520323,
21.08700000000279, -0.5293700154626967,0.776458122094032,11.664058907787872,485.80361232551326,
21.12000000000283, -0.46771992696579573,0.7192768739492675,11.93059233662474,486.89139747601314,
21.15300000000287, -0.403292233288774,0.66084467980749,12.13227020022409,487.9413403967564,
21.18600000000291, -0.33585775919032845,0.5954947143436291,12.22262464190822,489.016625505461,
21.21900000000295, -0.26422456436087577,0.5138243238612823,12.243773762904087,490.20294121078166,
21.25200000000299, -0.18772154558975873,0.4129609713323293,12.365434256941318,491.2883215631274,
21.28500000000303, -0.1072059544350349,0.3003983833941658,12.631745326681763,492.2019993284629,
21.31800000000307, -0.023362270152845536,0.18047798581073238,12.975049250961671,492.92210542485924,
21.35100000000311, 0.06236632033555574,0.060884482167299685,13.31473955039754,493.4437186425156,
21.38400000000315, 0.14790065083832712,-0.05106527700501649,13.610102153417783,493.83077099537434,
21.417000000003192, 0.23176115666128982,-0.15352144554707955,13.858084292797008,494.1457059900151,
21.450000000003232, 0.3131191999100578,-0.2472895219636694,14.067505406095561,494.42571236776644,
21.483000000003273, 0.3914702740831294,-0.33346387218630447,14.247825809799464,494.69086339564296,
21.516000000003313, 0.4664836869332659,-0.41284540784686824,14.406940617204063,494.95124490682065,
21.549000000003353, 0.5379564795844337,-0.4859466310438071,14.551038917318158,495.21089345886185,
21.582000000003394, 0.6057946310653829,-0.5531068328642256,14.684760472630002,495.4704615607152,
21.615000000003434, 0.6699928768543222,-0.6146051648486872,14.811394126339696,495.72938677802176,
21.648000000003474, 0.7306054771811471,-0.6707456710559113,14.933066029344934,495.987471722692,
21.681000000003515, 0.7877112052264066,-0.7219012208817336,15.05088638644472,496.24558057502014,
21.714000000003555, 0.8413820171786843,-0.7685139881421109,15.165072564400543,496.505488094115,
21.747000000003595, 0.8916636907629455,-0.8110666040139006,15.275090636022542,496.7692948417268,
21.780000000003636, 0.9385702602454001,-0.8500461421625072,15.379833837466814,497.03887525985675,
21.813000000003676, 0.9820883712542748,-0.8859180371026953,15.47782699399464,497.3156205769871,
21.846000000003716, 1.0221859177937729,-0.9191163667210007,15.567436158821609,497.6005093301658,
21.879000000003757, 1.0588206832113567,-0.950048696041778,15.647065434413772,497.89440120522517,
21.912000000003797, 1.0919470168193537,-0.9791108558847336,15.71533266024018,498.1983954423028,
21.945000000003837, 1.1215202979252947,-1.006708149426696,15.771243310678733,498.514057045243,
21.978000000003878, 1.1474995325637167,-1.0332800888005658,15.814445916347479,498.84320079237904,
22.011000000003918, 1.1698478797450342,-1.0593170714168019,15.845742049572388,499.18670218436506,
22.044000000003958, 1.188529653791054,-1.0853284763525437,15.867939293459962,499.5420105106762,
22.077000000004, 1.2035035287591487,-1.1117078292019114,15.886351697206306,499.9012953200464,
22.11000000000404, 1.2147195329302651,-1.1385695568904761,15.907467330957305,500.25450203668294,
22.14300000000408, 1.222128223257785,-1.1657668648380302,15.936420252136134,500.5954069625891,
22.17600000000412, 1.2256930798225243,-1.1930619316071298,15.975953936934292,500.92322241962114,
22.20900000000416, 1.2253949328278453,-1.2202428360734978,16.027016955725617,501.2400811080327,
22.2420000000042, 1.2212304438904436,-1.2471472561905586,16.08953462954526,501.5486926246002,
22.27500000000424, 1.2132095106219205,-1.2736491068185338,16.16282986699031,501.8513371195639,
22.30800000000428, 1.201353418469763,-1.299640574942828,16.245807334436545,502.14967083586083,
22.34100000000432, 1.1856939792277725,-1.32501636877789,16.337054512997824,502.44486089238706,
22.37400000000436, 1.1662736446720414,-1.3496594184133768,16.43492823048555,502.73780984792955,
22.407000000004402, 1.1431466211447296,-1.3734274596944442,16.53763478237124,503.0293403506368,
22.440000000004442, 1.1163809212366673,-1.3961421949626638,16.64328667025712,503.3202458392659,
22.473000000004483, 1.0860609417812614,-1.417584797482443,16.74992461505103,503.61114681246966,
22.506000000004523, 1.052289593632255,-1.4375015620174565,16.85552295491891,503.90217291193926,
22.539000000004563, 1.0151886116006477,-1.4556195535445278,16.958031279542336,504.19263096391865,
22.572000000004603, 0.9748961873402948,-1.4716648084497503,17.05550707748215,504.48092788961037,
22.605000000004644, 0.9315626978148482,-1.4853715676521488,17.14633205619535,504.76491729880735,
22.638000000004684, 0.8853466160709705,-1.4964770790367472,17.229418617975256,505.0425270022082,
22.671000000004724, 0.8364120466188552,-1.5047077536684754,17.304298697149267,505.3123211525458,
22.704000000004765, 0.7849274862560297,-1.5097667610210337,17.37106322229279,505.57377238228827,
22.737000000004805, 0.7310643923089813,-1.5113286120626148,17.43020027424808,505.82726645994364,
22.770000000004845, 0.6749944014887723,-1.5090404980432728,17.482401543015428,506.07397827360376,
22.803000000004886, 0.6168847217104376,-1.502527695737063,17.528386579595672,506.3157296745126,
22.836000000004926, 0.5568916938751182,-1.4914004253537185,17.568770471973316,506.5548649570345,
22.869000000004966, 0.49515275146623366,-1.4752603509558049,17.603991284140115,506.7941107460416,
22.902000000005007, 0.4317772242200451,-1.4537057903728523,17.63432072763114,507.03632097043715,
22.935000000005047, 0.3668370407647661,-1.426336002930636,17.65999781215699,507.28393703681246,
22.968000000005087, 0.30035994229245716,-1.3927572852146157,17.681520391854704,507.5379890295741,
23.001000000005128, 0.23232998784285816,-1.352596066089882,17.700025172109118,507.79677235891535,
23.034000000005168, 0.16269893350664769,-1.30552141519934,17.717450785082168,508.05508101978256,
23.06700000000521, 0.09140324610662696,-1.2512686414998344,17.736139379882705,508.305033828632,
23.10000000000525, 0.01837623081459873,-1.189653905894802,17.758075656293453,508.53789547882417,
23.13300000000529, -0.05644249441785554,-1.1205891839164852,17.784407543387434,508.74509665299723,
23.16600000000533, -0.13308445198968577,-1.0441209045698114,17.815528976139355,508.9180006425105,
23.19900000000537, -0.2115040001153965,-0.9605087285698123,17.851553664782482,509.0473517497277,
23.23200000000541, -0.2915025759896576,-0.870345029684097,17.892974459455296,509.12323841791937,
23.26500000000545, -0.3726394696506994,-0.7746892478407222,17.941353856871462,509.1358616926232,
23.29800000000549, -0.4541665256145505,-0.6751514023682769,17.999802312726167,509.07700904188005,
23.33100000000553, -0.5350385808869883,-0.5738383081350401,18.07282271759658,508.94199547435056,
23.36400000000557, -0.6140213338879407,-0.47312514009249157,18.164841858943838,508.7329373635773,
23.39700000000561, -0.689855396704936,-0.37528354147522724,18.27643392077926,508.4672797294661,
23.430000000005652, -0.7614511960944715,-0.2819670535819471,18.40002548882837,508.1878120709449,
23.463000000005692, -0.8281089916517643,-0.19381960512936675,18.524480219775008,507.94391940151445,
23.496000000005733, -0.8895400685226995,-0.11074525486464887,18.644691200522846,507.75916478196166,
23.529000000005773, -0.9456798998323339,-0.03237239487354231,18.761064677474057,507.63524048825263,
23.562000000005813, -0.9965517892272403,0.0417698574476287,18.875267748102573,507.5673236659086,
23.595000000005854, -1.0422126984310616,0.11220501785560431,18.988431603477647,507.5502479913771,
23.628000000005894, -1.0827315749669963,0.17947754502139635,19.100859481654734,507.5795911476553,
23.661000000005934, -1.1181796235994987,0.2441225667154564,19.212139005129494,507.65153374166175,
23.694000000005975, -1.1486258964601275,0.3066396288135833,19.321307496929606,507.7626134533242,
23.727000000006015, -1.174135097802231,0.36747280396825593,19.426993604729663,507.90958340644886,
23.760000000006055, -1.1947659401196875,0.426998882433163,19.52753484047001,508.08938722936165,
23.793000000006096, -1.210569313622799,0.4855246003904659,19.6210908839885,508.29924401818016,
23.826000000006136, -1.2215860436578216,0.5432926194421416,19.705773904333434,508.5368259177369,
23.859000000006176, -1.2278441190669793,0.6004946200732764,19.779816331140687,508.80045400718103,
23.892000000006217, -1.2293552318471748,0.65728858505177,19.841817262653198,509.08910041618674,
23.925000000006257, -1.2261113475089653,0.7138144353603302,19.891178307467005,509.40171556777057,
23.958000000006297, -1.2180866609647707,0.7701927685282615,19.928907015468038,509.73513895431637,
23.991000000006338, -1.205259550025902,0.8264788145835428,19.958616958949207,510.0808949379253,
24.024000000006378, -1.1876605864290053,0.8825778501426514,19.986333426939133,510.42510836847686,
24.05700000000642, -1.1654022731962483,0.938224280581662,20.017995508255705,510.7550861401602,
24.09000000000646, -1.1386510940684829,0.9930694415592246,20.057126807145366,511.06509562847964,
24.1230000000065, -1.107586301776869,1.046763901255121,20.104873296744522,511.35526048938334,
24.15600000000654, -1.0723846083937087,1.098976869423448,20.16108327069008,511.6281437714374,
24.18900000000658, -1.0332221395207744,1.1493864557799915,20.22510369118552,511.8867252441016,
24.22200000000662, -0.9902799404309024,1.1976680006284195,20.296168283463913,512.1336976326351,
24.25500000000666, -0.9437482609568109,1.2434867908644882,20.37356401355683,512.3713235426547,
24.2880000000067, -0.8938289507634539,1.286494833109881,20.456697249340763,512.6014471835543,
24.32100000000674, -0.8407361480632384,1.3263309152448948,20.54511094996607,512.8255172604648,
24.35400000000678, -0.7846954615421503,1.362623800570258,20.638473004064195,513.0445912125135,
24.38700000000682, -0.725941813780915,1.3949987531565602,20.736545750343257,513.2593352600604,
24.420000000006862, -0.6647161930819478,1.4230874309275974,20.83914469891794,513.4700488502069,
24.453000000006902, -0.6012617278971797,1.446540486094446,20.946094117640175,513.6767378355279,
24.486000000006943, -0.5358196573117268,1.4650411680007391,21.057185576127107,513.8792421751007,
24.519000000006983, -0.4686257973631825,1.4783172799760096,21.172142317313057,514.0773987850296,
24.552000000007023, -0.39990791841733625,1.4861485535407981,21.29058893908402,514.2712015819287,
24.585000000007064, -0.3298840888696749,1.4883671696026948,21.412024180174818,514.4609198472908,
24.618000000007104, -0.2587616413180863,1.4848505797733709,21.535794930741183,514.6471523289649,
24.651000000007144, -0.1867361300468336,1.4755074155544596,21.661070468953984,514.8308158387396,
24.684000000007185, -0.11398956521011903,1.4602586216922608,21.786815891821487,515.0130793990992,
24.717000000007225, -0.04068735998436397,1.4390168620833648,21.91176291970147,515.1952512975575,
24.750000000007265, 0.03302616500002657,1.4116679678047044,22.03437651927582,515.3786084505396,
24.783000000007306, 0.10703312629239009,1.378059227245154,22.152819823798563,515.5641331140805,
24.816000000007346, 0.1812464097914586,1.3380010838045309,22.264930951774215,515.7521060972741,
24.849000000007386, 0.25560920134669274,1.2912909665276502,22.368246466347525,515.9415266075238,
24.882000000007427, 0.33008374684074504,1.2377683099098862,22.460133638890706,516.129427294789,
24.915000000007467, 0.40462276528919766,1.1774038785251686,22.53810232065166,516.3103375627161,
24.948000000007507, 0.47912109735534864,1.1104113402822409,22.600306644413816,516.4763001184457,
24.981000000007548, 0.5533555237379053,1.037350633128923,22.646097312298117,516.6177288577709,
25.014000000007588, 0.626932760999016,0.959184495637062,22.676351356757976,516.7249666970888,
25.04700000000763, 0.6992712886029248,0.8772561758647804,22.69335681456338,516.790025151958,
25.08000000000767, 0.7696362839986923,0.7931722906665174,22.700267556134847,516.807971975527,
25.11300000000771, 0.837226621232965,0.7086040932915422,22.70037759567127,516.7776249869592,
25.14600000000775, 0.9012849951819499,0.6250634329782183,22.696536927733394,516.7014273375646,
25.17900000000779, 0.9611876053337995,0.5437330261714685,22.69092569338053,516.5846754364292,
25.21200000000783, 1.016484720572403,0.46540098536304725,22.685202569493804,516.4345534836453,
25.24500000000787, 1.0668945215831858,0.3904893729865273,22.680866682757475,516.2594096462122,
25.27800000000791, 1.1122723985978469,0.31912814067028367,22.67958631018115,516.0683091268513,
25.31100000000795, 1.1525763734175274,0.25122975292598315,22.683257560544487,515.8704318465926,
25.34400000000799, 1.1878364971025688,0.1865488101440165,22.69371094250834,515.6739179158939,
25.37700000000803, 1.2181268189142356,0.12473503937301647,22.712277423038785,515.4845099247834,
25.410000000008072, 1.2435396561910375,0.0653870715943914,22.73956564002746,515.3048779451028,
25.443000000008112, 1.2641661687093584,0.008100118975070575,22.775573722600807,515.1349651063852,
25.476000000008153, 1.2800859398639728,-0.047502318801726076,22.81997498166122,514.9728659797771,
25.509000000008193, 1.2913640240832625,-0.10175431086704638,22.872386364506433,514.8156422560038,
25.542000000008233, 1.298052071317916,-0.15494655677307667,22.932545246843183,514.6598346498325,
25.575000000008274, 1.3001907335331444,-0.20733428958490482,23.000403449457227,514.5017077717681,
25.608000000008314, 1.2978115852627705,-0.2591520112179652,23.076162624311625,514.3373693217893,
25.641000000008354, 1.2909372693816312,-0.31063451250768626,23.160248549377272,514.1629654364782,
25.674000000008395, 1.2795785656620198,-0.36204074161327576,23.253164359126025,513.9752933837294,
25.707000000008435, 1.2637277515233614,-0.4136621572112517,23.355090497797615,513.7733694971361,
25.740000000008475, 1.2433525406815222,-0.4657660216206245,23.465179643996795,513.5610933751972,
25.773000000008516, 1.218405207611099,-0.5184327849458228,23.58109721276019,513.3488134000972,
25.806000000008556, 1.1888557873385768,-0.5714011622185892,23.6998284018877,513.1500015951592,
25.839000000008596, 1.1547227516307255,-0.6241158786867528,23.81922518584958,512.9752807674984,
25.872000000008637, 1.116074660814879,-0.6759032970305763,23.93854135713967,512.8302948834896,
25.905000000008677, 1.0730169731083665,-0.7260774127158541,24.05791068942755,512.7172710177957,
25.938000000008717, 1.0256833220581156,-0.7739537505498294,24.177717005940327,512.6367464186156,
25.971000000008758, 0.9742340571137229,-0.8188335055854713,24.298237235503564,512.5883179147056,
26.004000000008798, 0.9188577679245006,-0.8599963755924839,24.419527946331613,512.5708236030476,
26.037000000008838, 0.85977118601324,-0.8967113390563154,24.54146362623563,512.582457797191,
26.07000000000888, 0.7972146087880527,-0.9282586503038753,24.66383475831063,512.6210326423133,
26.10300000000892, 0.7314428282379032,-0.9539513766511093,24.78641769203818,512.6843405454129,
26.13600000000896, 0.6627138190949841,-0.9731499510989613,24.908962347080053,512.7704657007474,
26.169000000009, 0.5912776928017726,-0.9852718771670889,25.03109530617701,512.8779355105189,
26.20200000000904, 0.5173672304053428,-0.9898029339319472,25.15216931987734,513.0056915005179,
26.23500000000908, 0.44119027181211634,-0.9863142651355524,25.27109565714995,513.1529125233654,
26.26800000000912, 0.3629242203380947,-0.9744849262175131,25.38618911061371,513.3187363461313,
26.30100000000916, 0.28271378700056893,-0.9541253589388327,25.495053035107077,513.5019354205534,
26.3340000000092, 0.20067429692631336,-0.9251959061981194,25.594536434878876,513.7006381722604,
26.36700000000924, 0.11690374454654587,-0.8878166923054704,25.680796025304,513.9122470568692,
26.400000000009282, 0.031506558705979675,-0.842269982904895,25.749475291235672,514.133748082708,
26.433000000009322, -0.055369994214770034,-0.7889993042955378,25.795961906614373,514.3625717341105,
26.466000000009362, -0.14349006685023896,-0.7286045094835966,25.815629172566286,514.5980167475504,
26.499000000009403, -0.23248348637885982,-0.6618146140627549,25.803962885519436,514.8429677421033,
26.532000000009443, -0.32181459102233895,-0.5893977624860621,25.756607439292573,515.1049932876842,
26.565000000009483, -0.41077602955779674,-0.5119842573236743,25.669908886700963,515.3938073500276,
26.598000000009524, -0.49849061609241635,-0.4300135341265426,25.543928176914996,515.7074461223829,
26.631000000009564, -0.5838996679199532,-0.3444832695294025,25.387989584388702,516.009553078033,
26.664000000009604, -0.6658663715071194,-0.2578890526087143,25.21727171183465,516.2438688798727,
26.697000000009645, -0.7434403645346648,-0.17330928148650052,25.042242969837275,516.3771260356114,
26.730000000009685, -0.8160217411795982,-0.09317173403170934,24.86889109954692,516.4037799425195,
26.763000000009725, -0.8833791849497596,-0.01893328933546208,24.702324742292245,516.3343160972253,
26.796000000009766, -0.9455696149855526,0.04890072638782688,24.547045061963065,516.1866938448749,
26.829000000009806, -1.0027954836961672,0.11055253467672653,24.406251299358683,515.9796623587674,
26.862000000009846, -1.055281102516724,0.16662180095151513,24.281815286357077,515.7287913559633,
26.895000000009887, -1.103212446050406,0.21779009317075346,24.174611847894244,515.4452582825372,
26.928000000009927, -1.1467261161245657,0.2646505102067785,24.08471269626277,515.1361782176833,
26.961000000009967, -1.1859199539511616,0.30763271482408844,24.011295805353157,514.8057489246795,
26.994000000010008, -1.2208687258215787,0.34698833215013086,23.95221822180154,514.4572664913251,
27.027000000010048, -1.2516372944512681,0.3828453897489318,23.903339449386117,514.0960319697592,
27.06000000001009, -1.2782854692111068,0.4153566398258985,23.858379103004285,513.7312340077783,
27.09300000001013, -1.3008621715174271,0.4448504754585907,23.810456938358463,513.3734425094849,
27.12600000001017, -1.3193986201651595,0.4718062496881296,23.754402474756073,513.0297540604831,
27.15900000001021, -1.3339110371813283,0.4966990984053425,23.687568058567535,512.7025790046285,
27.19200000001025, -1.3444093341884673,0.5198949397738262,23.60919417498327,512.3918014868502,
27.22500000001029, -1.3509050735634598,0.5416310865938597,23.519607021332,512.0968806779672,
27.25800000001033, -1.3534171016674172,0.5620343714869932,23.419725053597027,511.8178326139191,
27.29100000001037, -1.351975420478474,0.5811473913670442,23.310798507993024,511.55546796056456,
27.32400000001041, -1.3466235280711734,0.5989561921783004,23.194260978516514,511.31129235948805,
27.35700000001045, -1.3374188020176403,0.6154193981444254,23.071636776050273,511.08727468851976,
27.39000000001049, -1.3244302390252813,0.6304973385651318,22.94448542393801,510.8855768771406,
27.423000000010532, -1.3077332551601943,0.6441758147248683,22.814369272124924,510.7082962767921,
27.456000000010572, -1.2874023390331166,0.6564765475629465,22.682821189472815,510.5572527092968,
27.489000000010613, -1.2635036672900222,0.6674483574337141,22.551288085252978,510.4338356474441,
27.522000000010653, -1.236090356253652,0.6771403960506684,22.421043170307748,510.3389112380528,
27.555000000010693, -1.205202117172209,0.68556715615332,22.293085375629637,510.27278179384797,
27.588000000010734, -1.1708691317071227,0.6926784269861809,22.168057303923405,510.2351946153169,
27.621000000010774, -1.1331182753707778,0.6983437143441223,22.04620448670278,510.22540463336503,
27.654000000010814, -1.091979330557818,0.7023534684693591,21.927378854922974,510.2422953561174,
27.687000000010855, -1.0474894406737034,0.7044337810296382,21.81107354006612,510.28455067489745,
27.720000000010895, -0.9996950617382049,0.7042693088497561,21.69647151191398,510.35085007470605,
27.753000000010935, -0.9486514786404211,0.7015303286456672,21.58249682174167,510.44003539051204,
27.786000000010976, -0.894420339111137,0.6959019761359723,21.46787356999143,510.55116001189197,
27.819000000011016, -0.8370656453425245,0.6871143136321806,21.351226118729354,510.6832574221774,
27.852000000011056, -0.7766484541346833,0.6749670301227958,21.231289021199725,510.83455826292465,
27.885000000011097, -0.7132209038860436,0.6593284155412951,21.107274656034235,511.00096105475296,
27.918000000011137, -0.6468224676952141,0.6400788110071239,20.979204153342135,511.1744413365345,
27.951000000011177, -0.5774838104240426,0.6170185832500611,20.84763470669921,511.34345687628604,
27.984000000011218, -0.5052381908599363,0.5898526296333332,20.71263141244093,511.49590838629825,
28.017000000011258, -0.4301316869000803,0.5583068474513161,20.572914280239473,511.6213068117966,
28.0500000000113, -0.3522297374125976,0.5222797664760488,20.425842060452563,511.7099442739971,
28.08300000001134, -0.2716275263021096,0.48194335725903287,20.26792074912855,511.7506772101018,
28.11600000001138, -0.18847108941991375,0.43778342529477826,20.09556060193936,511.7291822820509,
28.14900000001142, -0.1029929476977536,0.39057295340106024,19.90627328951175,511.6273940907537,
28.18200000001146, -0.015563475113674577,0.34125443211974227,19.700702788986067,511.42454692720634,
28.2150000000115, 0.07325353147280352,0.29075417279093557,19.485607686866015,511.1004190884345,
28.24800000001154, 0.16268203989398383,0.23987576545055617,19.276564858207735,510.6403391505939,
28.28100000001158, 0.25179000796301537,0.18941461174840854,19.09647399947728,510.03744695499995,
28.31400000001162, 0.33954009829406095,0.1402857174413922,18.962450765352294,509.29724825830743,
28.34700000001166, 0.42477954545816937,0.09333532263123401,18.851258087196282,508.5011617195665,
28.3800000000117, 0.506689612551929,0.04913559053404335,18.709085497312824,507.79245105870507,
28.413000000011742, 0.5849507627585334,0.00798789620346726,18.5247264966719,507.20847484211384,
28.446000000011782, 0.6593239872592558,-0.03019995739901608,18.314182590945908,506.73932676955644,
28.479000000011823, 0.7296169031545114,-0.06589979351714621,18.09454960857277,506.37521979385275,
28.512000000011863, 0.7957398657254685,-0.09970405772065559,17.877192344969625,506.106023181636,
28.545000000011903, 0.8576977447564096,-0.13208713459456906,17.667571087393366,505.92096253068325,
28.578000000011944, 0.9155470302644281,-0.16334536663945226,17.467064284772206,505.8101460946759,
28.611000000011984, 0.9693585494324093,-0.1936612145169297,17.27466606739445,505.7653832711095,
28.644000000012024, 1.0191984110432621,-0.22320129995890364,17.088004586466283,505.78031124013125,
28.677000000012065, 1.0651246943276376,-0.2522093740286456,16.903853724377765,505.85032242592825,
28.710000000012105, 1.1071965190837656,-0.2810887119513223,16.718473607525976,505.97208555862863,
28.743000000012145, 1.1454945065668196,-0.31045904052865014,16.528301576883898,506.1411575026429,
28.776000000012186, 1.1801427901960324,-0.34107786482632924,16.33183591069808,506.34499565303014,
28.809000000012226, 1.211284251364441,-0.3734165362646374,16.131983818746328,506.5550868310329,
28.842000000012266, 1.2389868309923602,-0.40722002705489097,15.933951354266197,506.73629670472155,
28.875000000012307, 1.2632217217893142,-0.4418206446278518,15.739954250233916,506.8663907933246,
28.908000000012347, 1.283942185421092,-0.476646601428824,15.548881160215526,506.9367242418669,
28.941000000012387, 1.301129907278456,-0.5112880240333426,15.358869209310992,506.9439458769281,
28.974000000012428, 1.31478941392901,-0.5453781874145845,15.168944088033731,506.88629048967687,
29.007000000012468, 1.3249244322850573,-0.5785217701861018,14.979622234618256,506.7634196852527,
29.04000000001251, 1.3315170169174728,-0.6103101445115625,14.792958619717883,506.5769819910055,
29.07300000001255, 1.3345214835212496,-0.6403871620602297,14.612287581275561,506.33070142247664,
29.10600000001259, 1.333876107654793,-0.6684990868829727,14.441819982545319,506.02978557263475,
29.13900000001263, 1.329525188467849,-0.694477199972818,14.286157317571824,505.67979605363814,
29.17200000001267, 1.3214405597365613,-0.7181459046326598,14.14964661929383,505.2853395966059,
29.20500000001271, 1.3096360181344326,-0.7391836132714226,14.035342189121506,504.8495883865407,
29.23800000001275, 1.294170541689028,-0.7569996429195245,13.942977745069145,504.37715271289227,
29.27100000001279, 1.2751242310592141,-0.770828613177391,13.865636200976377,503.88246231816294,
29.30400000001283, 1.252536207074858,-0.7802579109506587,13.789409160000131,503.39255391166984,
29.33700000001287, 1.2263809440878972,-0.7855383998837996,13.701315899249009,502.9297713063042,
29.37000000001291, 1.1966238653635708,-0.7870993269634405,13.595550695472536,502.5008923811139,
29.403000000012952, 1.1632572990414005,-0.7851189871105837,13.471833881307901,502.10501622174957,
29.436000000012992, 1.1262932013131053,-0.7794859475513016,13.332385039200691,501.7408266346476,
29.469000000013033, 1.0857451596548777,-0.7698821403668853,13.18022320939334,501.40851647540546,
29.502000000013073, 1.0416121962854445,-0.7558627174348347,13.018283544112341,501.1096838843296,
29.535000000013113, 0.9938653080373343,-0.7369196310378721,12.848968658108626,500.84708160717923,
29.568000000013154, 0.9424364824304876,-0.7125377363162877,12.67405312589997,500.6247190123768,
29.601000000013194, 0.8872122926562744,-0.6822569484290696,12.49490086588173,500.44824329497345,
29.634000000013234, 0.8280388504707524,-0.6457499675982314,12.312885675056709,500.32522881205415,
29.667000000013275, 0.7647472565967912,-0.6029002021985049,12.129751828521044,500.26476664125397,
29.700000000013315, 0.6971978757295165,-0.5538294940334868,11.947509993689017,500.2758757710179,
29.733000000013355, 0.6253185876492243,-0.4988484905291665,11.76773408424055,500.36531455158826,
29.766000000013396, 0.5491129904932563,-0.4384200860590985,11.59095582456822,500.53626293135204,
29.799000000013436, 0.4686612570153415,-0.3732832174415165,11.417532464500125,500.786841802448,
29.832000000013476, 0.38417602989347366,-0.30464544035298574,11.25145798052551,501.1019455570391,
29.865000000013517, 0.29611803141901943,-0.23375585146095867,11.10480063072876,501.44191521494014,
29.898000000013557, 0.20518659446372967,-0.16089480577046902,10.991869275735281,501.7656138714303,
29.931000000013597, 0.11218249507872885,-0.08585380538705044,10.919995733452247,502.0646981999476,
29.964000000013638, 0.018000209607407627,-0.00908780783817708,10.89174909346701,502.35195046810196,
29.997000000013678, -0.07635780823659251,0.0680880485226908,10.90834600984381,502.6406633891532,
30.030000000013718, -0.16986670974976534,0.14378900841235767,10.969570804999522,502.93609250263796,