0.03300000000000002, -0.9258047527047945,-0.0013628507240461578,0.4890868201820754,0.7601718397487238,
0.06600000000000004, -0.921420924286799,-0.005382033470787742,0.486501589273993,0.7576738132580307,
0.09900000000000007, -0.9141432000457597,-0.012089170404165659,0.4821234032558871,0.7534441065545651,
0.1320000000000001, -0.9039707605833596,-0.02153487504330577,0.47581928315356853,0.7473554674940873,
0.16500000000000012, -0.890902642866872,-0.03378546472850237,0.46739618038856284,0.7392230948704266,
0.19800000000000015, -0.8749380697170561,-0.04891803431256945,0.45659420010200175,0.7287976410954742,
0.23100000000000018, -0.856077063020632,-0.06701354009353921,0.4430783994300295,0.7157558866297872,
0.2640000000000002, -0.8343215016073735,-0.08814742229766767,0.42642985123296406,0.6996888572771347,
0.2970000000000002, -0.8096768346635963,-0.11237718361950148,0.40613720744063714,0.68008716911455,
0.33000000000000024, -0.7821547075847513,-0.13972628441396456,0.381590819125242,0.6563235230626743,
0.36300000000000027, -0.7517767808819401,-0.1701637997509336,0.35208261385864553,0.627632671911125,
0.3960000000000003, -0.7185799903671266,-0.20357965917111592,0.31681633767320866,0.5930900903421534,
0.4290000000000003, -0.6826233566692044,-0.23975616992577903,0.27493415603673005,0.5515923656065078,
0.46200000000000035, -0.6439961429431004,-0.27833813318151523,0.22556629226735114,0.5018454560226931,
0.4950000000000004, -0.602826643017417,-0.31880627052997085,0.16790915324975778,0.4423717749545397,
0.5280000000000004, -0.5592902075869576,-0.3604614924601368,0.10133269016416255,0.3715532164768525,
0.5610000000000004, -0.5136144957444833,-0.40242956879118796,0.02550848967986011,0.28773280415510577,
0.5940000000000004, -0.4660797514872888,-0.4436950397938575,-0.059462712957690476,0.18939811243836055,
0.6270000000000004, -0.4170125164195323,-0.4831679114427593,-0.15295719692385215,0.0754580689861639,
0.6600000000000005, -0.36677261932146693,-0.5197768491824856,-0.2538043374953321,-0.0544053256108048,
0.6930000000000005, -0.31573500676422533,-0.5525713410566073,-0.3603564857863668,-0.19937749990419518,
0.7260000000000005, -0.26426923562005084,-0.5808078688110525,-0.4706482606392419,-0.357264273066433,
0.7590000000000006, -0.21271988185224514,-0.6039960092241783,-0.58260662013388,-0.5245013938404729,
0.7920000000000006, -0.1613909805081332,-0.621891085312443,-0.6942514047586927,-0.6965147884255304,
0.8250000000000006, -0.11053712248945147,-0.6344380100330714,-0.8038335992826756,-0.8683853472776158,
0.8580000000000007, -0.06036264330790819,-0.6416889229979329,-0.9098931595540743,-1.0356077139222952,
0.8910000000000007, -0.011028221822916148,-0.6437247172890065,-1.011254353882385,-1.1946741896435142,
0.9240000000000007, 0.03733791773371426,-0.6406026241902699,-1.1069890862694254,-1.3433225897443866,
0.9570000000000007, 0.08462775807336284,-0.6323355157820199,-1.1963687392976148,-1.480467027992995,
0.9900000000000008, 0.13074289219642857,-0.6188953820826572,-1.278811639825743,-1.6059445370552334,
1.0229999999999981, 0.1755867770319206,-0.6002291292146628,-1.3538278735356135,-1.7202162296657941,
1.0559999999999945, 0.21905986856623963,-0.5762770938225299,-1.4209639483693561,-1.8241086342260224,
1.0889999999999909, 0.2610571190866567,-0.5469889477212158,-1.4797513142904157,-1.9186256649523874,
1.1219999999999872, 0.301467217365301,-0.5123352514045126,-1.52966271393979,-2.0048277521864053,
1.1549999999999836, 0.3401730635756376,-0.47231511205283777,-1.5700792037304423,-2.0837604487686816,
1.18799999999998, 0.3770531388874788,-0.4269614554953015,-1.6002694369496997,-2.1564116771397543,
1.2209999999999763, 0.41198358564373466,-0.3763457398753683,-1.6193819549162567,-2.2236776794488127,
1.2539999999999727, 0.4448409309718712,-0.32058381813822234,-1.6264507525966285,-2.286319011114042,
1.286999999999969, 0.47550545075737655,-0.25984426218021756,-1.6204138605010032,-2.3448886001009153,
1.3199999999999654, 0.5038651698413539,-0.19435989007728743,-1.6001435135323099,-2.3996149447095663,
1.3529999999999618, 0.5298204195118283,-0.12444259945186864,-1.5644841656189459,-2.4502271671235567,
1.3859999999999582, 0.5532887295483239,-0.05050109102291009,-1.5122913915585572,-2.4957170807416227,
1.4189999999999545, 0.57420964567705,0.026939116271506025,-1.4424624248543372,-2.5340467466104064,
1.4519999999999509, 0.592548879105608,0.10721384057417888,-1.3539514182683259,-2.561824957377582,
1.4849999999999473, 0.6083010636930077,0.1894972568467783,-1.2457734821015347,-2.5739889687836643,
1.5179999999999436, 0.6214903843700652,0.27278064138557384,-1.1170221528742745,-2.56354007395163,
1.55099999999994, 0.6321685810270886,0.3558616313154421,-0.9669512453940623,-2.5213985978807063,
1.5839999999999363, 0.6404105349611632,0.4373628110158783,-0.795198545412256,-2.436459797273718,
1.6169999999999327, 0.6463088507257445,0.5158086459843404,-0.6022576748202424,-2.295925359831963,
1.649999999999929, 0.6499698719476521,0.5897892441545449,-0.39034882441626634,-2.0859679818096293,
1.6829999999999254, 0.6515127821268982,0.6582079261050398,-0.1648644204676088,-1.7928501683015703,
1.7159999999999218, 0.651069919312844,0.7205179478410093,0.06371689117809498,-1.4046407880037892,
1.7489999999999182, 0.6487852744538005,0.7767073990747989,0.27875697406265026,-0.9126178422168478,
1.7819999999999145, 0.6448245235138247,0.8267686757364175,0.460561721551257,-0.30952671531510256,
1.814999999999911, 0.6394415980065091,0.8698005338754974,0.6004285011224301,0.40494018994997205,
1.8479999999999073, 0.6330008785330143,0.9046087581700583,0.7333539052032797,1.1602621167499743,
1.8809999999999036, 0.6256165588154592,0.9330539832128127,0.9161848663899353,1.8280781423053503,
1.9139999999999, 0.6172096791294603,0.958388993898135,1.1552232050757043,2.3599655614039663,
1.9469999999998964, 0.6077925257484994,0.9834627100898591,1.426524736575845,2.7455143098781085,
1.9799999999998927, 0.5973853642881668,1.010988159081733,1.7056240388558814,2.9860454711838775,
2.0129999999998893, 0.5859517051571637,1.0428496339506725,1.9787777937796907,3.096434377751382,
2.0459999999998857, 0.5734348978626992,1.0798855466215094,2.2426057746647974,3.0987446260586817,
2.078999999999882, 0.5597965759332318,1.1224774039211505,2.49876090330719,3.01742807914865,
2.1119999999998784, 0.5450140314888148,1.1709509229052344,2.748345307675573,2.882361372372451,
2.144999999999875, 0.5290644446292562,1.225052843766836,2.9884781594246332,2.73265573352349,
2.177999999999871, 0.5119417804125453,1.2832024541149192,3.2149433943468275,2.604991804852816,
2.2109999999998675, 0.4936772979935704,1.3431023839120593,3.4270759748580266,2.5180804817936857,
2.243999999999864, 0.47431672376819495,1.4027982295448327,3.627403160039724,2.475886184844778,
2.2769999999998602, 0.45389142229198626,1.460936708488967,3.8191722590253856,2.477217286483752,
2.3099999999998566, 0.43240866133560873,1.5165881466910984,4.005099249726272,2.520414115373534,
2.342999999999853, 0.40985399256804844,1.569045795626881,4.1870085453822465,2.6044918376245594,
2.3759999999998493, 0.38619864430085743,1.6176870337905127,4.365720817112056,2.729066154298463,
2.4089999999998457, 0.3614092962253565,1.6618915133078265,4.540969728097206,2.8939641384170467,
2.441999999999842, 0.33545864026591216,1.7010092702151098,4.711338840007175,3.0987942884803705,
2.4749999999998384, 0.3083341621942989,1.7343730517327431,4.87428629722506,3.342620354388977,
2.507999999999835, 0.28004170288148617,1.7613367883440625,5.0263352683647895,3.6239096431718805,
2.540999999999831, 0.2506013950581908,1.7813043990495099,5.1634688002191735,3.9408968520369076,
2.5739999999998275, 0.22003645678454198,1.7937087322641583,5.281730176962455,4.292250006429048,
2.606999999999824, 0.18835833918500697,1.7979189183294366,5.378136774369157,4.677280835037665,
2.6399999999998203, 0.1555583240993963,1.7931070433353375,5.452442486175947,5.0936972066851025,
2.6729999999998166, 0.12163936535643612,1.7782698333410891,5.510312633816152,5.5309220226704285,
2.705999999999813, 0.08672068857787651,1.7527285037162192,5.564628982800796,5.967031821097162,
2.7389999999998094, 0.05109428061035263,1.7166225836875821,5.629105998482818,6.382808255480689,
2.7719999999998057, 0.015124455981448005,1.6705404646490203,5.711792783391942,6.772870181000518,
2.804999999999802, -0.020842034634770162,1.6149590538219332,5.815962191131722,7.139237598674998,
2.8379999999997985, -0.05648082908270648,1.5500386745184185,5.942779234067192,7.4834685492974105,
2.870999999999795, -0.09146142129979469,1.47555789150984,6.092595239232358,7.8033809731830654,
2.903999999999791, -0.12540517712694824,1.390849901357484,6.265472964806708,8.09178616320395,
2.9369999999997876, -0.15782428534062293,1.2947795654760479,6.461502966020045,8.335154197331311,
2.969999999999784, -0.1880410183737076,1.1859323737031913,6.68066861696881,8.511159133604536,
3.0029999999997803, -0.21513229283298527,1.063364471775335,6.921560510520243,8.586120236183401,
3.0359999999997767, -0.23804075645573794,0.928077846291915,7.179755797024584,8.519046605417824,
3.068999999999773, -0.2559121338864014,0.7841740757753509,7.449375463206052,8.28001194195466,
3.1019999999997694, -0.26840726560427963,0.6389306599575193,7.7195435293449215,7.885549436539145,
3.1349999999997658, -0.2761497774677232,0.49939026801668784,7.955215594942663,7.4491616644306395,
3.167999999999762, -0.2803804299572549,0.363839931157937,8.128877635641324,7.066984667982664,
3.2009999999997585, -0.2817718342138328,0.2269614116026218,8.241126868251477,6.725851408928288,
3.233999999999755, -0.28060177830809346,0.08533989369821326,8.292402196195441,6.386730825793171,
3.266999999999751, -0.2771384444577235,-0.06287742293344492,8.276847715292933,6.018550578854615,
3.2999999999997476, -0.2718305062754945,-0.2181621027652159,8.187418208348008,5.607056081607562,
3.332999999999744, -0.2653801806709495,-0.3789905634398364,8.023421093002934,5.160802633338876,
3.3659999999997403, -0.25862222195221857,-0.5413088606018349,7.793460015507147,4.7015759249483295,
3.3989999999997367, -0.2522519381368178,-0.6991752327563235,7.509903584966037,4.240964397980895,
3.431999999999733, -0.246658443026253,-0.8462232423587087,7.18334732317305,3.769584453395539,
3.4649999999997294, -0.241981630408495,-0.9768871646862807,6.822322780291029,3.262726519426647,
3.4979999999997258, -0.2382828860707009,-1.0874025856625282,6.436148139704605,2.6873423168263986,
3.530999999999722, -0.23565837539054468,-1.176990426656007,6.042150044494153,2.0074383276917707,
3.5639999999997185, -0.23416104127391899,-1.2485588777990078,5.679210897197394,1.1970362182317646,
3.596999999999715, -0.2337575744607579,-1.306153553838911,5.409416111972915,0.24557882624782426,
3.6299999999997112, -0.23520358257626903,-1.348680622221539,5.2720627272845855,-0.8857400509367779,
3.6629999999997076, -0.24039481170326685,-1.3702851596665804,5.138682941465196,-2.052494381178719,
3.695999999999704, -0.2480498074989835,-1.378441028585639,4.853453058272153,-3.0163143674705664,
3.7289999999997003, -0.2573033352825523,-1.3812226852473217,4.457331413632589,-3.764048553995264,
3.7619999999996967, -0.2682408166277922,-1.3870740743231782,4.0296116575900545,-4.268396332858877,
3.794999999999693, -0.2802499353902269,-1.403659161679893,3.6152775617966117,-4.533093955773089,
3.8279999999996894, -0.29237668277715434,-1.4333925367727132,3.2193294714245604,-4.5772948174443036,
3.860999999999686, -0.3038366850483493,-1.4762288784467543,2.823608763012618,-4.41314812792626,
3.893999999999682, -0.3137252468331817,-1.5351675842561352,2.39591706913277,-4.051289847937794,
3.9269999999996785, -0.3204582526693744,-1.6147265338598593,1.939646083028011,-3.6441391151714817,
3.959999999999675, -0.32368192403647095,-1.7042423507993578,1.500747810547957,-3.453884003491786,
3.9929999999996713, -0.32389134477335096,-1.7910840169147575,1.0732173213397227,-3.5425807981227098,
4.025999999999679, -0.32121790341202294,-1.8667416946187465,0.6584989914167151,-3.901774963394197,
4.05899999999969, -0.31611033277065964,-1.9259884406952015,0.28491470471808306,-4.4890566599883,
4.091999999999701, -0.30915017422754604,-1.9677958131346571,-0.00832846604566982,-5.250799556969812,
4.124999999999712, -0.3005741581181581,-1.9900068779732765,-0.1960758837462389,-6.155588869931467,
4.157999999999723, -0.29040359242645525,-1.9854194039945,-0.32930600128778054,-7.1258142656095425,
4.190999999999734, -0.27904613469899237,-1.9557162663326286,-0.5292219746198966,-8.003720913917299,
4.223999999999745, -0.26712807466430905,-1.907591521871458,-0.8322347660137133,-8.746825039888618,
4.256999999999756, -0.2555915704508112,-1.8411810581116965,-1.215670992938776,-9.317895788110555,
4.289999999999767, -0.24612889090139187,-1.7568482272559918,-1.6430646351195477,-9.634280580423335,
4.322999999999778, -0.24020348630261557,-1.6636798693333306,-2.0772352125068996,-9.626304233258423,
4.355999999999789, -0.2377138430328376,-1.5757661672506258,-2.509865547801204,-9.310329021962751,
4.3889999999998, -0.2375914177673475,-1.5077403355710248,-2.939868633082245,-8.8274205170159,
4.421999999999811, -0.23784460900805215,-1.462192076898906,-3.333415323242325,-8.444318802221481,
4.454999999999822, -0.2371112835296787,-1.4298305872785868,-3.706654688195773,-8.250807590683037,
4.4879999999998335, -0.23456409714988072,-1.4066846839119673,-4.09264901450943,-8.259792599859587,
4.5209999999998445, -0.22919842236001403,-1.389490292727667,-4.504990865948711,-8.493102191671044,
4.5539999999998555, -0.22047905505751325,-1.3697295244340884,-4.926106533760525,-8.951424599884145,
4.5869999999998665, -0.20919382945115514,-1.3383754648760553,-5.317889721324926,-9.597308898277072,
4.6199999999998775, -0.19663667183255973,-1.2929794876331542,-5.640294177046876,-10.378972301007378,
4.652999999999889, -0.1836308039005369,-1.233149820989342,-5.859654503175089,-11.271964566106453,
4.6859999999999, -0.17074884265424817,-1.1519306400394353,-5.98114510830944,-12.284082870551147,
4.718999999999911, -0.1589542007694663,-1.039847886844325,-6.131602354688904,-13.288813388004433,
4.751999999999922, -0.1493552257759796,-0.9012997041042349,-6.432174291011881,-14.124864441947489,
4.784999999999933, -0.14347953427938706,-0.7373937215232476,-6.867007219014492,-14.665467709341685,
4.817999999999944, -0.14281241175404,-0.5577681349601752,-7.346165353343093,-14.738611504941275,
4.850999999999955, -0.14593529817795772,-0.38877409184776174,-7.7983300521346495,-14.393850062923088,
4.883999999999966, -0.15032805063222854,-0.24694175223185272,-8.198632482847058,-13.917447744092543,
4.916999999999977, -0.15459870774568343,-0.12574925049836647,-8.53202650671661,-13.547030301495932,
4.949999999999988, -0.15831379405169646,-0.014225483407390644,-8.82325783157129,-13.28947973737069,
4.982999999999999, -0.16126994914041728,0.09191837621458401,-9.096998707608389,-13.111139780964,
5.01600000000001, -0.16336084009518045,0.19457609144770446,-9.369472566333213,-12.994322917047683,
5.049000000000021, -0.16456741798269658,0.29611165325229866,-9.648818976845453,-12.922735456993083,
5.082000000000032, -0.1648159380454598,0.39972759825694415,-9.936326134451068,-12.865937181925739,
5.115000000000043, -0.16383197774605998,0.5080782484085529,-10.233252455152615,-12.782184132752704,
5.148000000000054, -0.16112551572418385,0.622694018769463,-10.545900668833282,-12.623109748043436,
5.181000000000065, -0.15595874512541688,0.7444663634286899,-10.890749793905506,-12.326933076451924,
5.214000000000076, -0.14682212257982732,0.8751715428618406,-11.309531159283564,-11.79388130728997,
5.247000000000087, -0.12944861902540697,1.0102837203497161,-11.80458313585755,-11.077173534557092,
5.280000000000098, -0.10410181687463829,1.126351554736157,-12.22720214884443,-10.639024100568694,
5.313000000000109, -0.07492931414194841,1.2186843375406027,-12.601463472405264,-10.456898140533232,
5.34600000000012, -0.0438539893463191,1.2867603515300658,-12.966624535435052,-10.446920924648861,
5.379000000000131, -0.012318476726019644,1.3295568374685962,-13.342270544820236,-10.561064625265525,
5.412000000000142, 0.018230288744691268,1.3472398144281228,-13.740171219951021,-10.763659973692164,
5.445000000000153, 0.04628654809005338,1.3436410695266416,-14.162053160515256,-11.01698526416944,
5.478000000000164, 0.07072828433292756,1.328941341704531,-14.592281264370257,-11.267775289843337,
5.511000000000175, 0.09159952023082431,1.3162624233464388,-15.005087519303459,-11.452255685955288,
5.544000000000186, 0.10996678073875737,1.3133610328466836,-15.386440447426258,-11.520113236110559,
5.577000000000197, 0.1269932830010247,1.3210865442315538,-15.741347924384453,-11.445407820799923,
5.610000000000208, 0.1434901993673607,1.3378533463754558,-16.089654390943902,-11.216372556072733,
5.643000000000219, 0.16013893114189032,1.364657928474482,-16.465975840310396,-10.81152367797175,
5.67600000000023, 0.17857971094705408,1.40858273864836,-16.90205238590641,-10.252487592391546,
5.709000000000241, 0.2009348690595613,1.465129807739362,-17.34093910937422,-9.83686644242012,
5.742000000000252, 0.226614415047721,1.5157232994999679,-17.756214302866393,-9.722172411301624,
5.775000000000263, 0.2545586528185009,1.549052640546358,-18.160294706768045,-9.880458467263914,
5.808000000000274, 0.28354962895339875,1.55986949040079,-18.548177283954644,-10.257108220679266,
5.841000000000285, 0.31246499958105733,1.5488784469497001,-18.90534835456057,-10.801692250066708,
5.874000000000296, 0.34065469911648005,1.5197238012062084,-19.20710200262591,-11.47758166440971,
5.907000000000307, 0.36785147418128145,1.4750620240886323,-19.42499406103084,-12.264265235160801,
5.940000000000318, 0.3937980826952029,1.4128422134001226,-19.555630233074165,-13.157883277774992,
5.973000000000329, 0.4182839182389067,1.3284407953851085,-19.673110110699614,-14.07267555263465,
6.00600000000034, 0.44185592010096664,1.2263106719270427,-19.86281113157842,-14.895263993364862,
6.039000000000351, 0.46502609609797396,1.1123884315486758,-20.129521242640152,-15.630596744638744,
6.072000000000362, 0.4878559868201539,0.988970995902517,-20.450809395777075,-16.292269742947145,
6.1050000000003735, 0.5101368922363996,0.857426532699921,-20.804056237105193,-16.879675268047354,
6.1380000000003845, 0.5315136299690014,0.7198493823982306,-21.173660179262473,-17.388981070050868,
6.1710000000003955, 0.5515793866659587,0.5795933695243652,-21.551387333704714,-17.814930719596287,
6.2040000000004065, 0.5699704222737474,0.4412042611534115,-21.93264600644345,-18.146496987870865,
6.2370000000004175, 0.5864305322608585,0.3098685965184336,-22.31306504609558,-18.363452190674032,
6.270000000000429, 0.6007852304728193,0.1902950979931632,-22.689359244987884,-18.438885079171648,
6.30300000000044, 0.6128829389516892,0.08585655729619043,-23.06531237556396,-18.347375414823425,
6.336000000000451, 0.6226089196201368,3.504772548405246E-5,-23.459187984331503,-18.06600133325972,
6.369000000000462, 0.629791630111536,-0.05790902970002469,-23.898833580860916,-17.593015763524694,
6.402000000000473, 0.6336742267233463,-0.07680562368620755,-24.36144671292897,-17.13722044963844,
6.435000000000484, 0.6334407174947871,-0.06565421993345315,-24.82025982390549,-16.95832756499434,
6.468000000000495, 0.6283283340383357,-0.03659955758606753,-25.295226088931354,-17.144079016072,
6.501000000000506, 0.618114526137326,-0.0043614358726445455,-25.753923373791146,-17.702502019910252,
6.534000000000517, 0.6039710659757354,0.02031911196233864,-26.120472238575438,-18.534832968699874,
6.567000000000528, 0.5868506282896293,0.03416610309005382,-26.335946563679098,-19.558285454179643,
6.600000000000539, 0.566933889635123,0.02712307149799293,-26.442847565179104,-20.693308693834584,
6.63300000000055, 0.5444602101495035,1.6006766839201509E-4,-26.62291817087087,-21.722587753955604,
6.666000000000561, 0.519779371075391,-0.034740178231129404,-26.92966808331331,-22.629551424727776,
6.699000000000572, 0.4931487068164675,-0.07621364957820899,-27.32594457876055,-23.429507828257396,
6.732000000000583, 0.4650681788935855,-0.12788620689321395,-27.770023483177617,-24.10514263351688,
6.765000000000594, 0.4364107372380655,-0.19121762549642113,-28.23615094394895,-24.638147001608868,
6.798000000000605, 0.4080946618873593,-0.26007436098208003,-28.701831255141286,-25.004071463923715,
6.831000000000616, 0.3803638242418156,-0.3224026222877463,-29.141942869035436,-25.169570468748493,
6.864000000000627, 0.35266854856238095,-0.3692437114695889,-29.548987373812558,-25.116305741212695,
6.897000000000638, 0.3243728273991186,-0.39700259464212284,-29.944651992037393,-24.8475214562607,
6.930000000000649, 0.29506607458080997,-0.39933989305765866,-30.37066825208222,-24.362769525043348,
6.96300000000066, 0.2638289696442928,-0.3615958236343712,-30.834164139132476,-23.80160378278286,
6.996000000000671, 0.22934710809754666,-0.2870903796902222,-31.297082972812408,-23.492779442294278,
7.029000000000682, 0.19091102942807883,-0.19096958468566874,-31.780452207954347,-23.58618955204799,
7.062000000000693, 0.14887060618572226,-0.09338887938985914,-32.24883116701682,-24.108201105413553,
7.095000000000704, 0.10495671855879207,-0.007805089395492359,-32.61522301811875,-24.921740135844264,
7.128000000000715, 0.06031027419115438,0.06485771649092806,-32.82082347080827,-25.910186506962845,
7.161000000000726, 0.015457098843192919,0.11562129353580845,-32.898183664224305,-27.015790401387946,
7.194000000000737, -0.0293108840644598,0.14194259943917448,-33.025024088364965,-28.047611885167264,
7.227000000000748, -0.07379165189791145,0.15691258584553958,-33.27690291019879,-28.983422981240302,
7.260000000000759, -0.11781363984022172,0.16502687365278934,-33.62932164361203,-29.867537303769765,
7.29300000000077, -0.1613385949905573,0.1657154450301356,-34.03897613078975,-30.705642804494428,
7.326000000000781, -0.20448815640082965,0.1600318547503996,-34.46703022585018,-31.519952299683677,
7.359000000000792, -0.24720095982895687,0.15234582714779715,-34.877927838313624,-32.360326675344,
7.392000000000803, -0.28907207678200697,0.1446366528862202,-35.228023496253435,-33.25008417574311,
7.425000000000814, -0.3297637244348158,0.13676535012071897,-35.470204581883166,-34.19142316088194,
7.458000000000825, -0.3692396294694511,0.13372547208202257,-35.577210849471456,-35.228265036879925,
7.491000000000836, -0.40771637306269487,0.14883118486324481,-35.620455823825054,-36.32903966166222,
7.524000000000847, -0.44486089643416743,0.17744461856642937,-35.77243661544513,-37.32646958780178,
7.557000000000858, -0.48015083895212496,0.20835781899167147,-36.0700529990516,-38.24581034636881,
7.590000000000869, -0.5132227239694019,0.24210691553824548,-36.47412937501192,-39.090690340359295,
7.62300000000088, -0.5431425081054925,0.2833507073461892,-36.93928171014401,-39.840299362694566,
7.656000000000891, -0.5681115459324951,0.3292891737729177,-37.43513748870818,-40.50816283144548,
7.6890000000009024, -0.5870724531892961,0.3642822106898857,-37.92723404918617,-41.14559972449826,
7.7220000000009135, -0.6011478671298633,0.3760660226562383,-38.39342155857589,-41.80861754526464,
7.7550000000009245, -0.6119291493762373,0.3644762861552667,-38.829561930158896,-42.53563603624746,
7.7880000000009355, -0.6203232114817374,0.33497161020742855,-39.218807011010185,-43.34464110374696,
7.8210000000009465, -0.6266008783559441,0.29352689579680813,-39.51916359416083,-44.2304531002392,
7.8540000000009575, -0.6308513356796696,0.24181182903449622,-39.69053148009954,-45.20080396215769,
7.887000000000969, -0.6336288118125174,0.1727232534952487,-39.75632533666819,-46.28422108243964,
7.92000000000098, -0.6350131087570778,0.08132079879017816,-39.87197014898194,-47.320126137135176,
7.953000000000991, -0.6339308879253439,-0.022426888677811764,-40.113882614924705,-48.2527410535707,
7.986000000001002, -0.6299878089515536,-0.13340893103515003,-40.45864032648022,-49.13069530623404,
8.019000000000995, -0.6233149707063182,-0.2505165612646445,-40.86533649423524,-49.96325273099888,
8.052000000000977, -0.614218120284309,-0.37198557938813703,-41.29683645938748,-50.76313359098561,
8.085000000000958, -0.6029172566514978,-0.4941774729318999,-41.726403260762964,-51.56786411158768,
8.11800000000094, -0.5895740996543126,-0.6140092993052115,-42.12700577289902,-52.411045447381625,
8.151000000000922, -0.5744538980542334,-0.7300758203592385,-42.461886746322065,-53.30343727573658,
8.184000000000903, -0.5578557906390532,-0.8400608218079842,-42.69223874458851,-54.26339645787826,
8.217000000000885, -0.5398143944201781,-0.935777035223748,-42.80427423148707,-55.339647658509534,
8.250000000000867, -0.5199799802528395,-1.0069985229427265,-42.908590582752204,-56.421380106935906,
8.283000000000849, -0.49856575711258105,-1.0612810582680516,-43.14307976173185,-57.376392250377336,
8.31600000000083, -0.47587630430158795,-1.1026170227546497,-43.50515884661264,-58.22012832928849,
8.349000000000812, -0.4521900599371694,-1.1251790347732056,-43.946773751123246,-58.92378294045031,
8.382000000000794, -0.42838430464200883,-1.1204305441385343,-44.431622895216876,-59.43618132605227,
8.415000000000775, -0.40614239737052,-1.0866447535808756,-44.93424913776084,-59.667061072356404,
8.448000000000757, -0.38651804951799945,-1.0384372099612513,-45.41990280074892,-59.5119563446404,
8.481000000000739, -0.3689507772495262,-0.996357149839159,-45.90389853695245,-58.96450315131758,
8.51400000000072, -0.35284122935002593,-0.9847098638463156,-46.38734853496065,-58.21500495920524,
8.547000000000702, -0.3365816367462266,-1.0024536682930174,-46.795333926339744,-57.662662263078914,
8.580000000000684, -0.31933141576682195,-1.034237491541252,-47.172226714542404,-57.306722365604486,
8.613000000000666, -0.30060456979160066,-1.0783471310047157,-47.56075643519728,-57.08450799814356,
8.646000000000647, -0.27964110887781746,-1.134458518034717,-47.964781082340345,-56.88489592528353,
8.679000000000629, -0.25614173364304227,-1.1952399881622948,-48.36664185049751,-56.55140917359415,
8.71200000000061, -0.23020777586130917,-1.251205917710684,-48.787416135448474,-55.98294449682995,
8.745000000000593, -0.20039407788380978,-1.2866347696187193,-49.25699030827077,-55.14359668341525,
8.778000000000574, -0.16693911921723026,-1.2864504814330453,-49.65564924008693,-54.4171930194274,
8.811000000000556, -0.13258681769882713,-1.2637579785437836,-49.98923429095145,-53.87141666832722,
8.844000000000538, -0.09830386105813954,-1.2234442342449454,-50.311156278670275,-53.40474008293195,
8.87700000000052, -0.064870112106164,-1.1646361132412475,-50.64849189699122,-52.92758107826496,
8.910000000000501, -0.033413407617172895,-1.0868713003090045,-51.0302556691634,-52.310581299179496,
8.943000000000483, -0.007102918306829704,-0.9909227808240337,-51.51849475616862,-51.36585702301094,
8.976000000000464, 0.010776373191027127,-0.8974655122326703,-51.95767847716388,-50.4706040528087,
9.009000000000446, 0.025437438235688007,-0.8114594657145462,-52.27575986594392,-49.81313002421144,
9.042000000000428, 0.03863436571746722,-0.7254229514528935,-52.53991578120071,-49.21012191191212,
9.07500000000041, 0.05059934515368745,-0.6360436937646236,-52.79319897798322,-48.604512599782666,
9.108000000000391, 0.061465763725564435,-0.5460677585778019,-53.07592423585124,-47.95151997254041,
9.141000000000373, 0.07212752364059163,-0.46530636105660333,-53.43208318080687,-47.150382452523075,
9.174000000000355, 0.08441525942382036,-0.4008622360953272,-53.80537766471081,-46.361183155165165,
9.207000000000336, 0.09730551307315308,-0.33694794868796624,-54.109865753988096,-45.76150846252555,
9.240000000000318, 0.1097021931631077,-0.2683086843998536,-54.37942990247723,-45.23287869110202,
9.2730000000003, 0.12131429371239667,-0.19495696612034172,-54.648866529126884,-44.714511108155136,
9.306000000000282, 0.13211923294442848,-0.1148490641002049,-54.95028478064914,-44.16457580672416,
9.339000000000263, 0.14206680193425286,-0.020403007336466026,-55.32589476692562,-43.4819316010984,
9.372000000000245, 0.150836542597474,0.11198794595460704,-55.82573239771979,-42.61419152283177,
9.405000000000227, 0.15877766049719058,0.2808388128576341,-56.340517226604675,-42.09755798498454,
9.438000000000208, 0.16762570114375386,0.4441984733182405,-56.834865322810515,-42.12255937595265,
9.47100000000019, 0.17805824898636524,0.5796924800517835,-57.28412608836536,-42.52021256808743,
9.504000000000172, 0.18937024295067603,0.6906789016347321,-57.671193987351344,-43.12093740488955,
9.537000000000154, 0.2009612456237651,0.7864828787101951,-57.97889477525146,-43.84154013127746,
9.570000000000135, 0.21254238844078907,0.8722263585210756,-58.18590530247606,-44.64712954273251,
9.603000000000117, 0.223546801433445,0.9477715135713544,-58.29585268475202,-45.54917368073514,
9.636000000000099, 0.23285817820130583,1.011529607512374,-58.38859939934306,-46.48311963947109,
9.66900000000008, 0.2405315049975456,1.0672285151384835,-58.56529358117132,-47.31336786810537,
9.702000000000062, 0.24707130348890255,1.1186934915866793,-58.83415369027202,-48.034815993279764,
9.735000000000044, 0.2524167515968441,1.1693132897070704,-59.165214289728475,-48.64023284661477,
9.768000000000026, 0.2564975860057673,1.2240963560176747,-59.52410188547218,-49.11077143764246,
9.801000000000007, 0.25966917831997366,1.2875662142490603,-59.89154116941349,-49.43557496519744,
9.833999999999989, 0.2626809945527679,1.362029461535064,-60.26527049810592,-49.5972379748952,
9.86699999999997, 0.26657816092985076,1.4473778373032027,-60.654217798221765,-49.5573072742555,
9.899999999999952, 0.27283826163404884,1.5408628178576724,-61.08235155749645,-49.25253151707366,
9.932999999999934, 0.2842788314561626,1.6323147613969413,-61.565542155404096,-48.68328654195864,
9.965999999999916, 0.30107371543477973,1.7010303122646204,-62.00067066508208,-48.22746094066112,
9.998999999999898, 0.3193719710670666,1.7457630585581974,-62.38363897817676,-48.01107934788375,
10.03199999999988, 0.3374497251572276,1.7679821844407968,-62.759548222132985,-47.986958900866775,
10.064999999999861, 0.35426203814468266,1.7663039036495733,-63.1518777359723,-48.13466696330034,
10.097999999999843, 0.3687497875844061,1.7404220197257825,-63.57100244387028,-48.44615549318017,
10.130999999999824, 0.37992648122133615,1.6943154015081456,-64.01439707647137,-48.92467722328455,
10.163999999999806, 0.3874425670830461,1.6371839845269656,-64.45838159051527,-49.5794781763776,
10.196999999999788, 0.3920630479494301,1.5777401273311527,-64.85340743398872,-50.397338204689,
10.22999999999977, 0.39481031405623374,1.51886560682219,-65.13799892141928,-51.341355379461234,
10.262999999999751, 0.3956725437505967,1.4648871292567593,-65.27185152066646,-52.42253120659572,
10.295999999999733, 0.39344911483360395,1.427994325312142,-65.33504426218457,-53.567037388428275,
10.328999999999715, 0.38875742409828595,1.4023688481231,-65.51163586725363,-54.5854831352502,
10.361999999999696, 0.382702163030311,1.3783348138442264,-65.82805737398587,-55.524133937249836,
10.394999999999678, 0.37553631439375473,1.3570507395538918,-66.23808045433341,-56.39905652896235,
10.42799999999966, 0.3676234593819524,1.343863648483352,-66.69304867373987,-57.21753132657851,
10.460999999999641, 0.3598284699027144,1.3414153921708474,-67.16929983124103,-58.028016294739324,
10.493999999999623, 0.35311921697899074,1.3450643039262102,-67.64305536397987,-58.91166658503694,
10.526999999999605, 0.3474406924286429,1.3453329808945282,-68.04607805023497,-59.92119332562066,
10.559999999999587, 0.3421843789268239,1.336749051754789,-68.2823253508665,-61.05810120752316,
10.592999999999568, 0.3386954984559446,1.308070640384289,-68.32334311882502,-62.374744986989064,
10.62599999999955, 0.33829675149236055,1.2513391165717547,-68.40756907276091,-63.60503665121569,
10.658999999999532, 0.3385165792401621,1.1833143407071258,-68.67413516518462,-64.72999987174556,
10.691999999999513, 0.33845910467810014,1.1108330528306543,-69.06569689094118,-65.85377330350848,
10.724999999999495, 0.3380530510802951,1.0360545014633837,-69.4583591623036,-66.97743110566164,
10.757999999999477, 0.33733413345426105,0.960018494918673,-69.72074773544024,-68.08087183925677,
10.790999999999459, 0.33635253443170293,0.876408164355317,-69.78574557913136,-69.21947771495608,
10.82399999999944, 0.3353521852062101,0.7640438453178311,-69.71821516932772,-70.44720924991701,
10.856999999999422, 0.3347213945244356,0.625251156474053,-69.73506061204193,-71.5682747380401,
10.889999999999404, 0.3340201090880531,0.48609425189121724,-69.88395856387255,-72.7102215016542,
10.922999999999385, 0.3326257230878802,0.3655558838111762,-70.06758419356771,-73.90212814890619,
10.955999999999367, 0.3302183783971904,0.26101600740314557,-70.10044073305964,-75.00459212482315,
10.988999999999349, 0.3264897742097602,0.1494475997268,-69.92366352478284,-76.17182765892906,
11.02199999999933, 0.3204010757959623,0.006921431812212392,-69.67225534940347,-77.32283410455727,
11.054999999999312, 0.31145554030852757,-0.14338543736177944,-69.5300870781293,-78.30776014392067,
11.087999999999294, 0.3005427424086487,-0.28788685018321564,-69.46497735392884,-79.324443085468,
11.120999999999276, 0.28786481830344157,-0.4267939509733725,-69.33759074575957,-80.30379612542627,
11.153999999999257, 0.27117344293932627,-0.5535346457766732,-69.07770972935002,-81.40634986475752,
11.186999999999239, 0.24823144551698148,-0.6428712714973461,-68.8262510117985,-82.59489096484025,
11.21999999999922, 0.2222814241950925,-0.7125262947206487,-68.76559868223045,-83.67224258964605,
11.252999999999203, 0.19550397730961083,-0.7914417783446528,-68.83823621314528,-84.84104279062284,
11.285999999999184, 0.16815567565329198,-0.8872401373974163,-68.85205769136091,-85.95547726837103,
11.318999999999166, 0.13904619605746776,-0.9776851697427609,-68.71487790052461,-87.05802569029271,
11.351999999999148, 0.10799599023515644,-1.0327349819235345,-68.51118501933877,-88.24786268123965,
11.38499999999913, 0.07605917334483382,-1.0612554647158168,-68.45341793870558,-89.3376533052889,
11.417999999999111, 0.04328465398670843,-1.0928381833234466,-68.56590483185904,-90.50212390148755,
11.450999999999093, 0.009623099900233014,-1.1431776325694039,-68.70059512782528,-91.67872927651077,
11.483999999999075, -0.02475981996911734,-1.1988741651938688,-68.68960206373232,-92.76806889567445,
11.516999999999056, -0.05947258964415355,-1.2333226013920062,-68.53102453259943,-93.94363863301972,
11.549999999999038, -0.09362800313048857,-1.2326541126179968,-68.41867062681737,-95.0689883419292,
11.58299999999902, -0.12775631224557282,-1.2228438929276966,-68.48275839551879,-96.17761039249383,
11.615999999999001, -0.16241707922819054,-1.2253036066886676,-68.67078604216275,-97.3791834142414,
11.648999999998983, -0.19725360178404994,-1.2422154153238987,-68.78170075951152,-98.5066703028604,
11.681999999998965, -0.23188774438725798,-1.254171938616823,-68.72484709484849,-99.61826820029559,
11.714999999998946, -0.2659336322809842,-1.2347668983616464,-68.57906674076023,-100.80872392915006,
11.747999999998928, -0.29932555997439325,-1.189977493475835,-68.56863042878065,-101.90399619284989,
11.78099999999891, -0.33246934635748365,-1.1454768630766776,-68.73917517435362,-103.05358594938471,
11.813999999998892, -0.36500933673228325,-1.1164784372575478,-68.96941396470073,-104.24748943096691,
11.846999999998873, -0.3965195795970245,-1.09727194663166,-69.07086714580512,-105.35532044501313,
11.879999999998855, -0.42744937809165423,-1.0677887199404652,-69.0095878840372,-106.508262187537,
11.912999999998837, -0.45857901973493626,-1.0043510208665787,-68.9415367538494,-107.69940244833492,
11.945999999998818, -0.48950462215068796,-0.9214222830562225,-69.06163286927614,-108.7836146961816,
11.9789999999988, -0.519596567005006,-0.8357856325938958,-69.35562146824952,-109.87840297791362,
12.011999999998782, -0.5484164569060813,-0.7510396034382286,-69.71695475896522,-110.99341807761431,
12.044999999998764, -0.5757540273108426,-0.665725423315214,-70.0017311857665,-112.09040355284648,
12.077999999998745, -0.6014737133663315,-0.5807850720315318,-70.11018393001179,-113.22226250882716,
12.110999999998727, -0.6251181233113348,-0.5084365574623123,-70.03089259719376,-114.5190008806694,
12.143999999998709, -0.646124225707306,-0.4537951847234253,-70.01966295145543,-115.69946697795976,
12.17699999999869, -0.6649409676573363,-0.4002763492110074,-70.19312457410939,-116.86902277982138,
12.209999999998672, -0.6820015450418748,-0.33435141767243254,-70.47204042635116,-118.11445519623602,
12.242999999998654, -0.6969667270530063,-0.25540123441034907,-70.64056749023982,-119.28727202923412,
12.275999999998636, -0.7091724980784849,-0.18104004109031488,-70.5975589036316,-120.47441320751746,
12.308999999998617, -0.718073078346523,-0.14006116305545055,-70.45016181487445,-121.72835858112394,
12.341999999998599, -0.7240198819122533,-0.11924195578168321,-70.45216718154155,-122.88137453167472,
12.37499999999858, -0.7277849671301655,-0.08780278725328589,-70.62490698470542,-124.12585375632602,
12.407999999998562, -0.7292548524387489,-0.03239013150279639,-70.77350420370173,-125.3507968830951,
12.440999999998544, -0.7279445148733351,0.02874092597123589,-70.72624858888449,-126.50721401857558,
12.473999999998526, -0.7239839837576413,0.06295172946777172,-70.5349269052298,-127.76250373296254,
12.506999999998508, -0.7173911298067306,0.06767417886098943,-70.45878194325587,-128.91849975400385,
12.53999999999849, -0.7084387255144406,0.07687932281780294,-70.56357777625122,-130.13250322240432,
12.572999999998471, -0.6970944850030818,0.11099931071361512,-70.69117154996943,-131.37194071304333,
12.605999999998453, -0.6830692726247322,0.15530963314148039,-70.63896909124429,-132.5181343792903,
12.638999999998434, -0.6666248638702768,0.17608582916176665,-70.42484171530822,-133.76482020840407,
12.671999999998416, -0.6476496410770934,0.1623411985032837,-70.29711623227257,-134.92455059508077,
12.704999999998398, -0.6264363626095403,0.14890342409689322,-70.35038247413567,-136.11643221327202,
12.73799999999838, -0.6033906933692965,0.1598676616680477,-70.45085803116235,-137.3515181098161,
12.770999999998361, -0.5782181574895373,0.18227664348467398,-70.38538182189164,-138.49098436753897,
12.803999999998343, -0.5504902006822288,0.18069307531725293,-70.14575844836985,-139.73353551661666,
12.836999999998325, -0.5195858843923556,0.14105688964675564,-69.96754673491927,-140.8814227273702,
12.869999999998306, -0.4866239174503262,0.09896530246290358,-69.9595481319184,-142.04456109368203,
12.902999999998288, -0.45292621887103324,0.07841267806770826,-70.00265982922586,-143.24257138149613,
12.93599999999827, -0.4179244615654938,0.06602572358647199,-69.89076594646644,-144.35695053718092,
12.968999999998251, -0.3797872398739298,0.02814601545104814,-69.59453552503835,-145.605475050961,
13.001999999998233, -0.33764650261073925,-0.04072174814210239,-69.35929540360965,-146.6859346774188,
13.034999999998215, -0.29378132124905576,-0.11442548794590321,-69.26351783422396,-147.7442946008359,
13.067999999998197, -0.2492719549290401,-0.1883169412872567,-69.17820926684062,-148.81141899734416,
13.100999999998178, -0.20396941325068094,-0.26185940257874596,-68.95882334378926,-149.87485613755445,
13.13399999999816, -0.15852159095575527,-0.3141070001820998,-68.65758032525892,-151.1309886081477,
13.166999999998142, -0.11331409328887337,-0.3413244856866356,-68.53705058478272,-152.247662767565,
13.199999999998123, -0.0678267312861714,-0.3740270984548996,-68.58729581837724,-153.42484548708262,
13.232999999998105, -0.021775809724186312,-0.4277465736905177,-68.62246003098173,-154.59875700037676,
13.265999999998087, 0.023957552655680343,-0.4837847828861038,-68.49921983616316,-155.7190110422048,
13.298999999998069, 0.06816579440619179,-0.5083278857569182,-68.28300972296668,-156.95933388531134,
13.33199999999805, 0.11103674276731383,-0.5013487161349119,-68.21769399712846,-158.09790881689798,
13.364999999998032, 0.15311007485174002,-0.4960166808741044,-68.34162979618297,-159.2918367758771,
13.397999999998014, 0.19479729569551785,-0.511141411747724,-68.4977885930754,-160.51721488286114,
13.430999999997995, 0.23576813075244055,-0.5344853475002531,-68.4958864022464,-161.64782134736586,
13.463999999997977, 0.2748915416027141,-0.5368285519044288,-68.344643465958,-162.87211355044528,
13.496999999997959, 0.3117200789167793,-0.5018691918843401,-68.27176582864033,-164.04740110154168,
13.52999999999794, 0.346834896740112,-0.45776481723834866,-68.39846929032043,-165.1990307107606,
13.562999999997922, 0.380955317751352,-0.4253358553632135,-68.64255217729962,-166.43575326056387,
13.595999999997904, 0.41458576850477263,-0.40630283182693994,-68.78887806896736,-167.5987125616714,
13.628999999997886, 0.4464849607438687,-0.38309092706354747,-68.75461012857892,-168.75003762788427,
13.661999999997867, 0.4741956808594985,-0.3305789917420605,-68.65211551814471,-170.00082259300927,
13.69499999999785, 0.4978662012289917,-0.2531904837342013,-68.72554398248548,-171.12434681825712,
13.72799999999783, 0.5190404857266535,-0.17057914822439982,-68.98277518818416,-172.24685579669358,
13.760999999997813, 0.538558492066053,-0.08735230670018422,-69.3207796601181,-173.40970571362044,
13.793999999997794, 0.5563536214926815,-2.0904482718440672E-4,-69.57624257979046,-174.5332793593258,
13.826999999997776, 0.5714875261976197,0.09000153054918138,-69.64556864519669,-175.67031372504465,
13.859999999997758, 0.5825117369925472,0.16900643841444887,-69.53369584878234,-176.94867210957113,
13.89299999999774, 0.589493581109348,0.23390772695739978,-69.49833006916657,-178.1057304693117,
13.925999999997721, 0.5942725787539123,0.30310516406724664,-69.64176672632733,-179.2825189587079,
13.958999999997703, 0.5974274949636642,0.39141469655446065,-69.8619878282846,-180.52209996622437,
13.991999999997685, 0.5985848016335437,0.4959303793321397,-69.93390752519772,-181.67174923101862,
14.024999999997666, 0.5976379477641457,0.592934506261266,-69.78765909663713,-182.88410349287292,
14.057999999997648, 0.5948051991542469,0.655689068554104,-69.60117866425462,-184.0908588452933,
14.09099999999763, 0.5901989466142058,0.7100062099066391,-69.57913950325458,-185.23461270075575,
14.123999999997611, 0.5837574233267441,0.7852908539522584,-69.67086573084384,-186.47210357251709,
14.156999999997593, 0.5757137512559106,0.8817093834820273,-69.63899751755122,-187.61922227850206,
14.189999999997575, 0.5665738930867068,0.9664573675955347,-69.39465917571276,-188.83225214949215,
14.222999999997556, 0.5569013097658825,1.008225740889714,-69.12328136054627,-190.02245502172536,
14.255999999997538, 0.5460235964577622,1.0390327994179387,-69.01512624365128,-191.14023485283073,
14.28899999999752, 0.5328208426417638,1.0890188865559223,-68.9948222560608,-192.3213852481533,
14.321999999997502, 0.51782118810568,1.150380686574876,-68.84414617592931,-193.42313639195996,
14.354999999997483, 0.5033535257972832,1.1868144216715555,-68.4992005317613,-194.67271459543755,
14.387999999997465, 0.4911751311153087,1.1863117291825809,-68.19953212156699,-195.76943710468026,
14.420999999997447, 0.47786823193193495,1.179955757311565,-68.04315312924844,-196.8262644668484,
14.453999999997428, 0.46116201153284814,1.1753342182854216,-67.89421875792164,-197.8849924633894,
14.48699999999741, 0.44329636793833477,1.1683063226917907,-67.60413314264703,-198.96718911451336,
14.519999999997392, 0.42856205707346556,1.1717097326022161,-67.24837173280712,-200.21748776878056,
14.552999999997374, 0.41519551579924485,1.1856585030348072,-67.07720722338615,-201.30489441583435,
14.585999999997355, 0.3999596690507336,1.184932076447805,-67.03326368533352,-202.46538189801882,
14.618999999997337, 0.38232492989839134,1.1616396612530535,-66.90963523588147,-203.5720337125237,
14.651999999997319, 0.36409737299891876,1.1408346478159768,-66.62361893266264,-204.7441995820207,
14.6849999999973, 0.3459274445436988,1.1551268140270687,-66.33935842124042,-205.94636696358532,
14.717999999997282, 0.3271524344668522,1.1762171131021333,-66.24091726888666,-207.06586507798,
14.750999999997264, 0.3079933218213494,1.1696328991444742,-66.25560425153826,-208.26659636856894,
14.783999999997246, 0.28852940925444776,1.1366897525702375,-66.16627433889774,-209.37709358466742,
14.816999999997227, 0.2681858054567047,1.110396307730439,-65.90699870004262,-210.5686338395812,
14.849999999997209, 0.2454733919757105,1.1156704815093057,-65.6537802361476,-211.71975076978651,
14.88299999999719, 0.2220994505221629,1.1206568150503136,-65.57340103014278,-212.82644489458983,
14.915999999997172, 0.2006189215237481,1.0988357496956098,-65.59836904595132,-214.01074928146454,
14.948999999997154, 0.18067903693378795,1.0553667529814872,-65.51907573835773,-215.08217259954716,
14.981999999997136, 0.15950415605513413,1.0142525037511978,-65.27604512601384,-216.24257797393813,
15.014999999997118, 0.13427923307143258,0.9862411550526897,-65.04483554562094,-217.35449665024296,
15.0479999999971, 0.10858332110505475,0.955039932503794,-64.97357721536751,-218.42231062737156,
15.080999999997081, 0.08616089643956988,0.9163835923369001,-64.9883541646258,-219.59362456168208,
15.113999999997063, 0.06668142502008924,0.8712859018776086,-64.88521183296999,-220.64437597949984,
15.146999999997044, 0.04655314020233984,0.8178398445467144,-64.62917469373815,-221.77964894061182,
15.179999999997026, 0.023736852952834418,0.7428738421271651,-64.40765479311686,-222.9074036969748,
15.212999999997008, 0.001337242292331819,0.6593921990725038,-64.3419802043583,-223.98959119342112,
15.24599999999699, -0.018966346106062276,0.5901844865911031,-64.3418519832001,-225.17200428954663,
15.278999999996971, -0.03755781979088394,0.5349284801096543,-64.20178265018009,-226.26633420155616,
15.311999999996953, -0.055533754177158653,0.4612284413109089,-63.88344523536065,-227.46066495813278,
15.344999999996935, -0.07219415882603133,0.34094987756939454,-63.5743166534209,-228.593736785217,
15.377999999996916, -0.08715770830857471,0.20620236708771875,-63.38090550091825,-229.62653369004704,
15.410999999996898, -0.10129567136790826,0.07859199210898593,-63.21069260962543,-230.67718760941574,
15.44399999999688, -0.11457064669617882,-0.04919757783169122,-62.897257749851455,-231.7801747499597,
15.476999999996861, -0.1268039526637784,-0.1719335132002833,-62.46352038314096,-233.14826236515546,
15.509999999996843, -0.13879443984529416,-0.2764235455088292,-62.2498487120975,-234.28579209776433,
15.542999999996825, -0.15046396147729116,-0.39155541517508957,-62.175045509426084,-235.46974118027583,
15.575999999996807, -0.16204701425793133,-0.5220338930181148,-62.025637271915016,-236.59624944625585,
15.608999999996788, -0.17421139872679806,-0.6344114048710628,-61.736614701571874,-237.82954634256606,
15.64199999999677, -0.1862972532454381,-0.7039307375245095,-61.494715088389114,-239.03040775569895,
15.674999999996752, -0.1984378612992681,-0.7670189273990821,-61.457444114816575,-240.21237709646354,
15.707999999996733, -0.21199517289890765,-0.851158261729654,-61.529934201521165,-241.462671504001,
15.740999999996715, -0.22686291942309342,-0.9469250637778077,-61.484279838649606,-242.58965934718216,
15.773999999996697, -0.2410796729425947,-1.0288201709479827,-61.27752581672393,-243.79907504093393,
15.806999999996679, -0.25245712600345893,-1.0887325764687665,-61.1082943115831,-244.93860625354486,
15.83999999999666, -0.2638152237107756,-1.1430865049188073,-61.12116161072875,-246.08765817964476,
15.872999999996642, -0.2784219336208438,-1.199348295907259,-61.23685413132317,-247.3360370864611,
15.905999999996624, -0.2954126421774459,-1.2564803277249945,-61.23012474392691,-248.4452399901572,
15.938999999996605, -0.3110130222670932,-1.3076289795651082,-61.05303078917519,-249.62003414322987,
15.971999999996587, -0.3217953419699778,-1.3550866183906796,-60.886371466700815,-250.77645931958946,
16.004999999996578, -0.33131551621534533,-1.3982280061972332,-60.89192587753494,-251.88585851103875,
16.037999999996618, -0.34331512590815316,-1.4287472239297785,-61.01172894294048,-253.1254854804238,
16.07099999999666, -0.3581561076033197,-1.4472922623688482,-61.026176501782565,-254.253636391545,
16.1039999999967, -0.37193735162660635,-1.4617577867287612,-60.86505561300129,-255.39536547564919,
16.13699999999674, -0.38059823422862615,-1.4865473556985471,-60.67506047254064,-256.594413012121,
16.16999999999678, -0.3867605629269208,-1.5141782606588663,-60.6571405439034,-257.6972853758616,
16.20299999999682, -0.3939305105446638,-1.5255756148886608,-60.77480222477922,-258.9210662935018,
16.23599999999686, -0.4035879855286726,-1.5145725211384624,-60.8192119620834,-260.0856536959058,
16.2689999999969, -0.41286520922347586,-1.4961071722161379,-60.6825508000651,-261.20477849640247,
16.30199999999694, -0.417880665389883,-1.4929315116301476,-60.47228508559735,-262.42765547474477,
16.33499999999698, -0.4197667579036338,-1.5009525000079373,-60.42262280796298,-263.5379114489905,
16.36799999999702, -0.4216484070120036,-1.4946318601003032,-60.52818996248631,-264.7413959804196,
16.40099999999706, -0.4254770806353336,-1.4605170973209325,-60.60106623306462,-265.9382387729624,
16.433999999997102, -0.42958986809884503,-1.4137778437562336,-60.49089064846532,-267.04455773835906,
16.466999999997142, -0.43057643467861484,-1.3809976121429788,-60.267206162353325,-268.2678283478438,
16.499999999997183, -0.42830955239831464,-1.3662344897638408,-60.17788257924032,-269.3877636621687,
16.532999999997223, -0.4255360218425208,-1.3408213847736203,-60.25462487622567,-270.566738124007,
16.565999999997263, -0.4243310421666789,-1.2855486715427762,-60.33530988511221,-271.7831194173459,
16.598999999997304, -0.42396043282173884,-1.2127560078686395,-60.234968963511385,-272.88313825623794,
16.631999999997344, -0.42157326381300747,-1.1511286638281133,-59.994291488212234,-274.0925240112518,
16.664999999997384, -0.416320987983244,-1.1123411855247016,-59.858574435476996,-275.2189298432369,
16.697999999997425, -0.41039453596754727,-1.06641150812437,-59.88924174656187,-276.3750725487419,
16.730999999997465, -0.4055624736706556,-0.9898635159932451,-59.93979986685268,-277.59212248427343,
16.763999999997505, -0.4015263212416255,-0.893259761116792,-59.8078787537566,-278.68946570510303,
16.796999999997546, -0.3962242053045581,-0.8095668258540755,-59.52564444693043,-279.89614787526125,
16.829999999997586, -0.3889811764644326,-0.7531880294916665,-59.340900945524865,-281.0183770508493,
16.862999999997626, -0.3809550919838481,-0.6910416405022328,-59.31302000585034,-282.16391229601913,
16.895999999997667, -0.37283456430515804,-0.5986426830870607,-59.28198947702656,-283.3495430495944,
16.928999999997707, -0.36429907782116544,-0.4923057720013123,-59.05825228262814,-284.4595417040125,
16.961999999997747, -0.35468213715616786,-0.4147976668337436,-58.70168679161419,-285.70086650488327,
16.994999999997788, -0.343920007191006,-0.3683837552764176,-58.47280165300562,-286.80225530009625,
17.027999999997828, -0.3320701556270329,-0.31293463947276184,-58.37617677756544,-287.9437989993787,
17.06099999999787, -0.31911176560130217,-0.23469649520396765,-58.220085761743235,-289.05466071410723,
17.09399999999791, -0.3049233157833983,-0.16577097727311407,-57.862370510872346,-290.24715304581326,
17.12699999999795, -0.2890842674135209,-0.14896082926837767,-57.43420566514601,-291.4410184004589,
17.15999999999799, -0.27185733008378926,-0.15210655133558917,-57.13281340324607,-292.4237151867727,
17.19299999999803, -0.25377288746748566,-0.15302754463049975,-56.874858922720705,-293.40558274733627,
17.22599999999807, -0.23473483086254093,-0.15349524929112457,-56.5089698547268,-294.4559374251367,
17.25899999999811, -0.214143356469497,-0.13817486905772974,-56.04677122824839,-295.7816818727045,
17.29199999999815, -0.1922939883302623,-0.10027582087246208,-55.78895694031896,-296.8892096887138,
17.32499999999819, -0.16981535669909167,-0.07217242310800445,-55.65589262596658,-298.0295701201256,
17.35799999999823, -0.14684535964978518,-0.059875201811388855,-55.435904376867505,-299.1270245527405,
17.39099999999827, -0.12323873425477869,-0.02912450840994371,-55.063564327890795,-300.3713069178851,
17.423999999998312, -0.09902735602432206,0.04671589933359371,-54.767435874854954,-301.5590755379952,
17.456999999998352, -0.07419281196271758,0.1227958791143437,-54.67825919449312,-302.72253587045134,
17.489999999998393, -0.04867651538563484,0.16910907821930368,-54.64670200321625,-303.9109256870336,
17.522999999998433, -0.022701250644110087,0.20291303129337246,-54.46980892329171,-305.03629683925413,
17.555999999998473, 0.0032713143939411523,0.26295207465653964,-54.162151559482716,-306.27873362810215,
17.588999999998514, 0.02919027444188532,0.34736226148589555,-53.982367270001035,-307.3977988165829,
17.621999999998554, 0.05599639307966827,0.4168039319763633,-53.99838632798582,-308.6041166237006,
17.654999999998594, 0.08399096572174998,0.45407845512628886,-54.02840912620233,-309.78180243228275,
17.687999999998635, 0.11227699161171055,0.481451249371702,-53.900229975294266,-310.9035260630884,
17.720999999998675, 0.13965588146258015,0.5312181226249271,-53.65233928825394,-312.1201820774001,
17.753999999998715, 0.1662204694476345,0.5972072097068865,-53.53217485761722,-313.22250546536696,
17.786999999998756, 0.19351156322282684,0.6480220116566133,-53.60314276285609,-314.42988525399335,
17.819999999998796, 0.2220496092266659,0.667872943428605,-53.69954319977957,-315.6237675243578,
17.852999999998836, 0.2506622920409135,0.67474287150812,-53.64179878632279,-316.73402307666123,
17.885999999998877, 0.27793189118139533,0.6974239131945525,-53.439860923955216,-317.9457586001432,
17.918999999998917, 0.30347849123108805,0.7390499770053843,-53.32610479687632,-319.0552701370045,
17.951999999998957, 0.3288572608477715,0.7717707285050898,-53.4032978210112,-320.2284953608008,
17.984999999998998, 0.3549548690958554,0.7764710021273924,-53.5653609924282,-321.45859489769435,
18.017999999999038, 0.38094439535443786,0.7624708569110592,-53.59975884384422,-322.57448881897386,
18.05099999999908, 0.405684311306933,0.7546594287591024,-53.46376856702326,-323.75995695659407,
18.08399999999912, 0.4282386678000902,0.7711380071750742,-53.32699930712122,-324.91727402620603,
18.11699999999916, 0.4495266194062244,0.7889682411617798,-53.36900798143127,-326.04073167583147,
18.1499999999992, 0.4704654928460735,0.7863101032120258,-53.56784859051548,-327.28427708571877,
18.18299999999924, 0.49089420305908144,0.759506258836301,-53.71312557828457,-328.45052515713706,
18.21599999999928, 0.5100972462250827,0.727874202479329,-53.68765641745908,-329.5873407364933,
18.24899999999932, 0.5274162355704526,0.7176283980579143,-53.546559989879995,-330.8087500025394,
18.28199999999936, 0.5428209398562742,0.7241164339197678,-53.52816448811147,-331.92666385347997,
18.3149999999994, 0.5568024588149055,0.7221653622294022,-53.702462215786035,-333.1179551295719,
18.34799999999944, 0.5694868974116818,0.6968550601979261,-53.94980206664526,-334.35385197928707,
18.38099999999948, 0.580620346023506,0.6564933226857563,-54.066935170343214,-335.4982849186848,
18.413999999999522, 0.5900024280451386,0.6230964796202952,-54.00791166329983,-336.7000101217215,
18.446999999999562, 0.5975249225921438,0.6186068120550213,-53.92953599480132,-337.90932499342654,
18.479999999999603, 0.6031922763892166,0.623108868303019,-54.032526125162015,-339.0489286337039,
18.512999999999643, 0.6070104260958995,0.615514441027486,-54.30738363825237,-340.27301466371296,
18.545999999999683, 0.6089551599397666,0.588592883887389,-54.57571912616938,-341.48613319909936,
18.578999999999724, 0.6089965395768407,0.5538116785114131,-54.67883824399994,-342.64057349045044,
18.611999999999764, 0.6070736944125394,0.5342792564000562,-54.62387001221039,-343.89444808572745,
18.644999999999804, 0.6031582917828745,0.5453244995791153,-54.63970153707962,-345.10213722415386,
18.677999999999845, 0.5973178320293225,0.5637906704833113,-54.85972876610677,-346.2459931337769,
18.710999999999885, 0.5896092740900767,0.5772285566837396,-55.2254571826145,-347.4285363697576,
18.743999999999925, 0.5800697031277321,0.5839975779776846,-55.580407154658005,-348.6066177979684,
18.776999999999965, 0.5687252094731607,0.5882347634932115,-55.78361612919642,-349.74970974399463,
18.810000000000006, 0.5556746590532068,0.5944617042201873,-55.79581702281909,-351.0127308565765,
18.843000000000046, 0.5411948672363199,0.6075016015590546,-55.803451436348084,-352.30077800975283,
18.876000000000086, 0.5252435315809708,0.6229075221464693,-56.01030920364455,-353.4306730847481,
18.909000000000127, 0.5077282870070078,0.6378749618880664,-56.37453898632859,-354.54597824457227,
18.942000000000167, 0.4886888773503111,0.652760716100738,-56.787442392565026,-355.66585523252354,
18.975000000000207, 0.46820765130679226,0.6681582941111484,-57.115714647517244,-356.77598466208104,
19.008000000000248, 0.44641133524374604,0.6810688452515761,-57.26421829152144,-357.89960695919495,
19.041000000000288, 0.42349848192272793,0.6746025644574843,-57.2357013623264,-359.13701804060156,
19.07400000000033, 0.3996765234675366,0.6374402278116359,-57.2469279287012,-360.31591051880537,
19.10700000000037, 0.3748851975911575,0.5933235285797562,-57.4283170317296,-361.4486864766443,
19.14000000000041, 0.3491155480588611,0.558990605725565,-57.729578937778555,-362.6476723746182,
19.17300000000045, 0.32251978064452574,0.5401705846188619,-57.97200022463028,-363.81495602975735,
19.20600000000049, 0.29516571210225867,0.5267711935297987,-58.03027486592984,-364.92001459411523,
19.23900000000053, 0.2668761916805573,0.49789143943764985,-57.93402361896594,-366.11543104272425,
19.27200000000057, 0.23770038355199238,0.4413705703887504,-57.896032364013905,-367.2595852553206,
19.30500000000061, 0.2080313645534629,0.3804380630643465,-58.0190165351864,-368.3832198630339,
19.33800000000065, 0.17807512625058255,0.3352259922650748,-58.23863333978385,-369.59993635579366,
19.37100000000069, 0.14797061060396247,0.310444163829946,-58.35245390167597,-370.74455835384197,
19.40400000000073, 0.11761316280514665,0.28828178868013155,-58.27597730543452,-371.84743572833236,
19.437000000000772, 0.08682375702638634,0.242054799656941,-58.10241446940324,-373.0366552093468,
19.470000000000812, 0.05584739985379345,0.17441851724279087,-58.04595135170903,-374.13087791592505,
19.503000000000853, 0.024901291491342643,0.11362514013488861,-58.133791102442025,-375.2878365860882,
19.536000000000893, -0.005947802807729205,0.07883116673673862,-58.226476771662696,-376.4737019699743,
19.569000000000933, -0.036645489268517316,0.05750380227908652,-58.147566253850066,-377.56661708644316,
19.602000000000974, -0.06711339088167378,0.017475360100642077,-57.90283043150825,-378.7591134444784,
19.635000000001014, -0.09716846682353451,-0.05615529744907054,-57.701110077350386,-379.8651261880156,
19.668000000001054, -0.12681213547203982,-0.1316680688725134,-57.64064157822928,-380.95359207955465,
19.701000000001095, -0.15602577470336043,-0.18687144980609122,-57.63383680219135,-382.08599719529514,
19.734000000001135, -0.18473695361251935,-0.2305748167006787,-57.49509402547597,-383.1439948682712,
19.767000000001175, -0.21309578521599248,-0.2890052987665047,-57.16814373945056,-384.35746290002504,
19.800000000001216, -0.24145033560985757,-0.36557118162670554,-56.8798864379278,-385.41009169071225,
19.833000000001256, -0.26934991141636094,-0.4424921837544296,-56.72425743311019,-386.37179785198595,
19.866000000001296, -0.29624651017124365,-0.5234757544365988,-56.59662110258906,-387.3562892370006,
19.899000000001337, -0.32245147753342207,-0.6043355329473734,-56.372284826865084,-388.3252244036589,
19.932000000001377, -0.34879075716597263,-0.6610365248933876,-56.05313790794191,-389.47319708497105,
19.965000000001417, -0.37508481548124084,-0.6810211483801005,-55.84217991411539,-390.5447607453841,
19.998000000001458, -0.400485884108954,-0.6978959788119846,-55.79983154799572,-391.60386816068274,
20.031000000001498, -0.42476086713307537,-0.7352640105400152,-55.8253122109211,-392.7201251152485,
20.06400000000154, -0.44794413599493493,-0.7867906459121115,-55.74670121108092,-393.7505193550695,
20.09700000000158, -0.47001136575994745,-0.826247730244776,-55.53020704986525,-394.8524852116265,
20.13000000000162, -0.4904528152242177,-0.8328548836285098,-55.31482852851709,-395.94594886132137,
20.16300000000166, -0.5094337373804126,-0.8296946692014223,-55.254240894868936,-396.97702599480294,
20.1960000000017, -0.5274980345809451,-0.8403236497653844,-55.33219328815365,-398.10833303813496,
20.22900000000174, -0.5446957489988393,-0.8702811421959883,-55.37646945837415,-399.1739765676267,
20.26200000000178, -0.5605483457003825,-0.9021288517989221,-55.28228444926586,-400.2009565198511,
20.29500000000182, -0.5742123423462239,-0.9140948163226961,-55.076450130649725,-401.3188415754143,
20.32800000000186, -0.5854576253035892,-0.907446575984694,-54.95337874925806,-402.33207592448457,
20.3610000000019, -0.5952897657884972,-0.9018173361583621,-54.98816963591579,-403.39055983812324,
20.39400000000194, -0.6044302530811314,-0.9108394224044476,-55.11340966128796,-404.5206428775709,
20.427000000001982, -0.6125562532207939,-0.9314585302375195,-55.1512791886336,-405.54224554628587,
20.460000000002022, -0.6189128460198655,-0.9488391968423642,-55.0447948888341,-406.5816483484336,
20.493000000002063, -0.6224564815595878,-0.9477748684071583,-54.86531043368217,-407.67502989499974,
20.526000000002103, -0.6235676394614516,-0.9365875157218636,-54.80042679785063,-408.6647459295703,
20.559000000002143, -0.6233966631117924,-0.9282047411500763,-54.88907803403333,-409.74371340181125,
20.592000000002184, -0.6226027861645062,-0.9322554463638705,-55.036030916122776,-410.86132847582087,
20.625000000002224, -0.6206886213291223,-0.9444293308849048,-55.07793266165849,-411.8692575463253,
20.658000000002264, -0.6168632653028189,-0.9518783950979122,-54.97511796831668,-412.9167506432847,
20.691000000002305, -0.6101266296349721,-0.9420503232015893,-54.81813675975274,-413.99792244389624,
20.724000000002345, -0.601106887470296,-0.9241194371602441,-54.78454554858344,-414.9868171691026,
20.757000000002385, -0.5909541816794418,-0.9093968712604029,-54.904484578492756,-416.0739301805975,
20.790000000002426, -0.5802634884329824,-0.9070904975939401,-55.07709359488301,-417.1925630894045,
20.823000000002466, -0.5685412404796781,-0.9127088876967767,-55.1426744853064,-418.2076252922772,
20.856000000002506, -0.555098653841553,-0.9131337807403543,-55.062440659386084,-419.2599248311665,
20.889000000002547, -0.5390779667811261,-0.8940204891814423,-54.92477166192591,-420.3501066288746,
20.922000000002587, -0.5210605280219962,-0.8647200403052893,-54.91112151581976,-421.35162511636986,
20.955000000002627, -0.5020874535402283,-0.8392070616165983,-55.05813046727092,-422.439938439886,
20.988000000002668, -0.4826021361291147,-0.8280921497637982,-55.27248916355483,-423.5721767005376,
21.021000000002708, -0.46225464479239214,-0.8268743448534037,-55.38731474948501,-424.6152681716772,
21.05400000000275, -0.4406593509975673,-0.8210027550090565,-55.35315629669101,-425.6786078917168,
21.08700000000279, -0.4173849671070059,-0.7914984612681799,-55.24680514014559,-426.801592606456,
21.12000000000283, -0.3927259644322742,-0.7454413040329676,-55.26339817372498,-427.8356120992593,
21.15300000000287, -0.3672893178526182,-0.7011107965594023,-55.45080149909465,-428.91389046462314,
21.18600000000291, -0.3411797165659634,-0.6693374525071044,-55.73050740461712,-430.0496089915237,
21.21900000000295, -0.3142540634963484,-0.6485130993129211,-55.935334038955766,-431.13120513619435,
21.25200000000299, -0.2866202678819451,-0.6264610629568028,-55.98943320128381,-432.2030671677867,
21.28500000000303, -0.25876048015218805,-0.5826575198548322,-55.942801976105464,-433.3783594493757,
21.31800000000307, -0.23097637296322904,-0.5108875404805886,-56.01121554951872,-434.471265344608,
21.35100000000311, -0.20311153213566205,-0.42853333017231715,-56.26580400840617,-435.47521303481204,
21.38400000000315, -0.17521552711684132,-0.3394348934138445,-56.65377063241497,-436.41930811649934,
21.417000000003192, -0.1474936444708903,-0.24503120988351051,-57.09237648325718,-437.3011708035546,
21.450000000003232, -0.11979516121976072,-0.1541144998322721,-57.50590749311509,-438.1946135697169,
21.483000000003273, -0.09183077031897245,-0.06864296512608818,-57.828399884892605,-439.1346638881975,
21.516000000003313, -0.06351488931951624,0.013297171520010335,-57.999342834225686,-440.1107783727618,
21.549000000003353, -0.034834814917478196,0.08408876126235777,-58.00459279705505,-441.1755848582835,
21.582000000003394, -0.005846585181215354,0.129554590706886,-57.97092301134218,-442.2579909187596,
21.615000000003434, 0.023331942107015034,0.16186757528801796,-58.0538359676993,-443.2565724326912,
21.648000000003474, 0.05261313284723405,0.19671773001536008,-58.26141125864776,-444.2881774390036,
21.681000000003515, 0.08202499265126484,0.24406725389468445,-58.510517827217434,-445.3687170007065,
21.714000000003555, 0.11164863288348063,0.303882927404776,-58.653092744427624,-446.37473877926965,
21.747000000003595, 0.14132277631819715,0.366142729538193,-58.641143178837915,-447.3217858997206,
21.780000000003636, 0.17051103532476022,0.4181545515017877,-58.52143059436059,-448.34564979111695,
21.813000000003676, 0.19881543625447587,0.45293463955986885,-58.45301097178344,-449.32724832405256,
21.846000000003716, 0.22663494226562927,0.4827351048188488,-58.50795477645185,-450.2756769413334,
21.879000000003757, 0.25439757753887426,0.5180808739794998,-58.66288004312548,-451.32373409142895,
21.912000000003797, 0.2825947525159839,0.5633242121167805,-58.793722024877155,-452.3753493479906,
21.945000000003837, 0.31088121310461186,0.6114039920070861,-58.790383589845774,-453.304130899624,
21.978000000003878, 0.3383423240430921,0.6559136572155284,-58.66161472208229,-454.26284504910876,
22.011000000003918, 0.3638960994839869,0.6894779412623334,-58.511208394413316,-455.26493201397534,
22.044000000003958, 0.38797731114373335,0.7150774788729196,-58.47252368743415,-456.1808228148971,
22.077000000004, 0.41142112727244223,0.7411705299556351,-58.548347778706066,-457.1637378937078,
22.11000000000404, 0.4350458625351494,0.7731037820128641,-58.66258596948634,-458.22534431959707,
22.14300000000408, 0.4587407781440307,0.8074738155660312,-58.67195092009044,-459.17205302657493,
22.17600000000412, 0.4814003435658044,0.8395472166465462,-58.55279309355036,-460.0976926509315,
22.20900000000416, 0.501667038530662,0.8631334319477644,-58.36744026070212,-461.11505428577993,
22.2420000000042, 0.5195560068752518,0.8765771910340169,-58.27591188652206,-462.0411125597138,
22.27500000000424, 0.5361486096884701,0.8887002844464554,-58.30304345761552,-462.98682278590917,
22.30800000000428, 0.5523139411664177,0.9074154615381619,-58.39511843389431,-464.03553388292727,
22.34100000000432, 0.5682704166832232,0.9324919646825649,-58.40392696252287,-465.0018680624514,
22.37400000000436, 0.582995472229254,0.9567986626077958,-58.28139303366253,-465.9198941880566,
22.407000000004402, 0.5951790798927237,0.970355864687251,-58.07547989186555,-466.94371431021824,
22.440000000004442, 0.6046053467197131,0.9684086327311479,-57.95194829746384,-467.89197428166295,
22.473000000004483, 0.6123270173497329,0.9639436058807122,-57.95052709312715,-468.83175076955484,
22.506000000004523, 0.6190522411582279,0.9694604188003905,-58.019833535454,-469.8695338034607,
22.539000000004563, 0.6250376395186901,0.9879072837382376,-58.01122213669357,-470.8458993507109,
22.572000000004603, 0.6295433718946788,1.0073295559429638,-57.86643562201887,-471.7793445945289,
22.605000000004644, 0.6316094779821021,1.009840986895926,-57.63641480698284,-472.8193152583699,
22.638000000004684, 0.6312332656859957,0.9901183652918977,-57.48991460551556,-473.78185205200174,
22.671000000004724, 0.6291150614119748,0.9680684301755661,-57.46639426097896,-474.73849704325494,
22.704000000004765, 0.6255518932490648,0.9608766433499085,-57.50591619731705,-475.7737544702024,
22.737000000004805, 0.6205817513327497,0.9700286000417322,-57.45945989274433,-476.74176166028474,
22.770000000004845, 0.6139310946441654,0.97730367993348,-57.273256515630464,-477.7111843243,
22.803000000004886, 0.6054943917566857,0.957061732161494,-57.0080038323822,-478.7678693432131,
22.836000000004926, 0.5955645779705643,0.9126249825276556,-56.83021050217894,-479.710367224136,
22.869000000004966, 0.5840189817513625,0.8688335115918737,-56.76451831372143,-480.66931975864674,
22.902000000005007, 0.5705247607531604,0.8413265366656413,-56.735045152831084,-481.65851644835686,
22.935000000005047, 0.5552226588138752,0.8227240470853622,-56.60817422550483,-482.58217808545413,
22.968000000005087, 0.5387806026905985,0.7920052969543977,-56.33149380695432,-483.6146241541078,
23.001000000005128, 0.5223288183426241,0.732787763649262,-56.015153409191456,-484.61813270088595,
23.034000000005168, 0.5051651883009428,0.664788387760549,-55.801204424172845,-485.4393588012621,
23.06700000000521, 0.48657468341799015,0.5946688053675678,-55.654657036526565,-486.2669465507045,
23.10000000000525, 0.4664399792301459,0.5210702753854237,-55.48695857535747,-487.08145369606814,
23.13300000000529, 0.44491406188956967,0.4495843147115855,-55.24258255925429,-487.942118888099,
23.16600000000533, 0.42198501925228327,0.39963655455250413,-54.93977545202894,-488.9653204685825,
23.19900000000537, 0.39765246026991824,0.37702710196085937,-54.73651860720311,-489.9028742417694,
23.23200000000541, 0.37201917545113705,0.3569162123969099,-54.668258403474624,-490.81506850927366,
23.26500000000545, 0.3451712597751753,0.3214216624493732,-54.68278284699916,-491.7916622242139,
23.29800000000549, 0.31717580336949375,0.2690626391186916,-54.65403140710209,-492.70964298136937,
23.33100000000553, 0.28808454762050845,0.21494789590563548,-54.5269847287432,-493.6100877005084,
23.36400000000557, 0.2580166964648109,0.17804923025049987,-54.31969652750827,-494.59767458151765,
23.39700000000561, 0.2271324543172373,0.1617428579691925,-54.16858854790607,-495.51486413005125,
23.430000000005652, 0.19544533853255464,0.14727387385101737,-54.146048045790636,-496.42124478730267,
23.463000000005692, 0.16298856319798752,0.12021940061956078,-54.24172597108349,-497.4221605100986,
23.496000000005733, 0.12985464493235707,0.07566731981336441,-54.337618422056515,-498.38397647798206,
23.529000000005773, 0.09617549228513783,0.023930264271394545,-54.344140885304135,-499.26844498097336,
23.562000000005813, 0.06211562544428182,-0.022669516094924427,-54.25083601370445,-500.1964356173578,
23.595000000005854, 0.027925505524592116,-0.05317127077744766,-54.12835887282024,-501.14640433287843,
23.628000000005894, -0.006344678340569373,-0.07553938962930225,-54.1023429739107,-502.02392338623133,
23.661000000005934, -0.04072032571293953,-0.10052040912115187,-54.20723968023088,-502.95541101939415,
23.694000000005975, -0.07516125018944836,-0.13666421633530698,-54.41453720207067,-503.9703880191182,
23.727000000006015, -0.10954997969974933,-0.18547273111491958,-54.60404379238348,-504.9391038820279,
23.760000000006055, -0.14373456058260412,-0.23914437913863695,-54.69839183837647,-505.8489822917177,
23.793000000006096, -0.17754868565326973,-0.28752229048665173,-54.68579758594256,-506.8020489823672,
23.826000000006136, -0.21074478079875053,-0.31866656278681077,-54.63130960745055,-507.79382470499763,
23.859000000006176, -0.2432408907519962,-0.33815671441761347,-54.67114603329449,-508.70832408272054,
23.892000000006217, -0.2750465800074606,-0.3571478104198031,-54.845087863059256,-509.62625487010246,
23.925000000006257, -0.3060841428378913,-0.381333809958631,-55.13080865975234,-510.591702091143,
23.958000000006297, -0.33623305968040285,-0.41191717766704194,-55.444873883236674,-511.5653136442913,
23.991000000006338, -0.36538081961727953,-0.44603748229593454,-55.69444598584739,-512.517083697011,
24.024000000006378, -0.393447719442079,-0.47844533409246026,-55.82943970346488,-513.4827607361406,
24.05700000000642, -0.4203993354798373,-0.4978795593373155,-55.856268621175886,-514.5485031749544,
24.09000000000646, -0.44618557572160383,-0.49263917180343536,-55.915193002487065,-515.6095929561399,
24.1230000000065, -0.4706371503171582,-0.4735093173231349,-56.12537497099137,-516.548878566638,
24.15600000000654, -0.4935923354520111,-0.44706299625375895,-56.46893090523552,-517.3832359664094,
24.18900000000658, -0.514811993763239,-0.4133898593075006,-56.89001891180623,-518.0658368952603,
24.22200000000662, -0.53386898047749,-0.3797605273381147,-57.32411662619856,-518.5496496481001,
24.25500000000666, -0.5505062860716995,-0.35893709011852376,-57.72468604171895,-518.8412030461064,
24.2880000000067, -0.5648419036645046,-0.35576520306302567,-58.08280299761326,-518.967514713659,
24.32100000000674, -0.5770679167056908,-0.3686806631324009,-58.40885653833104,-518.9483560649314,
24.35400000000678, -0.5873028296270569,-0.3950240024787673,-58.71878702039627,-518.7965329615013,
24.38700000000682, -0.5956147686899987,-0.43375401589414425,-59.032959593642644,-518.5163793246688,
24.420000000006862, -0.6020932584790024,-0.4871555985663893,-59.37235876979975,-518.1161829988142,
24.453000000006902, -0.6068266393106775,-0.5573680721903821,-59.72531641833413,-517.7036279590055,
24.486000000006943, -0.609736401321804,-0.6378815317966354,-60.05993315328202,-517.4202321420915,
24.519000000006983, -0.6107545432431093,-0.7220377374498569,-60.38285966148648,-517.2840531994499,
24.552000000007023, -0.6098604944960204,-0.8060667769906248,-60.708633140762146,-517.2897775333317,
24.585000000007064, -0.607006021407592,-0.8863286939362262,-61.04266747442684,-517.4346552081984,
24.618000000007104, -0.6021588732062736,-0.9589435909447142,-61.38179731921407,-517.7083203523729,
24.651000000007144, -0.595378850573928,-1.0209436277248087,-61.71921909354411,-518.0960012572574,
24.684000000007185, -0.5868164533008056,-1.0710712102957674,-62.0460760030815,-518.585367571625,
24.717000000007225, -0.5766543307708787,-1.109606149719676,-62.34849660196667,-519.1670097789761,
24.750000000007265, -0.5650537382519357,-1.1374167460861635,-62.605878769193914,-519.8339362922829,
24.783000000007306, -0.5521638613357531,-1.1541443622467402,-62.796991850445615,-520.5892793066391,
24.816000000007346, -0.538257280933542,-1.155396866995168,-62.9215381063626,-521.4448601315423,
24.849000000007386, -0.5237989348944593,-1.134445089987623,-63.04905587140759,-522.3266387240823,
24.882000000007427, -0.5090114202467515,-1.0938410225252089,-63.26830654478128,-523.0983871790883,
24.915000000007467, -0.4941449689392943,-1.0383317195397284,-63.58499479449069,-523.698137598507,
24.948000000007507, -0.47976622226635474,-0.9718162067859915,-63.95790739383463,-524.0586280098883,
24.981000000007548, -0.4660703701957116,-0.9032998332607065,-64.33852401041267,-524.1448505652617,
25.014000000007588, -0.45257230209172766,-0.8425211886575127,-64.70768511169649,-524.0001111974789,
25.04700000000763, -0.4386765773538758,-0.7965119722071833,-65.06753939530896,-523.7170412349277,
25.08000000000767, -0.42386370350071284,-0.7680886908492234,-65.40987696719667,-523.4349728387677,
25.11300000000771, -0.40780053466656385,-0.7531598322198121,-65.73162341344096,-523.2551226204199,
25.14600000000775, -0.390355006366217,-0.747128065899185,-66.04520944219198,-523.2053937244103,
25.17900000000779, -0.3714285974143749,-0.7472019812904102,-66.36171923147066,-523.2978408894484,
25.21200000000783, -0.35092447843357194,-0.7503887585587012,-66.68155428041518,-523.5423458390408,
25.24500000000787, -0.32885684856699987,-0.7525634965331924,-66.99155354187091,-523.9347643037819,
25.27800000000791, -0.3054235373158211,-0.7499709694488996,-67.2701924862405,-524.4524303285624,
25.31100000000795, -0.2808845309118973,-0.7404296839867224,-67.4966421466917,-525.069628971431,
25.34400000000799, -0.25540514168675454,-0.7218399397834663,-67.6583171492245,-525.7748220746126,
25.37700000000803, -0.22904401329606852,-0.6900195584121334,-67.76885274046798,-526.5483377557548,
25.410000000008072, -0.20198746116185215,-0.6420455242156863,-67.89195887273239,-527.3068867907799,
25.443000000008112, -0.17462052663365712,-0.5802598658986502,-68.08535552338861,-527.9869161034176,
25.476000000008153, -0.14727526489207346,-0.505521361171533,-68.36056814952387,-528.5659689746302,
25.509000000008193, -0.12032484471565291,-0.41476522353411116,-68.70808829843604,-528.9932246620601,
25.542000000008233, -0.09428865495791515,-0.30499777896732777,-69.11329813627663,-529.1704545847049,
25.575000000008274, -0.06948262923254628,-0.18274499179369302,-69.56006425159369,-528.9841492821962,
25.608000000008314, -0.04552909992043629,-0.070765827335193,-70.01798677198465,-528.4788272588544,
25.641000000008354, -0.02167757883953788,0.013710920091168307,-70.40490510754005,-528.0212452192692,
25.674000000008395, 0.0023179516909309786,0.08006082397070381,-70.72873015508492,-527.7327779563082,
25.707000000008435, 0.026403590490710102,0.13463508687409176,-71.02862008245393,-527.5706399778865,
25.740000000008475, 0.05046318153433533,0.17905303594184202,-71.3275407155081,-527.510971196895,
25.773000000008516, 0.07432576044148874,0.21411955598177834,-71.63838437939187,-527.5397217699657,
25.806000000008556, 0.09778125829975724,0.24233758386122328,-71.96379819107376,-527.6358479530849,
25.839000000008596, 0.12065900591767331,0.26918007112998926,-72.29456752571599,-527.7627283896323,
25.872000000008637, 0.14290866516332443,0.30088766638214415,-72.61797187870529,-527.8770655192397,
25.905000000008677, 0.16457447834693645,0.34121935814399335,-72.92949303562385,-527.9439020898775,
25.938000000008717, 0.185734184408338,0.3913574351077046,-73.2336762161391,-527.937110143554,
25.971000000008758, 0.20649192181954495,0.45133923769848816,-73.54097948310356,-527.8310968101575,
26.004000000008798, 0.2270228345569909,0.5213003921970532,-73.86989988122203,-527.5905061994058,
26.037000000008838, 0.247790736787768,0.6033017957125896,-74.25769198518056,-527.1514382823772,
26.07000000000888, 0.2704644288447418,0.6982775337478777,-74.7232671763083,-526.5478158594912,
26.10300000000892, 0.29598982358834514,0.7862946502346363,-75.14914511535858,-526.1809069620467,
26.13600000000896, 0.322877928888922,0.855557545698411,-75.52573220954731,-526.0977140633659,
26.169000000009, 0.35010330746936047,0.9047480213737318,-75.8794652178544,-526.2180354172006,
26.20200000000904, 0.376932304409364,0.9350230850643603,-76.22043470133599,-526.4920282699792,
26.23500000000908, 0.4028176447056076,0.9490928147734858,-76.54940891841028,-526.8926692337723,
26.26800000000912, 0.4274086690334738,0.9505795191457771,-76.85694253096283,-527.4048981364112,
26.30100000000916, 0.45054039781658917,0.9432198734360713,-77.12285354283588,-528.0150098043271,
26.3340000000092, 0.4721186486805556,0.9296806946752376,-77.32419562076912,-528.7138343868244,
26.36700000000924, 0.4918722151227909,0.911139042183881,-77.45129547794001,-529.5101615136983,
26.400000000009282, 0.5092718744232937,0.8882192691072874,-77.54436507461801,-530.3641783115532,
26.433000000009322, 0.5243548220814443,0.8624136517793253,-77.6888889399917,-531.1446905933813,
26.466000000009362, 0.5375240591026172,0.8353955151905859,-77.91019232217076,-531.8227030339677,
26.499000000009403, 0.5488657004237248,0.8090224527796858,-78.1917080488744,-532.3995700897035,
26.532000000009443, 0.5583361289916929,0.7863886070101135,-78.50677525510355,-532.8598975490781,
26.565000000009483, 0.5659339133759078,0.7711617725975912,-78.8329211787027,-533.1911162797963,
26.598000000009524, 0.5717209969466174,0.7660148242517956,-79.15972515320888,-533.3879513469667,
26.631000000009564, 0.5757891920146267,0.7722028663221937,-79.48844600543205,-533.444591382059,
26.664000000009604, 0.5782618820975063,0.7903956685372852,-79.8311888257676,-533.347464597211,
26.697000000009645, 0.5793976924798258,0.8224318414145448,-80.21455064729838,-533.0699842435642,
26.730000000009685, 0.5799859148963671,0.8703168213367425,-80.65689813798883,-532.6568567178854,
26.763000000009725, 0.5808364088206478,0.9209358313951054,-81.08865514179801,-532.4064755498123,
26.796000000009766, 0.5815121241382395,0.9592515447373974,-81.47857627716155,-532.4333191215675,
26.829000000009806, 0.5814298081802663,0.9811031190659912,-81.83419233367262,-532.6847233811139,
26.862000000009846, 0.5801464460250229,0.9871395463497222,-82.15223416996274,-533.1051403525248,
26.895000000009887, 0.5773800076613235,0.9797264645148697,-82.42082896839999,-533.653597795154,
26.928000000009927, 0.5729853324770668,0.9603994916675604,-82.6275841856509,-534.3050363963271,
26.961000000009967, 0.5668607052781737,0.9279873177676984,-82.77715655815865,-535.0397967266892,
26.994000000010008, 0.5589326761279064,0.8802370266727242,-82.91506679007425,-535.7938263443988,
27.027000000010048, 0.5492816559986389,0.8194213795472374,-83.0959520807025,-536.4826890232551,
27.06000000001009, 0.538025695556369,0.7494754528445174,-83.3321581904428,-537.0814460538191,
27.09300000001013, 0.525197468545383,0.6724362680510909,-83.61242352473903,-537.5829791596594,
27.12600000001017, 0.5107825880083542,0.5896086115603779,-83.9209937520408,-537.9723436307837,
27.15900000001021, 0.4947759557099335,0.5029269513012805,-84.24392007516444,-538.2318484959126,
27.19200000001025, 0.47720459279749033,0.4152928499018253,-84.5725595830367,-538.3494212253363,
27.22500000001029, 0.45811755475072446,0.33016854584595134,-84.90643330788886,-538.321298799779,
27.25800000001033, 0.43759794906694716,0.25182293168387926,-85.2519631445675,-538.1516931979706,
27.29100000001037, 0.4157837046425606,0.1865292583900166,-85.60853820307649,-537.8836635643693,
27.32400000001041, 0.39271893756674403,0.13914967639376236,-85.95713932540612,-537.6380376420283,
27.35700000001045, 0.3683001406275422,0.10887818063797067,-86.2940536185713,-537.5068276853704,
27.39000000001049, 0.34244320737749673,0.09453953565418477,-86.63402442807067,-537.5218102254839,
27.423000000010532, 0.3150718527333926,0.0965524914850561,-86.98991898451739,-537.709631951903,
27.456000000010572, 0.28610258087048607,0.11463181547187354,-87.36087176370764,-538.1060766254238,
27.489000000010613, 0.2555656316376601,0.14452124808797623,-87.71417971342873,-538.7416366935089,
27.522000000010653, 0.2237119580010544,0.17830774021194923,-87.98086607202326,-539.6180582547408,
27.555000000010693, 0.19088709591130246,0.2065794457203539,-88.1228208781214,-540.6990737788037,
27.588000000010734, 0.1575134109586705,0.22143952758430352,-88.26995620510542,-541.726675952258,
27.621000000010774, 0.12383541928692862,0.2260290717016439,-88.51771913189215,-542.5822126535176,
27.654000000010814, 0.08998426373381,0.2212702875462266,-88.8375794376149,-543.3057398825722,
27.687000000010855, 0.05608194224328776,0.20479423026087276,-89.1881184725371,-543.9123077241702,
27.720000000010895, 0.022205070714561684,0.17446088048845138,-89.54453080938465,-544.4136605791688,
27.753000000010935, -0.01160343567271043,0.1296665120474582,-89.8975767004589,-544.8194152594983,
27.786000000010976, -0.045302760544884496,0.07131223588990426,-90.2447284523486,-545.1310648609345,
27.819000000011016, -0.07883074671575918,0.0017042646236049255,-90.58417870194133,-545.3405610511031,
27.852000000011056, -0.1120937598327088,-0.07562476824610848,-90.91338834434472,-545.4348054277717,
27.885000000011097, -0.14498239630640522,-0.15670163104973292,-91.23253133857672,-545.4048928899574,
27.918000000011137, -0.17739941978813256,-0.23806050039073226,-91.54939781329777,-545.248063098627,
27.951000000011177, -0.2092420367656459,-0.31626429842644443,-91.87946292027739,-544.9563784222612,
27.984000000011218, -0.24032603630091662,-0.38515017229933984,-92.22976301623852,-544.542911038815,
28.017000000011258, -0.27049425916483694,-0.4380765955338226,-92.5686184874432,-544.1435641759281,
28.0500000000113, -0.29978928313925174,-0.4764897709178044,-92.88412164642678,-543.8644628652725,
28.08300000001134, -0.3282265719756439,-0.5023410525774903,-93.1973574616093,-543.7144268678786,
28.11600000001138, -0.3557843701594873,-0.5143855157138593,-93.52881445654775,-543.6991479734814,
28.14900000001142, -0.382471831816381,-0.5097295437964409,-93.89476712412605,-543.8326041983782,
28.18200000001146, -0.4083262560305374,-0.4865756168787846,-94.30663987761208,-544.1362682446251,
28.2150000000115, -0.43326365675314044,-0.45002134197647914,-94.75627432750797,-544.6422252499924,
28.24800000001154, -0.45692610036354014,-0.414256005373569,-95.19258561526195,-545.3629141608698,
28.28100000001158, -0.47901002974328394,-0.38724637278225466,-95.54176385287036,-546.2481588176428,
28.31400000001162, -0.4994025705977364,-0.36934328885259543,-95.74107403406988,-547.2517114030557,
28.34700000001166, -0.5179478778405325,-0.36980300030244967,-95.78504239104883,-548.3870971160877,
28.3800000000117, -0.53450539166317,-0.3968203646286213,-95.83961522810999,-549.480065128645,
28.413000000011742, -0.5491750024705077,-0.4342950278912553,-96.02802626627532,-550.4819859418333,
28.446000000011782, -0.5620092140302066,-0.4722971331906024,-96.33465408939875,-551.4826712784817,
28.479000000011823, -0.5729982451275577,-0.506986127747666,-96.68704721925404,-552.4968292479441,
28.512000000011863, -0.5821214433041609,-0.5368116556494062,-96.98130467805666,-553.4925231918633,
28.545000000011903, -0.5893779315948462,-0.5637054883339858,-97.14325234760577,-554.4561703887387,
28.578000000011944, -0.5947889126020603,-0.5946297385458273,-97.16451065761937,-555.4695549758634,
28.611000000011984, -0.5983439995875975,-0.6426130495574423,-97.1406883829567,-556.5441839100602,
28.644000000012024, -0.6000375328852234,-0.7036356889715772,-97.22707267020351,-557.5281200230287,
28.677000000012065, -0.5999982970034292,-0.764931660557773,-97.44141373255957,-558.4998066735219,
28.710000000012105, -0.5984503446669424,-0.8199831637826479,-97.74377155729367,-559.5235460318896,
28.743000000012145, -0.5956904182260342,-0.8667151447251329,-98.0346680365756,-560.5485965989845,
28.776000000012186, -0.5917526010454477,-0.9083049708297571,-98.21786058774902,-561.5014237087787,
28.809000000012226, -0.5862820576393436,-0.9477249091670116,-98.26921955952498,-562.4438471727844,
28.842000000012266, -0.5783670169860166,-0.988004862597516,-98.2196719170929,-563.4822401747706,
28.875000000012307, -0.5675325464756513,-1.0318972225390386,-98.22268375133596,-564.4653964869152,
28.908000000012347, -0.5549665696165967,-1.074719026528464,-98.35391399834688,-565.3967908911783,
28.941000000012387, -0.5415552676549824,-1.1133772212558959,-98.60429460367227,-566.3851115798026,
28.974000000012428, -0.5279287770380958,-1.148903232514327,-98.91050505829388,-567.417229602383,
29.007000000012468, -0.5139840340364429,-1.1837389461931145,-99.16187673345762,-568.4045833159529,
29.04000000001251, -0.49912713356177923,-1.216285496865232,-99.29306470867974,-569.359800061828,
29.07300000001255, -0.48248923188956905,-1.2399276358515985,-99.28971763094951,-570.3889951286587,
29.10600000001259, -0.4628027805444552,-1.2457637707503961,-99.24671944366976,-571.4424161757441,
29.13900000001263, -0.4409893457823818,-1.240492567790704,-99.31867314220415,-572.4056985680382,
29.17200000001267, -0.4183439952575236,-1.2323645760863804,-99.5318954372284,-573.3942876438375,
29.20500000001271, -0.3953202122537661,-1.226806458625098,-99.83903629522602,-574.4331228295566,
29.23800000001275, -0.3717563929475688,-1.2249060862511376,-100.12259701709675,-575.4544537212186,
29.27100000001279, -0.34744526132445447,-1.2219690298434007,-100.2902479704364,-576.4447826975411,
29.30400000001283, -0.32249948952840995,-1.2077244491180579,-100.31951257235141,-577.4918575897785,
29.33700000001287, -0.2973448162361124,-1.1650484079370316,-100.30401694374225,-578.5965630207814,
29.37000000001291, -0.27225341809051884,-1.0992074635715978,-100.42040980389102,-579.6005808397505,
29.403000000012952, -0.247344949211432,-1.022819151713703,-100.69374071995102,-580.5509715463411,
29.436000000012992, -0.2230283250299266,-0.936473106783609,-101.07729903348952,-581.4605656513669,
29.469000000013033, -0.20031591552765365,-0.8385223234298088,-101.50558246439518,-582.3326601778274,
29.502000000013073, -0.17959834681156733,-0.7352983285848232,-101.91080042072332,-583.2341771520574,
29.535000000013113, -0.16005257018516234,-0.6312298518615822,-102.21652620007019,-584.1928126003713,
29.568000000013154, -0.14119684912473782,-0.5270607395475032,-102.35537348543518,-585.206030921892,
29.601000000013194, -0.12295128904197597,-0.43427801579152536,-102.32352262334545,-586.3295573431784,
29.634000000013234, -0.10512079800862423,-0.36391330119839105,-102.29446757645285,-587.416960968233,
29.667000000013275, -0.08738885044414586,-0.2979084321016245,-102.39805856742721,-588.4481100399353,
29.700000000013315, -0.0697193758728643,-0.2199794383796164,-102.6123295317702,-589.5499007335346,
29.733000000013355, -0.05224291033350083,-0.12036319680695891,-102.79072043469498,-590.6465089851376,
29.766000000013396, -0.0348480747563204,-0.0072922383814849005,-102.79792755724905,-591.6351182829698,
29.799000000013436, -0.017314696874207947,0.10156372611848336,-102.64701265758983,-592.6568376228635,
29.832000000013476, 2.678798509083328E-4,0.1889822220881351,-102.48393602940259,-593.6896306295448,
29.865000000013517, 0.01806575271805794,0.266878969998481,-102.43700249074386,-594.6573633255769,
29.898000000013557, 0.03657184668894421,0.3529825249534701,-102.48752475925258,-595.7239661208788,
29.931000000013597, 0.05658026623582654,0.4570160525539097,-102.486544270891,-596.784199234925,
29.964000000013638, 0.0778790188745106,0.5652995100336168,-102.32047671891641,-597.7506506913315,
29.997000000013678, 0.09907600066840487,0.6558527738985929,-102.03380219773658,-598.8240869973412,
30.030000000013718, 0.11945869223164648,0.7185249302993315,-101.81922739593618,-599.8197405663591,