0.03300000000000002, 0.4889433909829205,0.6315910711962249,-0.030220692501909955,-0.4340206207426445,
0.06600000000000004, 0.4859668283156799,0.6281761446604596,-0.021117326221214466,-0.4262828403503853,
0.09900000000000007, 0.48104418802934706,0.622475916504998,-0.006057765440168893,-0.41320076848783677,
0.1320000000000001, 0.47420285785632804,0.6144466803249693,0.01487219992271159,-0.39441848425471937,
0.16500000000000012, 0.465480876527568,0.6040342584067627,0.041535015768337596,-0.3694371147169927,
0.19800000000000015, 0.4549266026363229,0.5911817444442555,0.07372242840888517,-0.3376193837955011,
0.23100000000000018, 0.44259816729758317,0.5758403745478574,0.11113004605075745,-0.29820418477158905,
0.2640000000000002, 0.4285626218069461,0.5579838582127995,0.15332593123671392,-0.2503388092589236,
0.2970000000000002, 0.4128946937394001,0.5376259804323351,0.19971587922028958,-0.1931383495125286,
0.33000000000000024, 0.39567510836369973,0.514840217771855,0.2495116493956233,-0.12578182866655474,
0.36300000000000027, 0.376988541061408,0.48977846244463563,0.30171310371863946,-0.047650332461334176,
0.3960000000000003, 0.3569214443040905,0.4626841054854214,0.3551189344168528,0.04149881914032895,
0.4290000000000003, 0.33556018882913696,0.4338937020415418,0.4083794403134559,0.1413463796048031,
0.46200000000000035, 0.3129900551340745,0.40382256565505387,0.4600944765154428,0.2508592008957869,
0.4950000000000004, 0.2892954823864765,0.3729335498338773,0.5089404834676948,0.368228643313001,
0.5280000000000004, 0.2645616143904553,0.34169386220096365,0.5537910355402194,0.49094552163121297,
0.5610000000000004, 0.2388767385787554,0.31052943010584577,0.593789869291395,0.6160205941157506,
0.5940000000000004, 0.21233492943207263,0.27978767625560186,0.6283524830458336,0.7403062997882411,
0.6270000000000004, 0.18503821311675434,0.24971675843018498,0.657104597583073,0.8608317137690696,
0.6600000000000005, 0.15709781926220132,0.2204635739473302,0.6797922108368368,0.9750568841771664,
0.6930000000000005, 0.1286344203559475,0.19208691356163682,0.6962020003163184,1.0809915376418997,
0.7260000000000005, 0.09977752036714417,0.16457889723868332,0.7061145257730143,1.177180525283717,
0.7590000000000006, 0.07066426676184648,0.13788807305685172,0.7092919173126555,1.2625985579822934,
0.7920000000000006, 0.04143794687707961,0.11193989842141555,0.7054894415137934,1.3365054336431628,
0.8250000000000006, 0.012246359234624679,0.08665279826092546,0.6944784425235893,1.3983002800046633,
0.8580000000000007, -0.01675982182208406,0.061949577004628296,0.6760719541789623,1.4473957602744765,
0.8910000000000007, -0.04542862181335033,0.0377646161654793,0.6501490887216157,1.4831201625157033,
0.9240000000000007, -0.07360824865928929,0.014047390605858676,0.616677931447558,1.5046485447648374,
0.9570000000000007, -0.10114847090390414,-0.009237265883025241,0.5757387417496271,1.5109618802137725,
0.9900000000000008, -0.12790189945949815,-0.03211180782162534,0.5275500376069042,1.500833295307758,
1.0229999999999981, -0.15372519917666141,-0.05459116766998153,0.47249981117705625,1.4728414696238235,
1.0559999999999945, -0.1784802718277433,-0.07668989228793459,0.41118259493381965,1.4254120077831856,
1.0889999999999909, -0.20203545565984987,-0.09843019275824876,0.34444005141254275,1.356887214898868,
1.1219999999999872, -0.2242667656213563,-0.11984930622161227,0.27339788177006585,1.265622521198086,
1.1549999999999836, -0.24505914262408962,-0.14100413937369324,0.19948520586074464,1.150104160740252,
1.18799999999998, -0.2643075995729348,-0.1619713418515972,0.1244148791793728,1.0090811826615809,
1.2209999999999763, -0.28191810082906604,-0.18284220934815867,0.050095389508477924,0.8417156595740277,
1.2539999999999727, -0.2978081080387539,-0.20371414036131147,-0.0215633154855662,0.6477967247350254,
1.286999999999969, -0.3119071382599377,-0.22468285205450828,-0.08899651649972523,0.4281522570315852,
1.3199999999999654, -0.32415850817030933,-0.2458403232455471,-0.15151899469529012,0.18547425709307916,
1.3529999999999618, -0.3345241202477896,-0.26727996253917213,-0.2099539469245873,-0.07443702196165991,
1.3859999999999582, -0.34299231916594836,-0.2891016590400099,-0.26689431535609637,-0.3419556146318941,
1.4189999999999545, -0.3495829733201383,-0.3114034657247685,-0.3259170321195005,-0.6051833703078721,
1.4519999999999509, -0.354342767500411,-0.3342601808370998,-0.38997675750521327,-0.8534607820585494,
1.4849999999999473, -0.35733470712800014,-0.35770812478640407,-0.46031915333653567,-1.0796974955544396,
1.5179999999999436, -0.35863134618850107,-0.38174569251687934,-0.5365261843729714,-1.2801865049357761,
1.55099999999994, -0.3583133658548335,-0.40633945920444114,-0.6171226126540115,-1.4534185963471942,
1.5839999999999363, -0.35646981209940914,-0.43142523991805104,-0.7001690036862435,-1.599178176872276,
1.6169999999999327, -0.3531975237764501,-0.4569029316379636,-0.7836732598333163,-1.7180865745124558,
1.649999999999929, -0.34859941578785747,-0.48262970535177296,-0.8658351125678638,-1.811377482212277,
1.6829999999999254, -0.34278217799081934,-0.5084165409524967,-0.9451655623083512,-1.8807411270870347,
1.7159999999999218, -0.3358539819761743,-0.5340306327801715,-1.0205185540820327,-1.9281784559783155,
1.7489999999999182, -0.3279225207501437,-0.5592033139336463,-1.0910670589856608,-1.9558629708413302,
1.7819999999999145, -0.31909346082425877,-0.5836413774164919,-1.1562501362558135,-1.9660228629951453,
1.814999999999911, -0.3094692688077909,-0.6070393092753896,-1.2157103871370023,-1.9608522470378615,
1.8479999999999073, -0.29914836198833644,-0.6290905039926405,-1.2692339214501913,-1.942452401732097,
1.8809999999999036, -0.28822456209194375,-0.6494963873382028,-1.3166991168268423,-1.9127981204583553,
1.9139999999999, -0.2767868581385159,-0.6679731355403294,-1.3580365619429935,-1.8737217348649442,
1.9469999999998964, -0.26491949200699444,-0.6842562095754533,-1.3932002829119405,-1.8269074747979448,
1.9799999999998927, -0.25270237070081103,-0.6981032153139456,-1.422149035661282,-1.7738906403611963,
2.0129999999998893, -0.24021178845260374,-0.7092956939346757,-1.4448356410051029,-1.716058715584982,
2.0459999999998857, -0.22752141447486787,-0.717640388857566,-1.461201877732163,-1.6546541677533535,
2.078999999999882, -0.21470347274413215,-0.7229703787100982,-1.4711763873292876,-1.5907804108459662,
2.1119999999998784, -0.2018300150152497,-0.725146274912656,-1.4746734539065423,-1.5254127479626614,
2.144999999999875, -0.18897417464696561,-0.7240575205309363,-1.4715913192488146,-1.4594151312722947,
2.177999999999871, -0.17621129131540786,-0.7196237323722232,-1.4618096200473987,-1.393561921923,
2.2109999999998675, -0.16361981406016485,-0.7117960002622434,-1.4451863083878973,-1.328562260321435,
2.243999999999864, -0.1512819160902025,-0.700558064704439,-1.421554885825332,-1.2650836132976029,
2.2769999999998602, -0.13928378149979778,-0.6859272962327526,-1.3907229811031658,-1.2037705117719537,
2.3099999999998566, -0.12771554485469258,-0.6679553641631231,-1.352473398607647,-1.1452540608983868,
2.342999999999853, -0.11667087426948501,-0.646728388159886,-1.3065689695596479,-1.0901470509676705,
2.3759999999998493, -0.1062461809518852,-0.6223661985218767,-1.2527630435498762,-1.0390181173560995,
2.4089999999998457, -0.09653940263685536,-0.5950200797860684,-1.1908183933077006,-0.9923364190034757,
2.441999999999842, -0.08764822742995226,-0.5648680458042591,-1.1205386284760344,-0.950376445953989,
2.4749999999998384, -0.07966747831146327,-0.5321063748800214,-1.0418174255782953,-0.9130729981399561,
2.507999999999835, -0.07268516827126033,-0.4969360897988838,-0.9547104953388773,-0.8798238320566195,
2.540999999999831, -0.06677654598718157,-0.45954388927428064,-0.8595303276088582,-0.8492593457695542,
2.5739999999998275, -0.06199553406274189,-0.4200795311714169,-0.7569512308469605,-0.8190399484648182,
2.606999999999824, -0.058363703218739425,-0.37863596991488485,-0.6480936598009313,-0.7857900651138688,
2.6399999999998203, -0.0558584370641043,-0.33524243867644066,-0.5345454962617082,-0.745288602927408,
2.6729999999998166, -0.054403408072805914,-0.28987945959833955,-0.41829313547444097,-0.69295743517522,
2.705999999999813, -0.05386442880998531,-0.24251604419428036,-0.30157552748179484,-0.6245415034696873,
2.7389999999998094, -0.054051785211150144,-0.19315829395288112,-0.18670412412943876,-0.5367724978896149,
2.7719999999998057, -0.05472788980432077,-0.1418938359742703,-0.07588183345588709,-0.42784210708786663,
2.804999999999802, -0.05561816035308366,-0.08892028753598151,0.02897657976698157,-0.2976335866634737,
2.8379999999997985, -0.05642344856023674,-0.03455361512421335,0.12643234652403945,-0.14776252722695665,
2.870999999999795, -0.056833361354876696,0.020780903438516293,0.21570826670328755,0.01849998548254514,
2.903999999999791, -0.056540933679589477,0.0765688760769761,0.2968212010712449,0.1964086581323872,
2.9369999999997876, -0.05525954495837462,0.13223296503661908,0.37057629801151876,0.38011488236254276,
2.969999999999784, -0.05274140191794757,0.1871638833245985,0.43835483710357764,0.5633281785811869,
3.0029999999997803, -0.048793588859557584,0.24075634373681734,0.5017316166316976,0.740187915102209,
3.0359999999997767, -0.04328628900899718,0.2924452667855631,0.5620834880834435,0.9060219740722052,
3.068999999999773, -0.03615117298397303,0.34173314017157363,0.620356815407464,1.0576858748118434,
3.1019999999997694, -0.02737289595315722,0.3882027192991956,0.6770357104937191,1.1934629391887683,
3.1349999999997658, -0.016978312451784553,0.43151662491524706,0.7322376933933789,1.312730788808554,
3.167999999999762, -0.005026450476471968,0.47140944368526255,0.7858442830071871,1.415599912519245,
3.2009999999997585, 0.008399737396583364,0.5076774896297183,0.837612177501674,1.5026242793239357,
3.233999999999755, 0.02319989885305254,0.5401692578914481,0.8872488283144214,1.5746004773453766,
3.266999999999751, 0.039261409495796436,0.5687778180780648,0.9344556985106311,1.6324379561301003,
3.2999999999997476, 0.056463383165470823,0.5934353847085493,0.9789481502685365,1.6770782919465441,
3.332999999999744, 0.0746797441103895,0.6141098521894366,1.0204604548074514,1.7094464562847194,
3.3659999999997403, 0.09378146847660954,0.630802931128279,1.0587422986271515,1.730422939293631,
3.3989999999997367, 0.1136380669651182,0.6435495082474376,1.0935511107516527,1.7408298279945926,
3.431999999999733, 0.13411837077875446,0.6524178884674554,1.1246430133487697,1.7414265302852177,
3.4649999999997294, 0.15509069006892476,0.6575106229873737,1.1517641982398252,1.7329122729072772,
3.4979999999997258, 0.17642243263267052,0.6589656615058799,1.1746439271530287,1.7159332431883725,
3.530999999999722, 0.19797929738647382,0.6569575819691527,1.1929900053342177,1.6910926086173865,
3.5639999999997185, 0.2196241890300174,0.6516986464613334,1.2064873637870748,1.6589618449553802,
3.596999999999715, 0.2412160327073146,0.6434394112645556,1.214800203627619,1.620091973364888,
3.6299999999997112, 0.2626086934853271,0.6324685909687731,1.2175779314716468,1.5750235380214859,
3.6629999999997076, 0.2836502161698499,0.619111852365269,1.2144648088305203,1.5242944781127925,
3.695999999999704, 0.30418258693979927,0.6037292075227555,1.2051128623617167,1.4684454240808047,
3.7289999999997003, 0.32404217242334843,0.5867107008386319,1.189197222205384,1.4080222782698295,
3.7619999999996967, 0.343060913007098,0.5684701517104328,1.1664327828399108,1.3435761046047219,
3.794999999999693, 0.3610682432839181,0.5494368217219293,1.1365910359691371,1.2756602749964032,
3.8279999999996894, 0.37789360170405206,0.530045004709079,1.0995161940141354,1.2048245284441934,
3.860999999999686, 0.3933692995012409,0.5107216545838497,1.0551403138062563,1.1316052329213668,
3.893999999999682, 0.4073334728330413,0.49187223086997767,1.003497944066041,1.0565109146040845,
3.9269999999996785, 0.4196328609969409,0.47386494379426036,0.9447416354425561,0.9800022664718198,
3.959999999999675, 0.4301252405782645,0.45701357447783875,0.8791601095335771,0.9024665970433526,
3.9929999999996713, 0.43868148246501065,0.44155918549665935,0.8072004759688981,0.8241882668383399,
4.025999999999679, 0.4451873459137255,0.42765156750944266,0.7294940097318012,0.7453192841787144,
4.05899999999969, 0.4495452215987009,0.4153324138758455,0.6468812369677833,0.6658577648213667,
4.091999999999701, 0.4516760144059802,0.4045239017707712,0.5604269237546675,0.5856453004231648,
4.124999999999712, 0.4515211705035114,0.3950278097265716,0.4714114350915795,0.5043947516961892,
4.157999999999723, 0.4490445431638105,0.3865399502169129,0.38128620499975774,0.4217540915994426,
4.190999999999734, 0.44423353444331387,0.3786811287250393,0.29159118563258457,0.3373987511061875,
4.223999999999745, 0.4370989799362882,0.3710397063039266,0.2038484876915443,0.2511300720346572,
4.256999999999756, 0.427673633254739,0.3632156199167663,0.1194589647985788,0.16295139979823,
4.289999999999767, 0.41600962639592143,0.3548551936363926,0.03962762477163219,0.07310200381549065,
4.322999999999778, 0.40217558249999313,0.3456705917822832,-0.03466984004922018,-0.017953194084517253,
4.355999999999789, 0.38625399393691906,0.335443927189823,-0.10268326955447302,-0.10956502525188257,
4.3889999999998, 0.36833918928716336,0.32402020879360394,-0.16386030538465815,-0.2009542354724969,
4.421999999999811, 0.34853592037111586,0.31129437852139097,-0.21780899658798797,-0.29126301430753954,
4.454999999999822, 0.3269584272074726,0.2971966918952137,-0.2642611727637426,-0.37959459553401875,
4.4879999999998335, 0.30372978645285464,0.2816791108797195,-0.30304234218200793,-0.4650369789749366,
4.5209999999998445, 0.27898136778667965,0.26470407713064276,-0.3340503840638942,-0.5466702700239628,
4.5539999999998555, 0.25285226694834284,0.24623624970219105,-0.35724330158961864,-0.6235591117555164,
4.5869999999998665, 0.22548862827979801,0.22623742269988298,-0.3726353928818998,-0.6947329749892388,
4.6199999999998775, 0.19704280441856423,0.20466470730244335,-0.3803009503675568,-0.7591582080794269,
4.652999999999889, 0.16767232513103816,0.18147202540005522,-0.38038473949011825,-0.8157069390304492,
4.6859999999999, 0.13753866310654053,0.1566149287003538,-0.37311886200364036,-0.8631291758513642,
4.718999999999911, 0.1068057949600724,0.13005866991071852,-0.3588459737593472,-0.9000357033312744,
4.751999999999922, 0.07563856523249377,0.10178925424485272,-0.3380488520749746,-0.924900505794588,
4.784999999999933, 0.04420087671174873,0.07182681128105019,-0.3113854544584314,-0.9360921159770667,
4.817999999999944, 0.012653761100218812,0.040239968311842456,-0.27972626716515964,-0.9319426399662114,
4.850999999999955, -0.018846562543470332,0.00715899310196462,-0.24418661711525982,-0.9108597129181063,
4.883999999999966, -0.05015046258279172,-0.027215402271137,-0.20614144025372658,-0.871478753704142,
4.916999999999977, -0.08111626422726519,-0.06261086377978592,-0.1672061291909421,-0.8128410654333807,
4.949999999999988, -0.11161098310307643,-0.09869171731165337,-0.1291680405028128,-0.73457268606067,
4.982999999999999, -0.1415103124082684,-0.13507580077010625,-0.09386125641779149,-0.6370389213190811,
5.01600000000001, -0.17069795407705377,-0.17135583457777726,-0.06299044882020806,-0.5214662795336034,
5.049000000000021, -0.19906454119981062,-0.207120946608454,-0.037923865874579084,-0.39004583233616125,
5.082000000000032, -0.22650638357997208,-0.2419773502479063,-0.01949102498802082,-0.2460243181122063,
5.115000000000043, -0.2529241056751712,-0.27557160757549076,-0.007844889895846944,-0.09371560481436784,
5.148000000000054, -0.2782211786440609,-0.307618915451596,-0.002472920647902872,0.06173581155513014,
5.181000000000065, -0.30230261672721237,-0.3379290825843661,-0.0024134905059423877,0.21496538877370858,
5.214000000000076, -0.32507447223427677,-0.3664143277092014,-0.006612752644801749,0.3612059960566155,
5.247000000000087, -0.3464445727656271,-0.3930710740472182,-0.014241820199099255,0.4968892730633436,
5.280000000000098, -0.36632421032370643,-0.417946241265401,-0.024836012375429168,0.6197632116764779,
5.313000000000109, -0.3846300543901288,-0.4411052373433386,-0.03826445039602117,0.7286289514371382,
5.34600000000012, -0.40128575920077764,-0.46261081881175636,-0.05462086782607792,0.8229569370571233,
5.379000000000131, -0.416223125022689,-0.4825126817454006,-0.07411070902921386,0.9025575497465463,
5.412000000000142, -0.4293828903268454,-0.5008441190460813,-0.09696489926405974,0.9673568593368194,
5.445000000000153, -0.4407152729790592,-0.5176224908359721,-0.12338203751989366,1.0172639953115648,
5.478000000000164, -0.45018034950030067,-0.5328515925402058,-0.15349083991797977,1.052102259112689,
5.511000000000175, -0.45774832408187244,-0.5465250011686034,-0.18732405782466383,1.0715812544729781,
5.544000000000186, -0.46339971082254705,-0.5586299781512775,-0.22479735722001348,1.0752955401582989,
5.577000000000197, -0.4671254344632849,-0.5691516526661523,-0.26568924389762916,1.0627414470374223,
5.610000000000208, -0.4689268458814086,-0.5780771501729673,-0.3096204657898196,1.0333470874252522,
5.643000000000219, -0.4688156504187685,-0.5853991802260194,-0.35603344571596746,0.9865116252310648,
5.67600000000023, -0.466813763557833,-0.591118466364323,-0.4041742483303275,0.9216490389081415,
5.709000000000241, -0.4629531428301749,-0.5952444169152549,-0.45308123042685244,0.838229485496094,
5.742000000000252, -0.4572756960046856,-0.5977937190170626,-0.501585562976397,0.7358091548459665,
5.775000000000263, -0.44983342493558287,-0.5987871252064759,-0.5483290791547406,0.6140395790290174,
5.808000000000274, -0.44068901657746357,-0.5982454580042391,-0.59180502455799,0.4726538969791324,
5.841000000000285, -0.429917116732574,-0.596186464329749,-0.6304296737831572,0.3114473612215134,
5.874000000000296, -0.41760646925854306,-0.5926242001901584,-0.6626625766486246,0.1303136053191582,
5.907000000000307, -0.40386278710775847,-0.5875716839912543,-0.6872171042594897,-0.07051870268470467,
5.940000000000318, -0.3888110619051023,-0.5810450206429699,-0.7034347050590295,-0.28979950636217444,
5.973000000000329, -0.3725931433279365,-0.5730627604328273,-0.7118576123958124,-0.523954420438639,
6.00600000000034, -0.35535379717354404,-0.5636322499805693,-0.7147178668802959,-0.7658350538185629,
6.039000000000351, -0.33721653994264955,-0.5527277186865195,-0.7155688964750461,-1.0055144660225035,
6.072000000000362, -0.31827015413145715,-0.5402851777704113,-0.717809507587385,-1.2337437917858476,
6.1050000000003735, -0.2985808218779771,-0.5262235621411783,-0.7233710895721599,-1.444801944515976,
6.1380000000003845, -0.2782132406473072,-0.510469491720359,-0.7325751144175489,-1.636420389474455,
6.1710000000003955, -0.2572421164248842,-0.4929699348400792,-0.7446734392361541,-1.8082906306106965,
6.2040000000004065, -0.23575362695680846,-0.47369556729393086,-0.7583807295391458,-1.960869912190658,
6.2370000000004175, -0.21384269476413098,-0.45264043530597814,-0.7722078218816965,-2.094798524233943,
6.270000000000429, -0.19160959456555116,-0.4298205213203069,-0.78464450946849,-2.2106870913604513,
6.30300000000044, -0.16915707237720504,-0.40527217701486945,-0.7942578230477274,-2.309055916158835,
6.336000000000451, -0.14658816530486754,-0.379050963588982,-0.7997443561517946,-2.390316864662727,
6.369000000000462, -0.12400460957509607,-0.35123125479918543,-0.7999561354845979,-2.4547561912013975,
6.402000000000473, -0.10150566006541756,-0.32190668003819467,-0.7939110235744588,-2.5025082829890817,
6.435000000000484, -0.07918715714702075,-0.29119113297043603,-0.7807953603019613,-2.5335225604610914,
6.468000000000495, -0.057140715700333286,-0.2592197521891155,-0.7599651275178639,-2.5475292304014707,
6.501000000000506, -0.03545295579030174,-0.22614907344932025,-0.7309510111544825,-2.5440096733626127,
6.534000000000517, -0.01420473279452495,-0.19215549465857948,-0.6934720016433339,-2.5221765895258095,
6.567000000000528, 0.00652964798897878,-0.1574313085558918,-0.64746155402167,-2.480968757498473,
6.600000000000539, 0.026683227928936865,-0.1221778892002225,-0.5931096255348008,-2.4190656076701624,
6.63300000000055, 0.04619717682240254,-0.08659624229081547,-0.5309225569325078,-2.33492723623426,
6.666000000000561, 0.0650214962248978,-0.050876106420369396,-0.4617997286937689,-2.226864375208113,
6.699000000000572, 0.08311552140350251,-0.0151860450251756,-0.3871198764153099,-2.093137017940791,
6.732000000000583, 0.10044803957073842,0.020331901895566537,-0.308820123850247,-1.9320655436233114,
6.765000000000594, 0.11699685194029441,0.05555921723155798,-0.22943865525040158,-1.7421123257137558,
6.798000000000605, 0.13274779344947282,0.09038718413338988,-0.15208203292277706,-1.5218644157482093,
6.831000000000616, 0.14769366657530353,0.12469262244970052,-0.08027252407801667,-1.2698546120689975,
6.864000000000627, 0.16183423145561168,0.158304336115741,-0.017607863139574624,-0.9842873449140451,
6.897000000000638, 0.17517920308464524,0.19095861919169296,0.032961624102718315,-0.6632092337067856,
6.930000000000649, 0.18775605223650035,0.2222457220041052,0.07079654437159937,-0.3068896281450466,
6.96300000000066, 0.19961651384508383,0.2516159523272907,0.10065987792977257,0.07518358300723121,
6.996000000000671, 0.2108155015419945,0.278634086919613,0.13391196675812256,0.4592711627222848,
7.029000000000682, 0.2213659837167376,0.30331974479663504,0.18183917049260365,0.8202428678720707,
7.062000000000693, 0.23123997024617957,0.32601774494091074,0.2488540445183381,1.1459289425250483,
7.095000000000704, 0.24040404027047851,0.3470953759111187,0.33365119365935775,1.4334627406150584,
7.128000000000715, 0.24883628517505918,0.3668751369843444,0.4323624109078368,1.6824010101673506,
7.161000000000726, 0.25652556268476046,0.38567931345626316,0.5402915671285419,1.8925021284864605,
7.194000000000737, 0.2634655702787047,0.40384884953394873,0.652784984995628,2.063898469062922,
7.227000000000748, 0.26964948204025235,0.4217111816377111,0.7657682613042444,2.1976184396242955,
7.260000000000759, 0.275067488398413,0.43952484992667334,0.8760491846793598,2.295763891164861,
7.29300000000077, 0.27970743721381514,0.45743805482000155,0.981389217373882,2.36131360745931,
7.326000000000781, 0.2835572620451854,0.4754794023285301,1.0803945395719894,2.397751206699004,
7.359000000000792, 0.28660761782314337,0.49357594648589365,1.1723164546601,2.4087031174063678,
7.392000000000803, 0.2888537752127647,0.5115835773445384,1.2568398257801006,2.397677708229795,
7.425000000000814, 0.29029654400809124,0.5293170841464485,1.33390291159045,2.3679193659867335,
7.458000000000825, 0.2909423983795785,0.5465735236140328,1.4035615800576038,2.3223550909055843,
7.491000000000836, 0.2908030861318194,0.5631474552126432,1.4658948899315938,2.263602399359317,
7.524000000000847, 0.28989497037381484,0.5788390941773629,1.5209443741679878,2.1940095668452795,
7.557000000000858, 0.28823828601007256,0.5934573091690644,1.5686803623158578,2.1157040157572733,
7.590000000000869, 0.28585644373327895,0.6068196062512241,1.6089909472119428,2.030630219036585,
7.62300000000088, 0.2827754864938654,0.6187512543996531,1.6416900372932766,1.9405663827471462,
7.656000000000891, 0.2790237805943254,0.6290854834194826,1.6665394209364304,1.8471203544936037,
7.6890000000009024, 0.2746319856229652,0.6376659975699804,1.6832771251676222,1.7517168018483547,
7.7220000000009135, 0.2696332923620173,0.6443519270636121,1.6916432697335815,1.6555934487442767,
7.7550000000009245, 0.26406386727240766,0.6490242561152542,1.6913969101310689,1.5598199368246408,
7.7880000000009355, 0.2579634220940976,0.6515922787424004,1.6823220324092467,1.4653416826557781,
7.8210000000009465, 0.25137584322608547,0.6519988681173784,1.664225066439683,1.373040593321909,
7.8540000000009575, 0.24434985196234732,0.6502239385776231,1.6369280445359373,1.2837999666560809,
7.887000000000969, 0.2369397039688542,0.6462859740813048,1.600261000343822,1.1985619563227226,
7.92000000000098, 0.22920596540232951,0.6402416692660147,1.554055764209456,1.1183690332551508,
7.953000000000991, 0.22121642392906196,0.6321835917745818,1.4981422851025115,1.0443826468454678,
7.986000000001002, 0.2130472061937392,0.6222354083585202,1.4323488183939428,0.9778710257073875,
8.019000000000995, 0.20478416837799746,0.610543633636006,1.3565093864143427,0.9201528490755531,
8.052000000000977, 0.19652456208580268,0.5972639532662051,1.2704866606974732,0.8724735279472855,
8.085000000000958, 0.18837874405580274,0.5825388088917317,1.1742266504723504,0.8357762076712163,
8.11800000000094, 0.1804710680389741,0.566461419071864,1.0678719539900974,0.8103172499238186,
8.151000000000922, 0.17293779030593726,0.5490219070380196,0.9519623189613,0.7950952928736142,
8.184000000000903, 0.16591812013346915,0.5300398341688785,0.8277146234927799,0.7871835510110387,
8.217000000000885, 0.15953485059349756,0.5091111187500221,0.6972651836913148,0.7813292042004385,
8.250000000000867, 0.15386760766607255,0.48562280075686926,0.5636411063675392,0.7703980118058187,
8.283000000000849, 0.14893237828429554,0.4588675970748638,0.43033515668894856,0.7468455668862147,
8.31600000000083, 0.14468055265597624,0.4282096540389769,0.3007207299984897,0.7044572180514342,
8.349000000000812, 0.1410144980771429,0.3932098192467517,0.17768568963131282,0.6393413693178016,
8.382000000000794, 0.1378054953477631,0.35367000479002586,0.06357719899806212,0.5499559937604963,
8.415000000000775, 0.13490468967472996,0.3096187859703893,-0.03971805722323623,0.436626019351049,
8.448000000000757, 0.13214631637256313,0.2612730228652228,-0.1307308354904796,0.3010164554111436,
8.481000000000739, 0.1293459729223324,0.20899772072613054,-0.20846939766545344,0.14579507392511584,
8.51400000000072, 0.12629681395593575,0.1532773783564517,-0.27257803799482705,-0.025436042210969144,
8.547000000000702, 0.1227666192102079,0.09470835689012568,-0.32354563949984017,-0.2079782098138263,
8.580000000000684, 0.1184999847301473,0.034012574972879184,-0.36284894810548984,-0.39587923733782476,
8.613000000000666, 0.11323074556557167,-0.02794919648560249,-0.3928462224906373,-0.5822213776677034,
8.646000000000647, 0.10670564771347175,-0.09020342977541157,-0.4163177151635848,-0.76010723241343,
8.679000000000629, 0.09871115387325606,-0.15174387482392462,-0.4358418282889592,-0.9239022138793328,
8.71200000000061, 0.08909154432777838,-0.21162831095388748,-0.45336949485952754,-1.0699364256289574,
8.745000000000593, 0.07775378255224293,-0.2690436185395773,-0.4701522489920947,-1.1964100759871314,
8.778000000000574, 0.06466293874323889,-0.32332607384011275,-0.486897307519436,-1.3028679107670413,
8.811000000000556, 0.04983355195589008,-0.37395228582476536,-0.503969902359738,-1.389652842258756,
8.844000000000538, 0.033320140865342976,-0.42051894731961725,-0.5215520054342976,-1.4575083508703626,
8.87700000000052, 0.015208172870460276,-0.4627218296466563,-0.539742659131033,-1.5073319310520987,
8.910000000000501, -0.004394046176085933,-0.5003380305120876,-0.5586138534538547,-1.5400332596886972,
8.943000000000483, -0.025362386005873407,-0.5332123441279242,-0.5782385452010832,-1.5564556366880855,
8.976000000000464, -0.04756273574810143,-0.5612474932763856,-0.5987024310728816,-1.5573347183262556,
9.009000000000446, -0.07085565189643751,-0.5843977208186163,-0.6201057517791619,-1.543281268098568,
9.042000000000428, -0.09509980621209298,-0.6026653308454999,-0.6425572918050249,-1.5147834778567955,
9.07500000000041, -0.12015422054500169,-0.616099975581673,-0.6661596097657712,-1.4722311430350281,
9.108000000000391, -0.14587922521238864,-0.6248007073628846,-0.6909819116922519,-1.415970229536433,
9.141000000000373, -0.17213597323389682,-0.6289209570566061,-0.7170148860766483,-1.346402383848999,
9.174000000000355, -0.19878419260857355,-0.6286764415137318,-0.7441016558540064,-1.264146616710758,
9.207000000000336, -0.225677760812214,-0.624355088290756,-0.7718448247709092,-1.1702697925026166,
9.240000000000318, -0.25265794991230056,-0.6163258340097979,-0.7995079024547538,-1.0665510385846129,
9.2730000000003, -0.27954532684535277,-0.6050399440483509,-0.8259610093881703,-0.9556657574985786,
9.306000000000282, -0.3061333230593031,-0.5910174507456566,-0.8497412283520385,-0.8411123858480245,
9.339000000000263, -0.3321876764845991,-0.5748173198241361,-0.8692575146718329,-0.7267873561855136,
9.372000000000245, -0.3574536920556072,-0.5570013493744443,-0.8830664141168586,-0.6163658246605942,
9.405000000000227, -0.38166852924986094,-0.5381064377679083,-0.8900823355020709,-0.5128169275772977,
9.438000000000208, -0.4045734161383594,-0.5186314749951193,-0.8896453220358811,-0.41825194253645004,
9.47100000000019, -0.42592261780695595,-0.4990343981265192,-0.8814729688390945,-0.33404643648441457,
9.504000000000172, -0.445488904022836,-0.4797323031120004,-0.8655649878058825,-0.261066547270188,
9.537000000000154, -0.4630665367501819,-0.4611007923239164,-0.842109468640075,-0.19987564129823776,
9.570000000000135, -0.47847270205375736,-0.4434720568647482,-0.8114094492543208,-0.15087585414078758,
9.603000000000117, -0.4915479046995556,-0.42713243666265027,-0.7738317077381539,-0.11438391595969243,
9.636000000000099, -0.50215560896526,-0.41232000215781617,-0.7297755178375751,-0.09065306672880966,
9.66900000000008, -0.5101813633216602,-0.399221992772528,-0.6796607352537004,-0.07984933936718845,
9.702000000000062, -0.5155317009095083,-0.38797123286766283,-0.6239378081245438,-0.08198191068109505,
9.735000000000044, -0.518133210475033,-0.37864019329430354,-0.5631249051069127,-0.09677953303448468,
9.768000000000026, -0.5179323009287048,-0.37123158016030955,-0.4978764681329496,-0.12350548966286722,
9.801000000000007, -0.5148962592327939,-0.3656660255785929,-0.4290775945166933,-0.160725677798922,
9.833999999999989, -0.5090159802168116,-0.3617714524684087,-0.3579339215595523,-0.20610296595075286,
9.86699999999997, -0.5003098749674594,-0.3592836725582254,-0.2859950237374773,-0.2563677850464342,
9.899999999999952, -0.48882709661206486,-0.35786764940941224,-0.21504990184633635,-0.3076147985058956,
9.932999999999934, -0.47464772949486184,-0.3571574009012572,-0.14690599416097522,-0.35589720202936304,
9.965999999999916, -0.45787928760225943,-0.35679707003098876,-0.08316035325928672,-0.39784616932137,
9.998999999999898, -0.43865139353824006,-0.35646432216000334,-0.02507757314125609,-0.4310198710096331,
10.03199999999988, -0.41711112747942297,-0.3558716940949565,0.026403989996877725,-0.4539136532966908,
10.064999999999861, -0.39342014688760946,-0.35475440899361665,0.07059463729916544,-0.46576397862058827,
10.097999999999843, -0.3677532615864845,-0.3528548450738893,0.1069668576880866,-0.4663024745194693,
10.130999999999824, -0.3402977002779832,-0.34990940848748886,0.1350912754290452,-0.45554593187682496,
10.163999999999806, -0.31125249127708254,-0.3456395539734361,0.15460055321085978,-0.43364667500930987,
10.196999999999788, -0.2808276957832027,-0.33974692660199257,0.1651766487406238,-0.4008024331506612,
10.22999999999977, -0.24924346284058652,-0.33191238917236304,0.1665569713014255,-0.3572236763385928,
10.262999999999751, -0.2167289859618047,-0.3217993075956024,0.15855984171144047,-0.3031657335627976,
10.295999999999733, -0.1835214171964004,-0.30906266080990563,0.14113628747694013,-0.23904511458572228,
10.328999999999715, -0.1498645738224185,-0.29336726704222915,0.11446055802075804,-0.16566575495968325,
10.361999999999696, -0.11600677552679757,-0.27441985333535523,0.07906794996808413,-0.08456110478627411,
10.394999999999678, -0.08219649283088752,-0.2520177170807761,0.036020270258604686,0.001623207925925998,
10.42799999999966, -0.04867443812545963,-0.22610615041824406,-0.012980733687702369,0.0889297676571176,
10.460999999999641, -0.01566259847322436,-0.1968189313791115,-0.06565547351014134,0.17237508020364783,
10.493999999999623, 0.016645904813548492,-0.1644711718344169,-0.11943179204247391,0.24678511722575797,
10.526999999999605, 0.04809128318732939,-0.12950153301527068,-0.17181844572671529,0.30778018642845556,
10.559999999999587, 0.07854481760327173,-0.09239681627109389,-0.22065993214036708,0.35237807138976107,
10.592999999999568, 0.10790298246421696,-0.05363417912994513,-0.2641983095824464,0.379055786281869,
10.62599999999955, 0.13608139461314248,-0.01365199515697326,-0.3010140400284362,0.38747128218824817,
10.658999999999532, 0.16301008513072132,0.027157143452782646,-0.32994032925078215,0.3780905891950814,
10.691999999999513, 0.1886301871858937,0.06844029919030922,-0.3499982014553488,0.35185307968463747,
10.724999999999495, 0.21289174614615383,0.10987090708635278,-0.3603602739159078,0.30991883182216307,
10.757999999999477, 0.23575238553896583,0.15113204932310936,-0.3603380992181471,0.25351009086528564,
10.790999999999459, 0.25717662603268765,0.19189935356905988,-0.3493905090693714,0.18385820934828392,
10.82399999999944, 0.2771356920644205,0.23182700620167965,-0.3271581044354556,0.10227734787055148,
10.856999999999422, 0.2956076633357112,0.27054182981290764,-0.29353489014801426,0.010390842991520873,
10.889999999999404, 0.31257778797007,0.30765260500170954,-0.24878181947059613,-0.08949321448016923,
10.922999999999385, 0.3280385817952766,0.34278187353117756,-0.19365227432055251,-0.19396724404023855,
10.955999999999367, 0.3419890871249077,0.3756183659807462,-0.12943740386902325,-0.2983491300780013,
10.988999999999349, 0.3544328929900981,0.40596804543391707,-0.05782124756086583,-0.39704911924873304,
11.02199999999933, 0.3653756067483573,0.4337710181790605,0.01944004103904224,-0.484417089895054,
11.054999999999312, 0.3748233297011122,0.4590747136072825,0.10082406078007584,-0.555556060122972,
11.087999999999294, 0.38278293412528774,0.48198856932081346,0.1851522840654331,-0.6066686346100916,
11.120999999999276, 0.3892634672315097,0.5026497314007743,0.2715008224275679,-0.6349793437999387,
11.153999999999257, 0.39427751352021956,0.521208409156289,0.35902147280219115,-0.6385214541700195,
11.186999999999239, 0.39784182152790065,0.5378252738414263,0.44677040018655945,-0.615987304050681,
11.21999999999922, 0.39997713682772557,0.5526703141034044,0.53359233146619,-0.5666800724414073,
11.252999999999203, 0.40070763399041853,0.5659166168281935,0.6180754214697347,-0.49051511517915897,
11.285999999999184, 0.40006058275901724,0.5777283955043673,0.6985749952213223,-0.387999922700155,
11.318999999999166, 0.39806689012653995,0.5882476687350334,0.7732931804565514,-0.2601451953199893,
11.351999999999148, 0.3947629238263933,0.5975862710383707,0.84039585528041,-0.10830626680627592,
11.38499999999913, 0.3901936573728703,0.6058282810365383,0.8981540385935977,0.06598858559153338,
11.417999999999111, 0.38441680421334684,0.6130432468641285,0.9451181562286132,0.2611028560114038,
11.450999999999093, 0.37750703334781516,0.6193040077339842,0.9803682983321925,0.47506031326999365,
11.483999999999075, 0.36955782003216636,0.6246940707436416,1.0039025180976144,0.7048140392028373,
11.516999999999056, 0.3606756549373942,0.6292810844401303,1.0171163113490589,0.9451312361456331,
11.549999999999038, 0.35096183010546994,0.633047390398142,1.0229597490549855,1.1881603238304446,
11.58299999999902, 0.34049017627945155,0.6358290356967963,1.0251713950847183,1.4251355909053511,
11.615999999999001, 0.32930220320468645,0.637339958732506,1.026887390402143,1.6493289415334416,
11.648999999998983, 0.31742343459113076,0.6372608377035078,1.0298188489207187,1.8574000421520445,
11.681999999998965, 0.304881855817441,0.6353081930113448,1.0343739516019188,2.048616849823002,
11.714999999998946, 0.2917166467612621,0.6312565829721546,1.0401478136178737,2.223536357358155,
11.747999999998928, 0.27797926203700696,0.624935285164329,1.0463280569569788,2.3831175585288555,
11.78099999999891, 0.26373155192397824,0.616219172307982,1.0519329769967014,2.5283051903930644,
11.813999999998892, 0.24904340107468398,0.6050212151881648,1.0559337270234972,2.6598780717811534,
11.846999999998873, 0.23399065921505935,0.591287879722585,1.0573134266590647,2.778411074561417,
11.879999999998855, 0.21865345777063191,0.5749969444964799,1.055094458033378,2.8842762631708205,
11.912999999998837, 0.20311481680336266,0.5561570470617545,1.0483500703830753,2.9776527644461606,
11.945999999998818, 0.18745942201903534,0.5348083588829001,1.0362086584013672,3.0585353173514616,
11.9789999999988, 0.17177246993260215,0.5110238492490309,1.0178555090061647,3.126739986535336,
12.011999999998782, 0.1561385037476257,0.4849105676763476,0.9925352003201752,3.1819086997632793,
12.044999999998764, 0.1406401833005543,0.45661026403000077,0.9595570561356773,3.223515022439176,
12.077999999998745, 0.12535694621884325,0.42629850613363474,0.9183056068718598,3.2508731295652553,
12.110999999998727, 0.1103635215587702,0.3941812905969901,0.8682576935780593,3.2631507746523702,
12.143999999998709, 0.09572824912791014,0.36048804289510694,0.8090076282489019,3.259385472420601,
12.17699999999869, 0.08151113771243013,0.3254599763204207,0.7403016790974157,3.2385014635996154,
12.209999999998672, 0.06776157230357632,0.28933319491749565,0.6620829853965586,3.1993239083654332,
12.242999999998654, 0.05451558074173862,0.2523169260168063,0.5745474969364867,3.1405870835468237,
12.275999999998636, 0.04179264794343579,0.21456913813044345,0.47821006212917877,3.0609364349410715,
12.308999999998617, 0.02959229908497015,0.17617467190158886,0.37397674994716745,2.95893172014492,
12.341999999998599, 0.017891118526843757,0.13713435381241637,0.26321526862169414,2.8330711704871145,
12.37499999999858, 0.00664144683094927,0.09737541831794581,0.14781257440035622,2.6818721744359406,
12.407999999998562, -0.004226665784217454,0.056790402503908044,0.030211474293384593,2.5040505888058275,
12.440999999998544, -0.014799202269252899,0.015300549825861825,-0.08657453335083425,2.298812170596369,
12.473999999998526, -0.025168362947381954,-0.027076861141658668,-0.19896925874584676,2.0661775924068495,
12.506999999998508, -0.03542235109295545,-0.07018902035219024,-0.30288694453650916,1.8071246605618578,
12.53999999999849, -0.04563919048006292,-0.11376033803626645,-0.393873965795686,1.5232579419070367,
12.572999999998471, -0.055887880958631925,-0.15745604969218116,-0.4673466040538328,1.2158381233295295,
12.605999999998453, -0.0662382459346512,-0.2009706261706628,-0.5188351095358419,0.884284544921256,
12.638999999998434, -0.07678236351197117,-0.24411011144904424,-0.5441366947231654,0.5245685741960039,
12.671999999998416, -0.08767915254115305,-0.28683167792236214,-0.5397832827601742,0.1288790586282335,
12.704999999998398, -0.0992303522256167,-0.3290888168627305,-0.5063875529788013,-0.30716039194203654,
12.73799999999838, -0.1118337100012112,-0.3701881736019135,-0.45821780027223474,-0.7610227629196632,
12.770999999998361, -0.12555502614251723,-0.4086969065017321,-0.4203356593764554,-1.1885234973079002,
12.803999999998343, -0.14005899609819517,-0.443776737408262,-0.4055866848730518,-1.5746627936017619,
12.836999999998325, -0.15500892884099118,-0.475324579008906,-0.4143736061774732,-1.928745509494833,
12.869999999998306, -0.17017478122274485,-0.5034346430627422,-0.443857729055151,-2.262105703598547,
12.902999999998288, -0.18539286220970635,-0.528205833410226,-0.4908732944558677,-2.5827293205110777,
12.93599999999827, -0.20053356545456782,-0.5497158821977294,-0.5522130185362318,-2.8956642850781713,
12.968999999998251, -0.21548518890656435,-0.56802918562043,-0.624523533320432,-3.2040397897035975,
13.001999999998233, -0.23014482807674225,-0.5832079128209562,-0.7042575829620997,-3.5098723092446167,
13.034999999998215, -0.2444121640427366,-0.5953171698860579,-0.7876951572678964,-3.814544369984856,
13.067999999998197, -0.25818639714799463,-0.604420906602686,-0.87097370624676,-4.118932297457078,
13.100999999998178, -0.2713680618370416,-0.6105760792880389,-0.9501207580952431,-4.423348556854014,
13.13399999999816, -0.28386492390201223,-0.6138403143292026,-1.0211539601306134,-4.727651194969982,
13.166999999998142, -0.2955978937370848,-0.6142988409486123,-1.08028073677488,-5.031741107631717,
13.199999999998123, -0.306503770075441,-0.6121000359823598,-1.1241065138552915,-5.336318991283394,
13.232999999998105, -0.3165356749084702,-0.6074882585017878,-1.1497007901186254,-5.643643813517859,
13.265999999998087, -0.32566494518306116,-0.6008380159482614,-1.1544352794000665,-5.958198903237519,
13.298999999998069, -0.3338895953738119,-0.5927107008798015,-1.1356407971614115,-6.287277746099927,
13.33199999999805, -0.3412566022690877,-0.5839609271823861,-1.090453495667107,-6.640860011583089,
13.364999999998032, -0.34789940312143025,-0.5758259236910361,-1.01756924715031,-7.026667867341659,
13.397999999998014, -0.35401034220193167,-0.5694272013917394,-0.9244634799890424,-7.432081058748274,
13.430999999997995, -0.3595935907856138,-0.5643862927999828,-0.8304789488978316,-7.818875716618208,
13.463999999997977, -0.3643851368986514,-0.5592543713301289,-0.7495787471623733,-8.165949470490952,
13.496999999997959, -0.36812035258766596,-0.5530955668265072,-0.683998576845883,-8.478872136925677,
13.52999999999794, -0.3706304873483834,-0.5455739858582066,-0.6318657517085979,-8.769263621534707,
13.562999999997922, -0.37180965656112186,-0.5366235195651202,-0.5909704391291501,-9.046862971806979,
13.595999999997904, -0.37158518608423685,-0.5262848609789965,-0.5593041356173547,-9.318799949949593,
13.628999999997886, -0.3699044979282513,-0.5146422031523541,-0.5347311167990977,-9.589686337933433,
13.661999999997867, -0.3667330734887628,-0.50179207905941,-0.5145204527120671,-9.86141246914898,
13.69499999999785, -0.36205876365320877,-0.48782154277576006,-0.4952084656510237,-10.133481750298206,
13.72799999999783, -0.35589440391991806,-0.4727965779120936,-0.4731207691320396,-10.404859688634588,
13.760999999997813, -0.3482726418764382,-0.4567622305340574,-0.4451011387367304,-10.676330692500349,
13.793999999997794, -0.3392378186253297,-0.43974236069418676,-0.4086750144173518,-10.951523949861954,
13.826999999997776, -0.32884258251005616,-0.4217248439930767,-0.3616421096110233,-11.236807231781869,
13.859999999997758, -0.3171507213038607,-0.402616713126682,-0.30156821794904,-11.541303846675865,
13.89299999999774, -0.304245361215075,-0.3821245058746073,-0.22567512828832992,-11.877130052768553,
13.925999999997721, -0.2902400956210759,-0.3594578540371897,-0.13269381658045046,-12.256156121581672,
13.958999999997703, -0.2752614248723656,-0.33302779482932876,-0.030628051111243452,-12.671330857428519,
13.991999999997685, -0.2593451639961175,-0.30164837030690106,0.05868814570726279,-13.07998842923069,
14.024999999997666, -0.24242022932947913,-0.266220414025023,0.12007766396989468,-13.450713026668964,
14.057999999997648, -0.224435598083126,-0.2283404996235471,0.15302799976347872,-13.785557620765502,
14.09099999999763, -0.20538701474139004,-0.18914072051638983,0.16148755069083814,-14.095042343244437,
14.123999999997611, -0.18529484751586842,-0.1493330245415277,0.1495461708583759,-14.38715288835665,
14.156999999997593, -0.16419169461733513,-0.10939689120474404,0.12106890034315058,-14.666633945578146,
14.189999999997575, -0.14211755283136995,-0.06969833997604843,0.0798797450069938,-14.936119226274593,
14.222999999997556, -0.11911850501643172,-0.030566012551900643,0.029794783484036004,-15.197349711294224,
14.255999999997538, -0.09524843562659269,0.0076652867262525255,-0.02549672187694318,-15.452155403936047,
14.28899999999752, -0.0705735345960312,0.04465387207184764,-0.08256509468873574,-15.702929537425554,
14.321999999997502, -0.04517731377716944,0.0800924604270178,-0.1382631206105457,-15.952440353333662,
14.354999999997483, -0.01916249153679487,0.1137594032101226,-0.1896190034837172,-16.203210539445955,
14.387999999997465, 0.0073520921252985625,0.14553626824435204,-0.2336955315624105,-16.45700877663616,
14.420999999997447, 0.03423779552761708,0.17537537032895814,-0.26753834923600933,-16.714895384812582,
14.453999999997428, 0.06136237870178015,0.20323763876441353,-0.2882405823035924,-16.9778464500997,
14.48699999999741, 0.08859426775213282,0.22903010174242305,-0.29302238012348,-17.247666478763026,
14.519999999997392, 0.11580564138218127,0.25255127545069966,-0.2791806148383841,-17.527927117059193,
14.552999999997374, 0.14287688525415412,0.27342410589997,-0.2438318104922514,-17.82486335883633,
14.585999999997355, 0.16970621432657482,0.2909760096959745,-0.18359197675661174,-18.147967032030742,
14.618999999997337, 0.19622695260180226,0.3040712081063871,-0.09532006942051417,-18.507629004113763,
14.651999999997319, 0.2224023672816563,0.31138996128502094,0.01789776650787783,-18.89960290723733,
14.6849999999973, 0.2480959130144558,0.31323814761958185,0.13785751493702939,-19.284282919459358,
14.717999999997282, 0.2729865676988608,0.31203224400037743,0.24569682715101734,-19.625082790876416,
14.750999999997264, 0.29675152954669864,0.30977470012116354,0.3371011203540901,-19.921059700844555,
14.783999999997246, 0.31914869207344626,0.3074504254033037,0.4143612957412359,-20.183731773691523,
14.816999999997227, 0.33998905323057477,0.30556027327262186,0.48027227360865515,-20.42335508730784,
14.849999999997209, 0.35911541066945213,0.3044082948827448,0.5369654168072595,-20.647472037488676,
14.88299999999719, 0.37639437824212674,0.3041974934275432,0.5859869143674363,-20.861670015756044,
14.915999999997172, 0.39171360138617367,0.30506056883293126,0.6285507273623664,-21.070174757798735,
14.948999999997154, 0.40498020994524253,0.3070756320853306,0.6657758217444487,-21.276107492550178,
14.981999999997136, 0.41611896845275864,0.3102852560235694,0.6988387270150814,-21.48163957247902,
15.014999999997118, 0.42507014336331894,0.3147194356227418,0.7289975679763188,-21.688287218233878,
15.0479999999971, 0.4317879900599905,0.32041316614927223,0.7575242986303996,-21.89735972264171,
15.080999999997081, 0.43624038541785726,0.3274137639612395,0.7856401960851256,-22.11037776376733,
15.113999999997063, 0.43840926695016585,0.3357834479577323,0.8145098078535368,-22.329343815756527,
15.146999999997044, 0.4382913420714485,0.3456065154833408,0.845278429072426,-22.556904586810603,
15.179999999997026, 0.4358989319718854,0.3570093028131614,0.8791039472010446,-22.79648082819106,
15.212999999997008, 0.4312613637430633,0.3702017008158208,0.9171038554033105,-23.052328032532007,
15.24599999999699, 0.4244281787586678,0.3855493008068358,0.9600319971121537,-23.32916766350701,
15.278999999996971, 0.41547701054560615,0.4036568702352471,1.0072556353535014,-23.630255021030543,
15.311999999996953, 0.4045286073948108,0.42530011087767644,1.054677753182026,-23.952298069840808,
15.344999999996935, 0.3917567649288605,0.45088171782374054,1.0936322008232449,-24.280922979842433,
15.377999999996916, 0.37736606613897145,0.47978343439542864,1.114953203798168,-24.598043327927233,
15.410999999996898, 0.36155956337441064,0.5106748997798654,1.1141322759887262,-24.8938680654689,
15.44399999999688, 0.34453713186725404,0.5422494165168816,1.0910658549113312,-25.166542408205597,
15.476999999996861, 0.32650684096994465,0.5734804696381529,1.0477727649759394,-25.416476186305374,
15.509999999996843, 0.30769017811366595,0.6035532813030113,0.9871816147727375,-25.643471218568614,
15.542999999996825, 0.288320022664394,0.6317436249851163,0.9127146351318924,-25.84628584458777,
15.575999999996807, 0.26863157682088623,0.6573288543767467,0.8280712565999139,-26.02315035482474,
15.608999999996788, 0.2488465562802159,0.6795552762996492,0.7369836346842352,-26.172495722066543,
15.64199999999677, 0.2291552131334891,0.6976669043383772,0.6429229693006548,-26.293529293735272,
15.674999999996752, 0.20970455360818294,0.7109730882363651,0.5488288101310913,-26.38647257630283,
15.707999999996733, 0.19059876163591893,0.7189127961992794,0.45695083469048553,-26.452457964033677,
15.740999999996715, 0.17191059856017438,0.7210834895469285,0.3688406745225323,-26.493223185201003,
15.773999999996697, 0.15369730547611962,0.7172310004572133,0.2854603691663664,-26.51076901337935,
15.806999999996679, 0.13601478171770706,0.7072164793984207,0.20734112940655994,-26.507082177392952,
15.83999999999666, 0.11892707660695485,0.6909782106460747,0.13473791945422905,-26.48395051165968,
15.872999999996642, 0.10251105897948734,0.6684985992496693,0.0677534945091418,-26.442855942201277,
15.905999999996624, 0.08685735405057697,0.6397793243736215,0.0064276258303331306,-26.38492172016181,
15.938999999996605, 0.07206871152259714,0.6048237547594004,-0.04920136763462204,-26.31089780421289,
15.971999999996587, 0.05825656140126408,0.5636247229230437,-0.0990508679428615,-26.221182481415706,
16.004999999996578, 0.04553596278159377,0.5161566220284787,-0.14294917182473382,-26.115897195526486,
16.037999999996618, 0.0340184758349987,0.46237329307755626,-0.1805739154745433,-25.99505648151517,
16.07099999999666, 0.02380153726532671,0.40221799235188294,-0.2113565553592359,-25.858901863890704,
16.1039999999967, 0.014951652440574567,0.3356593844432892,-0.2343543671248895,-25.70847003525653,
16.13699999999674, 0.007477940069539817,0.2627744307533528,-0.24815444684914884,-25.54636983366769,
16.16999999999678, 0.0012949665953184912,0.1838916054559291,-0.2509827520335202,-25.37748234267441,
16.20299999999682, -0.0038174346884635914,0.09976964276246658,-0.24122742201183503,-25.20902710322802,
16.23599999999686, -0.008237364788801674,0.011733794614444485,-0.2183458818045785,-25.049593976731884,
16.2689999999969, -0.012482147067372237,-0.07832602835994482,-0.18368982664887154,-24.90737765392961,
16.30199999999694, -0.017134203450983612,-0.16815535761075487,-0.14063058229575284,-24.78833003894664,
16.33499999999698, -0.022728414617416804,-0.25550696529291833,-0.09377252746579066,-24.695002907308357,
16.36799999999702, -0.029652266157533226,-0.3385275736822541,-0.04770594321681798,-24.626600738320217,
16.40099999999706, -0.03810711293800773,-0.41596236764036076,-0.006041198376262114,-24.58008478312179,
16.433999999997102, -0.04813201342293842,-0.4871235221944217,0.028906541444679874,-24.551557680895673,
16.466999999997142, -0.0596553261367046,-0.5517272103162303,0.05594240301969314,-24.537269414320967,
16.499999999997183, -0.07254290285016589,-0.6097214129129915,0.07464982414813388,-24.534093762556335,
16.532999999997223, -0.08663148480937012,-0.6611613777839078,0.08508132105476478,-24.53963572698977,
16.565999999997263, -0.1017485969460753,-0.7061365668429058,0.08753940840915399,-24.552163598208853,
16.598999999997304, -0.11772361809875241,-0.7447341180279844,0.08243773757448658,-24.570488045842563,
16.631999999997344, -0.1343939392387148,-0.7770236579162048,0.07021757501956857,-24.59384497647132,
16.664999999997384, -0.15160862102884184,-0.8030530512059068,0.051298958817509774,-24.621801854512714,
16.697999999997425, -0.1692308256425364,-0.8228490177276979,0.026053196355866583,-24.654190745979257,
16.730999999997465, -0.18713962047324909,-0.8364194837230464,-0.005210832557358526,-24.691065489127492,
16.763999999997505, -0.20523138363792762,-0.8437563724605582,-0.04225018751013283,-24.73267901307692,
16.796999999997546, -0.22342083191308604,-0.8448387663777942,-0.08488211713295651,-24.779476857418892,
16.829999999997586, -0.24164152695020494,-0.8396373892940219,-0.13296779783288362,-24.832102840513166,
16.862999999997626, -0.25984550468385237,-0.8281224704284883,-0.18638218436558887,-24.891411495842007,
16.895999999997667, -0.27800133410587236,-0.8102784762352939,-0.24496438762049985,-24.958478105372784,
16.928999999997707, -0.2960893855517217,-0.7861309157826231,-0.30844138235719126,-25.034589278518453,
16.961999999997747, -0.31409242784195557,-0.7557917398315749,-0.37631930302204364,-25.121183745213166,
16.994999999997788, -0.3319792881734102,-0.7195284520599111,-0.44774675069584613,-25.21969668902601,
17.027999999997828, -0.34968035008443854,-0.6778532145077356,-0.5213814377004289,-25.331255613271217,
17.06099999999787, -0.36705794737849196,-0.6316072581307827,-0.5953353183561191,-25.45621570853007,
17.09399999999791, -0.3838825506364841,-0.5819888696893002,-0.6673020565679254,-25.593644516575136,
17.12699999999795, -0.3998314453539035,-0.5304696228693174,-0.734913958804691,-25.741028120851624,
17.15999999999799, -0.4145198462107759,-0.4785961996797212,-0.7962105945920483,-25.894490132951013,
17.19299999999803, -0.42755434392824215,-0.42775813687952297,-0.8499698206861447,-26.04954054227239,
17.22599999999807, -0.4385836477413005,-0.37902939775868566,-0.8957341735990169,-26.201999870375225,
17.25899999999811, -0.4473273397596506,-0.33313205964042353,-0.9335909898976132,-26.348659275387362,
17.29199999999815, -0.45358076284537935,-0.2904927332842758,-0.9638897620274192,-26.48748831750609,
17.32499999999819, -0.4572054547843147,-0.25133353647538326,-0.9870310165443675,-26.617487267260017,
17.35799999999823, -0.4581151001916414,-0.21575564898288224,-1.0033566257142312,-26.738383693226282,
17.39099999999827, -0.4562626808449708,-0.18379964485551004,-1.0131123187778828,-26.850324663551092,
17.423999999998312, -0.45163068127095707,-0.1554831036644841,-1.016445260478574,-26.953631228791586,
17.456999999998352, -0.4442242780605128,-0.13082152701834718,-1.0134123889991626,-27.048624224735796,
17.489999999998393, -0.4340668584298774,-0.10983852419142782,-1.0039883065769575,-27.135506067388754,
17.522999999998433, -0.4211972277578637,-0.0925695211648977,-0.988069402356356,-27.214278446985993,
17.555999999998473, -0.4056680515435617,-0.07906156616201547,-0.9654746207340248,-27.284678723411382,
17.588999999998514, -0.38754527173858383,-0.06937052901708618,-0.9359449687626389,-27.346122370096488,
17.621999999998554, -0.36690840522496665,-0.06355601049344063,-0.8991450090485371,-27.397643048856086,
17.654999999998594, -0.3438517848579021,-0.06167335419475331,-0.8546711792270064,-27.437825858503984,
17.687999999998635, -0.3184869641493841,-0.06376104476808267,-0.802074539891764,-27.464734019064174,
17.720999999998675, -0.2909466864889996,-0.06982031654446347,-0.740910087498117,-27.475836613344914,
17.753999999998715, -0.26139097135028605,-0.07978214733810621,-0.6708311663631447,-27.467957966124946,
17.786999999998756, -0.23001577963260084,-0.0934561293240107,-0.5917536942581381,-27.437291433092735,
17.819999999998796, -0.1970638455764406,-0.11045934724960774,-0.5041127509158733,-27.379552094269304,
17.852999999998836, -0.1628347861882967,-0.1301372768113054,-0.409204933001661,-27.29036737262234,
17.885999999998877, -0.1276875814730429,-0.15151532774231474,-0.3095327599205124,-27.165965251501888,
17.918999999998917, -0.09202664165101151,-0.17334000739534025,-0.20896484634127205,-27.004032723515767,
17.951999999998957, -0.05627003949369015,-0.19423585804122753,-0.11251680913138291,-26.804314127069745,
17.984999999998998, -0.02081436742394893,-0.21290726125510742,-0.025754907910617075,-26.568414844626677,
18.017999999999038, 0.013982000823982002,-0.22825097080604703,0.045920719995162076,-26.29868565194685,
18.05099999999908, 0.04778722867926764,-0.23930495870090407,0.0978635603144881,-25.996763268849616,
18.08399999999912, 0.08026087690938481,-0.2450685506684313,0.126771212874883,-25.663019727898178,
18.11699999999916, 0.11101142343570806,-0.24432624078666138,0.13214933313542046,-25.299337636106923,
18.1499999999992, 0.13961236999699037,-0.23585038754449458,0.1196523702892543,-24.91745269937931,
18.18299999999924, 0.1657807773182428,-0.21931982412520307,0.10211859749828285,-24.542007495764967,
18.21599999999928, 0.18951236516828288,-0.19568668216493734,0.09152748869921927,-24.192788834377353,
18.24899999999932, 0.2109207309984384,-0.16619591104469855,0.09269496051557406,-23.873592794179775,
18.28199999999936, 0.23008225977969674,-0.13174426743349257,0.10558781757601021,-23.580326202699812,
18.3149999999994, 0.24702128683164232,-0.09291198093752094,0.12843722067312055,-23.30821334968389,
18.34799999999944, 0.2617366521380579,-0.05011117789494242,0.15900682849064093,-23.053795247261156,
18.38099999999948, 0.27422486418526154,-0.0036831222966323186,0.19498610805645802,-22.81491629364774,
18.413999999999522, 0.28449671992297315,0.04604522527910496,0.23415639666766275,-22.590259244739627,
18.446999999999562, 0.29259024173718023,0.09872301706522929,0.2745286460167246,-22.37883563879634,
18.479999999999603, 0.2985812744734995,0.15394450990579542,0.3144830355353514,-22.179529092197743,
18.512999999999643, 0.30259112253022774,0.21122316038603733,0.3528865194865139,-21.990739646868835,
18.545999999999683, 0.3047891942801069,0.2699750554343053,0.38915138200505645,-21.810178004449156,
18.578999999999724, 0.30538822439028307,0.32951905203061754,0.42320394403037814,-21.63485270850699,
18.611999999999764, 0.3046308088433448,0.3890993842420568,0.455350606749762,-21.46126703196899,
18.644999999999804, 0.30276877734461083,0.44792950018701766,0.48605576578191456,-21.285792799515338,
18.677999999999845, 0.30004022436683,0.5052463336130447,0.5156782113436893,-21.105123957772932,
18.710999999999885, 0.29665069165687385,0.5603582551280496,0.5442367132052481,-20.916661758059025,
18.743999999999925, 0.2927634958892387,0.6126726031966039,0.5712733635103632,-20.718687052707413,
18.776999999999965, 0.28850028011478146,0.6616985371161369,0.5958469700083209,-20.51025134286377,
18.810000000000006, 0.28394922404529305,0.7070306992551821,0.616635103232575,-20.290828692442105,
18.843000000000046, 0.27917719751733905,0.7483224510607991,0.6320854888510755,-20.05984362196995,
18.876000000000086, 0.2742435348164329,0.7852537693579704,0.6405579037638613,-19.816189511049394,
18.909000000000127, 0.2692156460596775,0.8174915799416529,0.6404369121628677,-19.557818283516124,
18.942000000000167, 0.264189058935885,0.8446319007350024,0.6302769477749356,-19.281527451974117,
18.975000000000207, 0.25931456110758766,0.8661078704824989,0.6092172660783087,-18.983420298579553,
19.008000000000248, 0.2548219564522524,0.8810790582006428,0.5782332475695199,-18.661473396868328,
19.041000000000288, 0.2509778386042759,0.8884975948628582,0.5425262184197115,-18.321653277136605,
19.07400000000033, 0.24790312350182153,0.8877060168854115,0.5119813756891333,-17.980955530442586,
19.10700000000037, 0.24545520155617762,0.8790209392942709,0.49569534618840155,-17.65606516599106,
19.14000000000041, 0.24339486370630387,0.8633092451372576,0.49749473671815275,-17.35295341081113,
19.17300000000045, 0.2415564504027144,0.8413434336402541,0.5173550308527238,-17.070609381297157,
19.20600000000049, 0.23987162862256572,0.8136396989895752,0.5536612241856007,-16.806908185959642,
19.23900000000053, 0.23834097168821533,0.7805376476287674,0.6040875068180466,-16.560917802114584,
19.27200000000057, 0.23700449361522655,0.7423171699954227,0.665754917103936,-16.33314723279299,
19.30500000000061, 0.23591360284141405,0.6993104271563713,0.7352462741687805,-16.12502346079967,
19.33800000000065, 0.23510044952037482,0.6519928589890033,0.8087085480983287,-15.938085612809083,
19.37100000000069, 0.23454822244306428,0.6010217109868157,0.8821090934359284,-15.773193663416125,
19.40400000000073, 0.23417326245621845,0.5471978798318944,0.9516022890209017,-15.630040890933287,
19.437000000000772, 0.23382734748065703,0.4913701098097959,1.0138761346265575,-15.507129167827989,
19.470000000000812, 0.23331693587218055,0.4343380478474906,1.0663481855060317,-15.402119919742685,
19.503000000000853, 0.23242769813618333,0.3768006884503233,1.1071760771713648,-15.312320159340457,
19.536000000000893, 0.23094452868516796,0.31935669074329437,1.1351445790343806,-15.235100648772402,
19.569000000000933, 0.22866409996762155,0.2625355728849443,1.1495148250279206,-15.168166489373819,
19.602000000000974, 0.22540168079295578,0.2068364634344378,1.1498905597317608,-15.109687099242095,
19.635000000001014, 0.22099486100990487,0.15276072538963215,1.136119499920962,-15.058317338527594,
19.668000000001054, 0.21530585385649503,0.10083384251728925,1.1082277700697267,-15.013133784830735,
19.701000000001095, 0.2082228704350341,0.051616675487613596,1.0663800782317538,-14.97349709067898,
19.734000000001135, 0.1996603458466406,0.005707377735650989,1.0108597926509757,-14.938844215206371,
19.767000000001175, 0.18955761623408857,-0.03626549495457071,0.9420658361335847,-14.908414358167287,
19.800000000001216, 0.17787589234837134,-0.07365971834204872,0.860525506570536,-14.880917158469128,
19.833000000001256, 0.16459394424827073,-0.10584886419315745,0.7669240714130053,-14.854159170800228,
19.866000000001296, 0.14970374878915513,-0.1322692289088172,0.6621519547485157,-14.824658921407536,
19.899000000001337, 0.13320836771413433,-0.15248954929928907,0.5473610843904433,-14.787318651993422,
19.932000000001377, 0.11512502120725757,-0.16630347709453955,0.4239879900647002,-14.735303021066992,
19.965000000001417, 0.09549510348470913,-0.17382529340655037,0.2936362649428063,-14.660362650006007,
19.998000000001458, 0.07439758907415316,-0.175538640330197,0.1576738063879643,-14.55371835215093,
20.031000000001498, 0.051955059286515774,-0.1722490694353013,0.016530142985835473,-14.40702857952916,
20.06400000000154, 0.02832246226451941,-0.16497936795176366,-0.13102667937170503,-14.212317509505139,
20.09700000000158, 0.003661342198484606,-0.1549858164087488,-0.28812905346687817,-13.960377089096436,
20.13000000000162, -0.021884072073507118,-0.14420133010956104,-0.4582202061676964,-13.64099567866015,
20.16300000000166, -0.048156671122952924,-0.13620223417085864,-0.6366733758355134,-13.260245112243112,
20.1960000000017, -0.0748401741021207,-0.1349026323941141,-0.8007202570771421,-12.87088485667742,
20.22900000000174, -0.10150359548969226,-0.1401291757719654,-0.9322272795655264,-12.520965192236794,
20.26200000000178, -0.12782997511390828,-0.14943104841588742,-1.031751489923027,-12.210180099623972,
20.29500000000182, -0.15360598456940444,-0.16098718846264884,-1.104306025942174,-11.923520688017437,
20.32800000000186, -0.1786604567064552,-0.17368246354878283,-1.153586890134041,-11.648312130312146,
20.3610000000019, -0.20284150642006038,-0.186752331575802,-1.1821780242576656,-11.375919225345335,
20.39400000000194, -0.2260097866889784,-0.19961459836953982,-1.1925367415523869,-11.101405062471127,
20.427000000001982, -0.24803612969897254,-0.21185190206551616,-1.1877487701543472,-10.823314374471437,
20.460000000002022, -0.2687999907243747,-0.22327362080234606,-1.1717159410522384,-10.543052145094974,
20.493000000002063, -0.2881878933854361,-0.23396392634330002,-1.1486537585585193,-10.263313070180295,
20.526000000002103, -0.30609257146076474,-0.24423825986290196,-1.1223048507339606,-9.986119757431346,
20.559000000002143, -0.32241363717158367,-0.2545267435479392,-1.095507300350897,-9.711657985480135,
20.592000000002184, -0.33705941722510946,-0.26526888547036687,-1.0702889202695225,-9.438242967845259,
20.625000000002224, -0.3499488736648374,-0.2768683935230627,-1.0481966254756498,-9.16279494335494,
20.658000000002264, -0.36101293971910386,-0.28970268812120364,-1.0305770879741338,-8.881224126690789,
20.691000000002305, -0.3701952772953587,-0.30416963520849616,-1.0186890934933543,-8.588572576928106,
20.724000000002345, -0.3774530238179652,-0.3207663205397419,-1.0135518968359152,-8.279152399348925,
20.757000000002385, -0.38275921021685844,-0.34019485871076105,-1.0152435466281748,-7.947499500003165,
20.790000000002426, -0.38611127291096514,-0.3634096997653201,-1.0210909896464802,-7.592003430066094,
20.823000000002466, -0.3875501994361304,-0.3912900885674758,-1.0232481323073972,-7.221659560716354,
20.856000000002506, -0.3871746341739353,-0.4238247235906528,-1.01016889717098,-6.856271396978299,
20.889000000002547, -0.3851230846427781,-0.45990816201936724,-0.9734702218597836,-6.513351055900514,
20.922000000002587, -0.38155223725572013,-0.49812084933324596,-0.9111612872682616,-6.20122932896413,
20.955000000002627, -0.37663907351135023,-0.5372138094897315,-0.8256551699470109,-5.923791501874308,
20.988000000002668, -0.3705861973687004,-0.5760364294512823,-0.7217041949330139,-5.684509908862231,
21.021000000002708, -0.3636100974066903,-0.613362893991795,-0.6052683695960986,-5.48668289906042,
21.05400000000275, -0.35590891163337934,-0.6478786937517546,-0.4825381591309275,-5.332041064604649,
21.08700000000279, -0.3476263810589052,-0.6783506985649005,-0.3589130968189583,-5.219698034258047,
21.12000000000283, -0.3388374418029543,-0.7038282827319278,-0.23830250290268465,-5.146311039867796,
21.15300000000287, -0.32956237000387695,-0.723720778645803,-0.12302939464744604,-5.107101600622017,
21.18600000000291, -0.3197939579688159,-0.7377413301949425,-0.014190255978855468,-5.0969269237571275,
21.21900000000295, -0.3095208843793328,-0.7457993691703573,0.08785764727600724,-5.110949023990105,
21.25200000000299, -0.29874133975964073,-0.7479079044719181,0.18308889613156187,-5.144891389521697,
21.28500000000303, -0.2874685399378787,-0.7441266777319883,0.2715321845304657,-5.19503957603278,
21.31800000000307, -0.27573144628180685,-0.7345370855606345,0.3531000907182076,-5.258130551334764,
21.35100000000311, -0.2635731410412723,-0.7192383370870009,0.42749635338231873,-5.3312284151500595,
21.38400000000315, -0.2510481696113402,-0.6983545738909457,0.4941835402720472,-5.411648772061496,
21.417000000003192, -0.23821939547942364,-0.6720435587945269,0.552402812857582,-5.496961630283128,
21.450000000003232, -0.22515450681166327,-0.6404988304878885,0.6012332933189152,-5.585057797083365,
21.483000000003273, -0.21192218108202168,-0.6039407563763709,0.639666599403809,-5.674216876714874,
21.516000000003313, -0.19858799245658226,-0.5625974879149002,0.66666767027678,-5.763101357739604,
21.549000000003353, -0.18521029954822557,-0.5166811657238888,0.6812049596071206,-5.850637493693751,
21.582000000003394, -0.17183637387793574,-0.4663652592997605,0.6822526129726675,-5.935799245091107,
21.615000000003434, -0.1584987879574465,-0.41176699773810493,0.6687796381542894,-6.01734397544392,
21.648000000003474, -0.14521155847005937,-0.3529379931040501,0.639743031425224,-6.093549361413304,
21.681000000003515, -0.1319647238515065,-0.28986914021344234,0.5941026608615747,-6.1619938854121905,
21.714000000003555, -0.11871486551753319,-0.2225246748168474,0.5308903001464256,-6.219441761122239,
21.747000000003595, -0.10536771888911362,-0.150937470412778,0.44941269254304955,-6.261978023030736,
21.780000000003636, -0.09174918280746308,-0.07542197790396256,0.3497650212892732,-6.285738577310131,
21.813000000003676, -0.07757008241920929,0.003044360673648269,0.23389986990160422,-6.288803750743443,
21.846000000003716, -0.06242266100071682,0.08240355992648953,0.10706821096047586,-6.27425134620498,
21.879000000003757, -0.04588087442033712,0.15964239385126588,-0.022050450888831404,-6.251619347271028,
21.912000000003797, -0.027684539294927483,0.2318851093175623,-0.1443610766449754,-6.232817537678844,
21.945000000003837, -0.00782275035909941,0.2974678908907279,-0.253965351542371,-6.225816018392485,
21.978000000003878, 0.01354560487401968,0.3559467187106334,-0.3486589226417493,-6.2330034787954816,
22.011000000003918, 0.036199408587126815,0.40753401740788714,-0.4283826233933864,-6.253347345025924,
22.044000000003958, 0.059912402781004084,0.45266119443872077,-0.49387749622672455,-6.284580643140265,
22.077000000004, 0.08447125983133491,0.49177728204125015,-0.5460342080050082,-6.324333232445867,
22.11000000000404, 0.10967763419528156,0.5252804781909856,-0.5856590739719411,-6.370559235311296,
22.14300000000408, 0.13534562792826918,0.553503589922995,-0.6134135986527368,-6.421648084883174,
22.17600000000412, 0.16129868108963913,0.5767173032674713,-0.629813991450108,-6.476413041105311,
22.20900000000416, 0.18736702888952345,0.5951373225680819,-0.6352480061831544,-6.534033051690687,
22.2420000000042, 0.21338594288327675,0.6089305240482976,-0.6299958447883784,-6.593971206668802,
22.27500000000424, 0.23919470492747832,0.6182189537911177,-0.6142528912686168,-6.655871242034117,
22.30800000000428, 0.2646361765053405,0.623082295987237,-0.5881557430961845,-6.7194251532009,
22.34100000000432, 0.28955675414260706,0.6235607118997435,-0.5518134323088507,-6.78420441420609,
22.37400000000436, 0.3138063856701208,0.6196610315400138,-0.5053439357761279,-6.849454746981649,
22.407000000004402, 0.3372381711399624,0.6113698078886757,-0.4489125000845262,-6.913870869911621,
22.440000000004442, 0.35970697038084765,0.5986759521120046,-0.3827649054328536,-6.975388992703419,
22.473000000004483, 0.3810665189295918,0.5816032555985793,-0.30725034153543346,-7.031047535438749,
22.506000000004523, 0.40116487947564505,0.5602504419394078,-0.22284005608684515,-7.07695613534539,
22.539000000004563, 0.41983852807197075,0.5348360611776078,-0.1301671864498298,-7.108386151147645,
22.572000000004603, 0.4369059154656402,0.5057476786151074,-0.030126160280009764,-7.119987480433096,
22.605000000004644, 0.45216225893622364,0.4735936502364215,0.07594365727297193,-7.106170872266396,
22.638000000004684, 0.46537902875703574,0.43924298518674254,0.18602146716605816,-7.0617297362507845,
22.671000000004724, 0.4763130590468223,0.40381684863515455,0.2972372711446102,-6.982700680803495,
22.704000000004765, 0.48472771234478523,0.36859244022888704,0.4059488182706405,-6.867217717809672,
22.737000000004805, 0.49041980205432434,0.33483105388774165,0.5081447112526801,-6.71589446644624,
22.770000000004845, 0.4932383712101782,0.3036175444283657,0.6000345062867559,-6.531445971047828,
22.803000000004886, 0.4930861186793596,0.2758034401559069,0.6785838088656732,-6.317825239339533,
22.836000000004926, 0.4899075773905934,0.25206125631449117,0.7419031361050681,-6.079557015808134,
22.869000000004966, 0.4836761193397107,0.23297261067624825,0.7896017151439987,-5.821859432436717,
22.902000000005007, 0.474390904436766,0.2190438070865308,0.8231750413830504,-5.551555300606244,
22.935000000005047, 0.46208770434596835,0.21058403458719294,0.846061822119448,-5.277610015048923,
22.968000000005087, 0.44685240573658463,0.20753744957403295,0.8626948718015093,-5.009557392168766,
23.001000000005128, 0.42881811820966004,0.209480880189846,0.8768201690910107,-4.754527637013758,
23.034000000005168, 0.40814796653071866,0.21580281967305168,0.8904676540361337,-4.51592590987322,
23.06700000000521, 0.38502255505585464,0.22586959489235522,0.9040656181350342,-4.294385075356366,
23.10000000000525, 0.35963857130821136,0.2390848163757657,0.9170254472433771,-4.089245294838764,
23.13300000000529, 0.33221282439807165,0.25488164674497743,0.9282468602733344,-3.89951183081422,
23.16600000000533, 0.30298618946756956,0.2726985107633596,0.9364362905781154,-3.724282859944023,
23.19900000000537, 0.2722250790741417,0.2919610289610046,0.9402940566300168,-3.5628884026355103,
23.23200000000541, 0.2402198802534524,0.31207568782315265,0.938628250028648,-3.4149033521361907,
23.26500000000545, 0.20728064714501923,0.33243403257966336,0.9304284719387558,-3.2801063253033704,
23.29800000000549, 0.17373083937293035,0.3524236472955426,0.9149162576044593,-3.1584064559490046,
23.33100000000553, 0.13990015268389894,0.37144125810778905,0.8915815908597451,-3.0497405049151696,
23.36400000000557, 0.10611741045408124,0.38890357200442677,0.8602113050487705,-2.9539400559823004,
23.39700000000561, 0.0727040719311594,0.4042530502065495,0.8209115824887296,-2.87057633133895,
23.430000000005652, 0.039968371514540316,0.41695846842465956,0.7741217596662832,-2.7988034284942604,
23.463000000005692, 0.008199775503547928,0.426512967082732,0.7206114598212087,-2.7372330953866784,
23.496000000005733, -0.02233641240167844,0.4324340182845545,0.6614508973179691,-2.6838773808091725,
23.529000000005773, -0.05140390636854438,0.4342692026786141,0.5979478391482113,-2.636183878266614,
23.562000000005813, -0.07879880600541798,0.43160886417062333,0.531553721070176,-2.5911638221492588,
23.595000000005854, -0.10435046731155637,0.4241030446918373,0.4637512652447057,-2.5455865113182554,
23.628000000005894, -0.12791946340505989,0.4114777130470314,0.39594089081447026,-2.496196831289291,
23.661000000005934, -0.149393137958216,0.39354542343027876,0.3293408490098433,-2.439911322455089,
23.694000000005975, -0.1686799625132663,0.3702077228094728,0.26490895961593375,-2.3739578849651233,
23.727000000006015, -0.1857041181699187,0.3414494382169037,0.20328666721529118,-2.295936785617084,
23.760000000006055, -0.20040150736395798,0.30732720394319274,0.14476125980664825,-2.203791917357311,
23.793000000006096, -0.21271799432094626,0.26795571865936824,0.08923885353324287,-2.0956915352250705,
23.826000000006136, -0.22261023552711212,0.22349515999075942,0.03621808126230548,-1.9698265763232212,
23.859000000006176, -0.23004904612870417,0.17414197220493655,-0.015246665393210153,-1.8241383423840885,
23.892000000006217, -0.2350248759013024,0.12012299801403557,-0.0665994480444608,-1.6559840234561318,
23.925000000006257, -0.23755474604807242,0.061689720949167436,-0.11984302672091184,-1.4617552930787754,
23.958000000006297, -0.23769047205079946,-8.946648610553252E-4,-0.17752834320910837,-1.2365706475162312,
23.991000000006338, -0.2355315444189966,-0.06738402928779529,-0.24236175188045134,-0.9747234990542915,
24.024000000006378, -0.23125941342692707,-0.13757287399960463,-0.3154426519099842,-0.6735294476301253,
24.05700000000642, -0.22522320566658788,-0.2111429096128102,-0.39201054515531314,-0.3446309938232031,
24.09000000000646, -0.2179966709462612,-0.2871374533279422,-0.4602143875068755,-0.019787618682562506,
24.1230000000065, -0.21020565913015826,-0.3638313565821416,-0.5110039319834127,0.27325160420039835,
24.15600000000654, -0.20234055471161314,-0.43943853156531665,-0.543996473999028,0.5272237238377773,
24.18900000000658, -0.1947567956618495,-0.5125311167231684,-0.5631720048310089,0.7453395201640866,
24.22200000000662, -0.18770945596524952,-0.5820289811150521,-0.5731394227395307,0.9326503875091822,
24.25500000000666, -0.18136557514852097,-0.6471257886670282,-0.5778809035365775,1.0937663876425605,
24.2880000000067, -0.17581248481803394,-0.7072367264512552,-0.5804714465363601,1.2326534230751942,
24.32100000000674, -0.17107104170471743,-0.7619564900833234,-0.5831071119636961,1.3527338322141442,
24.35400000000678, -0.1671127578998682,-0.8110191382294494,-0.5872443552859102,1.4569488144255909,
24.38700000000682, -0.16387738332527915,-0.8542602651926661,-0.5937722120521651,1.547783904911955,
24.420000000006862, -0.1612883424778248,-0.8915844352368543,-0.6031759252388387,1.6272924554915154,
24.453000000006902, -0.1592649580966768,-0.9229397115086341,-0.6156724547803191,1.697131471222885,
24.486000000006943, -0.15773151284420017,-0.9482993508215593,-0.6313128752498988,1.7586085410725167,
24.519000000006983, -0.15662371391867064,-0.9676496318769063,-0.6500543322833445,1.8127337497707128,
24.552000000007023, -0.15589321442337908,-0.9809824750027712,-0.6718068001866355,1.860271412604134,
24.585000000007064, -0.15551072575083857,-0.9882917087359501,-0.6964596572590641,1.901789048224932,
24.618000000007104, -0.15546806303210114,-0.9895722537499859,-0.7238917565509934,1.9377032760649417,
24.651000000007144, -0.15577925740425239,-0.9848219495352573,-0.7539671612752203,1.9683237538669407,
24.684000000007185, -0.15648065588943835,-0.9740461464222273,-0.7865175212831486,1.9938968216262491,
24.717000000007225, -0.15762971131426015,-0.9572654464239777,-0.821311522435428,2.0146501982118474,
24.750000000007265, -0.15930195675319705,-0.9345269908150087,-0.8580123175218346,2.030838782615545,
24.783000000007306, -0.16158552159816503,-0.9059193057628941,-0.8961257764037381,2.0427892003267645,
24.816000000007346, -0.16457260210535854,-0.8715897973544776,-0.9349459978486346,2.0509373384748764,
24.849000000007386, -0.16834770817198466,-0.8317626134869963,-0.9735092063671645,2.0558496743493238,
24.882000000007427, -0.1729733533375227,-0.7867533089626481,-1.0105708140655316,2.058217875774566,
24.915000000007467, -0.17847495409338263,-0.7369765977760973,-1.0446197016179213,2.0588196864612844,
24.948000000007507, -0.1848275245077479,-0.6829453453784292,-1.0739362782908222,2.0584485278345,
24.981000000007548, -0.19194668919518448,-0.6252624426410105,-1.0966884821653828,2.0578261628510774,
25.014000000007588, -0.199685491433764,-0.5646101927522696,-1.1110491097139406,2.057519903481309,
25.04700000000763, -0.2078370928996513,-0.5017419438159876,-1.1153149878574091,2.057882278950519,
25.08000000000767, -0.21614259261274757,-0.43747751443715854,-1.1080136791877286,2.0590175306342253,
25.11300000000771, -0.22430305513880983,-0.37269960144381215,-1.0879910046442454,2.0607625653521566,
25.14600000000775, -0.23199489712137086,-0.3083456494781887,-1.0544772989463016,2.062657799626772,
25.17900000000779, -0.23888742069748808,-0.24539000230304367,-1.0071313232381407,2.06388052495013,
25.21200000000783, -0.24466050230392655,-0.1848138503719172,-0.9460609215705332,2.0631219166215855,
25.24500000000787, -0.24901991104083052,-0.12756358706290885,-0.8718206276194695,2.0584087790828463,
25.27800000000791, -0.25170818053741273,-0.07450009572906953,-0.7853863102615471,2.0469019423995194,
25.31100000000795, -0.25251050220223925,-0.026342516077734066,-0.6880999495001323,2.0247431334873744,
25.34400000000799, -0.251256942112049,0.016387214841394653,-0.5815594644631031,1.987061100954296,
25.37700000000803, -0.2478229368812486,0.053405557520757034,-0.4674067999379522,1.9282457980656085,
25.410000000008072, -0.24212819780893016,0.0846723737688706,-0.3469732397728247,1.842473866590155,
25.443000000008112, -0.23413044033292033,0.11034238191093972,-0.2208088513688814,1.7241817615035082,
25.476000000008153, -0.22380800279559696,0.13067626903890175,-0.08821806140602144,1.5679353104189009,
25.509000000008193, -0.211125774902275,0.14596828432542278,0.05304710731285611,1.36733145934507,
25.542000000008233, -0.19597683493041196,0.15659310350606817,0.20662758234151618,1.1136297626928575,
25.575000000008274, -0.1781021040046642,0.16339640678155992,0.3750852480189284,0.7991740401386639,
25.608000000008314, -0.1571683012071914,0.16854460817736266,0.5502164696995725,0.4403925065283392,
25.641000000008354, -0.13334179655167422,0.17465586252751672,0.7093834432431606,0.0923469600914071,
25.674000000008395, -0.10733648328766501,0.18203450445867167,0.8403373948386226,-0.21199065408873868,
25.707000000008435, -0.07974823784055722,0.18965021784598532,0.9452719749283618,-0.47741831804861734,
25.740000000008475, -0.0509550831135877,0.19665847424425892,1.0286253146088742,-0.716462505833526,
25.773000000008516, -0.02123597385206415,0.20255769104939478,1.0934991096812927,-0.9392008754830756,
25.806000000008556, 0.009165917830383914,0.20706619080025626,1.1418267880445452,-1.1527563081949996,
25.839000000008596, 0.040019138790838064,0.21004233091108626,1.17495127674585,-1.3619155783708503,
25.872000000008637, 0.07109546898951145,0.21145820870872223,1.1940717191162495,-1.569555616087214,
25.905000000008677, 0.10216745310054715,0.21140536919236524,1.200492860251718,-1.777003236102319,
25.938000000008717, 0.13300813120043173,0.210107082487169,1.195667531249034,-1.9845440598820911,
25.971000000008758, 0.1633915236231455,0.20791346085666618,1.1810919139240843,-2.1920772620048314,
26.004000000008798, 0.1930937195031934,0.20527058028043427,1.1581783251154638,-2.399702427146526,
26.037000000008838, 0.22189484985675959,0.20267407670286106,1.1282069897973022,-2.6080427223641554,
26.07000000000888, 0.24958189100863262,0.20062457328919306,1.0923711180048636,-2.8182944985989486,
26.10300000000892, 0.27595177127688614,0.19959569404388258,1.051869949226507,-3.032125737299548,
26.13600000000896, 0.30081412716193356,0.20001673714863488,1.0080016256524622,-3.2515484113156043,
26.169000000009, 0.3239932237246684,0.20226816507976733,0.9622291495742451,-3.47883639888228,
26.20200000000904, 0.34532876058616785,0.20668821834712964,0.9162086681976003,-3.7165179329240874,
26.23500000000908, 0.364675373973577,0.2135907188417448,0.8717719291659676,-3.9674481887364115,
26.26800000000912, 0.3819005985542813,0.22329627738844837,0.8308410984363253,-4.234935290971525,
26.30100000000916, 0.39688101521877245,0.23618064493399574,0.7952072462574511,-4.522784932978201,
26.3340000000092, 0.40949702998156884,0.2527383605352052,0.7659790785322882,-4.8347846465019355,
26.36700000000924, 0.4196310911109086,0.27361787293833384,0.7423073661627816,-5.172383172936761,
26.400000000009282, 0.42718615654165004,0.2994572516303913,0.7193461748895181,-5.52937701550685,
26.433000000009322, 0.4321384607718168,0.33035207103682984,0.6879769525523763,-5.888408026376784,
26.466000000009362, 0.4345723829405551,0.36547674861332263,0.6396003517785198,-6.228991508302732,
26.499000000009403, 0.4346429969513399,0.4034785373916823,0.5710334266069153,-6.538045745721944,
26.532000000009443, 0.43253122133745536,0.4429633534158259,0.48423496543591,-6.809653862074499,
26.565000000009483, 0.42843177402326627,0.48258325842637695,0.38400662606609304,-7.04121795082898,
26.598000000009524, 0.4225461502290692,0.5210172193115887,0.27617044346504493,-7.232134947802105,
26.631000000009564, 0.4150650886082485,0.5570553755373984,0.1662458244383583,-7.3839090414387485,
26.664000000009604, 0.40614985844425133,0.5897362518045873,0.058594200233309864,-7.499991478843479,
26.697000000009645, 0.39592533592412604,0.6184177387885385,-0.04385179565057013,-7.5850343343749005,
26.730000000009685, 0.3844862017713849,0.6427474349543011,-0.13939219074040488,-7.644021655346546,
26.763000000009725, 0.37190887878744916,0.6625792311719968,-0.2271782013546573,-7.681661289945013,
26.796000000009766, 0.358262534337319,0.6778890758059065,-0.30685735431639777,-7.702096670342486,
26.829000000009806, 0.34361663664407344,0.6887134818797067,-0.37832129171348605,-7.70883420463248,
26.862000000009846, 0.3280452560338871,0.6951119576007904,-0.4415516828778554,-7.704774803825351,
26.895000000009887, 0.31162909619016116,0.69714656878857,-0.4965359971228439,-7.692280014771258,
26.928000000009927, 0.29445613873990334,0.6948716060727047,-0.5432268859730408,-7.673239665521202,
26.961000000009967, 0.27662148922853425,0.6883283100979514,-0.5815267351240171,-7.649129056860703,
26.994000000010008, 0.25822677802482535,0.6775415486822042,-0.6112856335967722,-7.621053702306057,
27.027000000010048, 0.2393793348464563,0.66251671583918,-0.6323055036466911,-7.5897832257049584,
27.06000000001009, 0.2201912932742757,0.6432359827319982,-0.644346025073155,-7.555776236368773,
27.09300000001013, 0.20077875519489272,0.6196535402939904,-0.6471299676607384,-7.519196474932427,
27.12600000001017, 0.1812611234752251,0.591689799167834,-0.6403470890850561,-7.4799182724767705,
27.15900000001021, 0.1617606689006524,0.5592248238174001,-0.623657205377632,-7.437517050568471,
27.19200000001025, 0.14240230745885848,0.5220917857087738,-0.5966948275333102,-7.3912386231767515,
27.22500000001029, 0.12331338278758079,0.48007225974918233,-0.5590806561132465,-7.3399398419576425,
27.25800000001033, 0.10462289024204285,0.43289736468257767,-0.5104506376121417,-7.281993751988153,
27.29100000001037, 0.08645888083713552,0.3802631451478477,-0.4505234171876,-7.215158470495509,
27.32400000001041, 0.06894150131238333,0.32187674095863344,-0.3792440104876998,-7.1364303872753725,
27.35700000001045, 0.05216717062124917,0.25756207479742427,-0.29706173015218895,-7.041961208233048,
27.39000000001049, 0.03617796394073148,0.18746144979570548,-0.20539450442892854,-6.927245937980395,
27.423000000010532, 0.0209146630522585,0.11233764899543726,-0.10720942266699929,-6.787959882494696,
27.456000000010572, 0.006171708922083209,0.03385147187139052,-0.007306405550901151,-6.621755669127563,
27.489000000010613, -0.00839867268817294,-0.04548612149905171,0.08841175539810789,-6.430478868442074,
27.522000000010653, -0.0231987265118643,-0.12288075711323827,0.17479236694996717,-6.220998703000756,
27.555000000010693, -0.03855953998505751,-0.19602374898560865,0.24910700562420712,-6.003340704102631,
27.588000000010734, -0.054666253949835694,-0.26351815407692475,0.31118419973144357,-5.787317992294969,
27.621000000010774, -0.07156208492756908,-0.3248184174789273,0.36228811185978826,-5.580018346077235,
27.654000000010814, -0.08919354153263617,-0.3799282213064562,0.4039416301285714,-5.385175697291554,
27.687000000010855, -0.10745570868302443,-0.4291089909904429,0.4373334609572341,-5.2038666697808615,
27.720000000010895, -0.12622168089986127,-0.4726962152308859,0.463218387107094,-5.035566539423606,
27.753000000010935, -0.1453576365988147,-0.5110125706872279,0.48202106022220853,-4.879005677780521,
27.786000000010976, -0.16472943137263021,-0.5443380497102025,0.4939622450414035,-4.732707185383969,
27.819000000011016, -0.1842051767039551,-0.5729062097441756,0.4991473067585863,-4.595277747667789,
27.852000000011056, -0.20365619438499416,-0.5969097139217477,0.4976134356972276,-4.465548860428184,
27.885000000011097, -0.22295742137358487,-0.6165074949107769,0.48934726702362125,-4.342638593571116,
27.918000000011137, -0.2419876991945445,-0.6318304177232937,0.47428439815232004,-4.225975489811496,
27.951000000011177, -0.2606301142399961,-0.6429842758157499,0.45229894598981585,-4.115306837103647,
27.984000000011218, -0.2787724606708936,-0.6500497498207439,0.4231884904568641,-4.010701608791718,
28.017000000011258, -0.2963078726320201,-0.6530793488833596,0.3866582736344348,-3.9125503152275023,
28.0500000000113, -0.31313566104963253,-0.6520917673933109,0.3423083917313995,-3.821557210353246,
28.08300000001134, -0.3291623490032546,-0.6470648621957403,0.2896289573725875,-3.7387131656418973,
28.11600000001138, -0.34430277659970304,-0.6379299679610108,0.22801107392639222,-3.6652294206258054,
28.14900000001142, -0.3584808682872198,-0.624572992460837,0.15678660945500525,-3.602403563063993,
28.18200000001146, -0.3716291309083716,-0.6068521464892166,0.07531841044758411,-3.5513804666901647,
28.2150000000115, -0.3836851271382142,-0.5846481979354544,-0.01682444615304667,-3.5127653238031047,
28.24800000001154, -0.3945822918155944,-0.5579678661796833,-0.11956068746557842,-3.4860556391448156,
28.28100000001158, -0.4042328367707132,-0.5271120027725924,-0.2318384708863046,-3.4689284764456723,
28.31400000001162, -0.41250544212029044,-0.4928692437658409,-0.35114200325809314,-3.456637239435258,
28.34700000001166, -0.41921217973845226,-0.4565921817045023,-0.4733654355189025,-3.4421239305642644,
28.3800000000117, -0.4241259935822486,-0.41997637529023174,-0.5935465930618748,-3.4174341508711086,
28.413000000011742, -0.42702853362322013,-0.38459034281352966,-0.7072938400110979,-3.375991033252187,
28.446000000011782, -0.4277541672134965,-0.3515001122568179,-0.8119049874352601,-3.314198486930554,
28.479000000011823, -0.42620222296569266,-0.321222974487612,-0.9065027221248517,-3.2314564963207895,
28.512000000011863, -0.42232448767309433,-0.2939061968653391,-0.9914849331752081,-3.129112526089814,
28.545000000011903, -0.41610786760825635,-0.2695289017970701,-1.0678770098032584,-3.009288019511832,
28.578000000011944, -0.40756247938337864,-0.2480338952058856,-1.1368745623448513,-2.8740662325702337,
28.611000000011984, -0.3967158777963434,-0.2293906915150694,-1.1995917346368987,-2.7250914768964005,
28.644000000012024, -0.38361114362328463,-0.2136179741408179,-1.2569362142149336,-2.5634705532444686,
28.677000000012065, -0.3683069100293395,-0.20078762881612147,-1.309529629029818,-2.389877771921095,
28.710000000012105, -0.3508783369282329,-0.1910195448500307,-1.3576105083557006,-2.2048277690014917,
28.743000000012145, -0.33141865542282817,-0.184463838370778,-1.4008810922861672,-2.009121506593944,
28.776000000012186, -0.3100410770698427,-0.18125705154098823,-1.4383135736096373,-1.8044099622897203,
28.809000000012226, -0.2868806221685729,-0.18144247365728775,-1.468043224852461,-1.5935897393208147,
28.842000000012266, -0.2620950713323888,-0.18488055943131426,-1.4875588141055467,-1.3805540352990635,
28.875000000012307, -0.23586451557224788,-0.19121905730692845,-1.4942256109909344,-1.1692433048412019,
28.908000000012347, -0.20838988760495872,-0.19996200690874974,-1.4858246525262804,-0.962781541054363,
28.941000000012387, -0.179891181899453,-0.21058703539775606,-1.460792921227326,-0.7634298814177173,
28.974000000012428, -0.1506057394740189,-0.22263767830410808,-1.41819541331418,-0.573187729880935,
29.007000000012468, -0.1207870806196557,-0.23576609203361387,-1.3576191149265142,-0.3944817916846267,
29.04000000001251, -0.09070522860009171,-0.24973475965021535,-1.2790869771282378,-0.23063738445205492,
29.07300000001255, -0.060649503471292096,-0.2643854768007698,-1.182990571574538,-0.08609381703227645,
29.10600000001259, -0.030934049878667137,-0.27957599539262157,-1.0700158206280983,0.03359849882449147,
29.13900000001263, -0.0019050490047895683,-0.29508395849920405,-0.9410497760426806,0.12199587118549707,
29.17200000001267, 0.026052627858618,-0.31048459702077263,-0.7970777494619264,0.1722657887554443,
29.20500000001271, 0.052511395118199904,-0.3250139688377327,-0.6391340314434354,0.17816548724387782,
29.23800000001275, 0.07700152704987899,-0.33741799897518393,-0.46855479595039984,0.13597666346193996,
29.27100000001279, 0.099032969175892,-0.3457907438580662,-0.2881109472061644,0.048474282673930266,
29.30400000001283, 0.11820126701183381,-0.34763127435659774,-0.10403065904559369,-0.06926877800681303,
29.33700000001287, 0.1343901817997004,-0.3406909024513689,0.07440024669550002,-0.19069250351356526,
29.37000000001291, 0.14780447068527985,-0.32409873315648335,0.2399636197866893,-0.29221427633155217,
29.403000000012952, 0.15873414940807554,-0.2982301007852659,0.39027455160556507,-0.36328105741630434,
29.436000000012992, 0.16738910050124214,-0.26388653292943753,0.5255912831676491,-0.4026407794220648,
29.469000000013033, 0.17389513752072489,-0.22187858019704526,0.6465255350405787,-0.41261891940803525,
29.502000000013073, 0.1783375405049866,-0.1729644502027649,0.7532064356422264,-0.3964360672190085,
29.535000000013113, 0.18079895564360196,-0.11788625157982889,0.8451930003814372,-0.3573064895100814,
29.568000000013154, 0.1813862151188322,-0.05740427577230738,0.921618217272236,-0.29809851255436,
29.601000000013194, 0.18024872957388122,0.007690746339461935,0.9813782143015686,-0.22110540788350092,
29.634000000013234, 0.1775897478140274,0.07658631644712063,1.023304809636286,-0.12781947041989736,
29.667000000013275, 0.17367076148948993,0.14847224017959815,1.046295032953751,-0.018721122009811762,
29.700000000013315, 0.16881025062312136,0.2225728234939149,1.0493884290962658,0.1068536007900179,
29.733000000013355, 0.16338058849538473,0.2981757659106077,1.0318195470369682,0.25063744687664213,
29.766000000013396, 0.15781004748414862,0.3746331134951246,0.9931730468570064,0.4148346888075623,
29.799000000013436, 0.15259543115890392,0.45127560975273157,0.9339879665198998,0.600262293278485,
29.832000000013476, 0.14830545845241996,0.5271518511187058,0.8572868956365912,0.8023675781361571,
29.865000000013517, 0.14549013116418266,0.6007024141185722,0.7701873536531072,1.0075929497383678,
29.898000000013557, 0.14446126054069888,0.6699737861721616,0.6820708096640649,1.198255808986686,
29.931000000013597, 0.14518720033198176,0.7334293667650124,0.5997470337124815,1.363508372610953,
29.964000000013638, 0.1474310553295588,0.7903113494470346,0.5258535202332398,1.5018167114176426,
29.997000000013678, 0.15090905121073753,0.8403984998161158,0.4605584854209227,1.6163367138939844,
30.030000000013718, 0.15535746447928261,0.8837153997335819,0.4031649834335617,1.7112465762328195,