cluster,x,y,dir,ref,pt,consistent
1,1.5,-2.59807621135332,0,True,1,False
1,-3,0,4,True,1,False
1,1.5,2.59807621135332,8,True,1,False
1,4.5,-2.59807621135332,2,True,1,False
1,-4.5,-2.59807621135332,6,True,1,False
1,0,5.19615242270663,10,True,1,False
1,4.5,-6.06217782649107,8,True,1,False
1,-7.5,-0.866025403784438,0,True,1,False
1,3,6.92820323027551,4,True,1,False
1,-4.5,2.59807621135332,6,False,1,True
1,4.5,2.59807621135332,2,False,1,True
1,0,-5.19615242270663,10,False,1,True
#
4,1.5,-2.59807621135332,0,True,1,False
4,-3,0,4,True,1,False
4,1.5,2.59807621135332,8,True,1,False
4,6,-1.73205080756888,10,True,1,False
4,-4.5,-4.33012701892219,2,True,1,False
4,-1.5,6.06217782649107,6,True,1,False
4,4.5,2.59807621135332,2,False,1,False
4,0,-5.19615242270663,10,False,1,False
4,-4.5,2.59807621135332,6,False,1,False
4,7.5,2.59807621135332,8,True,1,False
4,-1.5,-7.79422863405995,0,True,1,False
4,-6,5.19615242270663,4,True,1,False
4,4.5,-6.06217782649107,2,True,1,True
4,-7.5,-0.866025403784439,6,True,1,True
4,3,6.92820323027551,10,True,1,True
#
9,1.5,-2.59807621135332,0,True,1,False
9,-3,0,4,True,1,False
9,1.5,2.59807621135332,8,True,1,False
9,6,-1.73205080756888,10,True,1,False
9,-4.5,-4.33012701892219,2,True,1,False
9,-1.5,6.06217782649107,6,True,1,False
9,4.5,2.59807621135332,2,False,1,False
9,0,-5.19615242270663,10,False,1,False
9,-4.5,2.59807621135332,6,False,1,False
9,7.5,2.59807621135332,8,True,1,False
9,-1.5,-7.79422863405995,0,True,1,False
9,-6,5.19615242270663,4,True,1,False
9,4.5,-6.06217782649107,8,True,1,False
9,-7.5,-0.866025403784438,0,True,1,False
9,3,6.92820323027551,4,True,1,False
9,-7.5,-4.33012701892219,0,True,1,False
9,0,8.66025403784439,4,True,1,False
9,7.5,-4.33012701892219,8,True,1,False
9,9,0,4,True,1,False
9,-4.5,-7.79422863405995,8,True,1,False
9,-4.5,7.79422863405995,0,True,1,False
9,-1.5,11.2583302491977,6,False,1,False
9,10.5,-4.33012701892219,2,False,1,False
9,-9,-6.92820323027551,10,False,1,False
9,-1.5,-11.2583302491977,0,True,1,False
9,-9,6.92820323027551,4,True,1,False
9,10.5,4.33012701892219,8,True,1,False
9,3,-10.3923048454133,10,True,1,False
9,-10.5,2.59807621135332,2,True,1,False
9,7.5,7.79422863405995,6,True,1,False
9,7.5,-9.52627944162882,0,True,1,False
9,-12,-1.73205080756888,4,True,1,False
9,4.5,11.2583302491977,8,True,1,False
9,13.5,0.866025403784439,0,True,1,True
9,-6,-12.1243556529821,4,True,1,True
9,-7.5,11.2583302491977,8,True,1,True
#
11,1.5,-2.59807621135332,0,True,1,False
11,-3,0,4,True,1,False
11,1.5,2.59807621135332,8,True,1,False
11,6,-1.73205080756888,10,True,1,False
11,-4.5,-4.33012701892219,2,True,1,False
11,-1.5,6.06217782649107,6,True,1,False
11,4.5,2.59807621135332,2,False,1,False
11,0,-5.19615242270663,10,False,1,False
11,-4.5,2.59807621135332,6,False,1,False
11,7.5,2.59807621135332,8,True,1,False
11,-1.5,-7.79422863405995,0,True,1,False
11,-6,5.19615242270663,4,True,1,False
11,4.5,-6.06217782649107,8,True,1,False
11,-7.5,-0.866025403784438,0,True,1,False
11,3,6.92820323027551,4,True,1,False
11,-7.5,-4.33012701892219,0,True,1,False
11,0,8.66025403784439,4,True,1,False
11,7.5,-4.33012701892219,8,True,1,False
11,9,0,4,True,1,False
11,-4.5,-7.79422863405995,8,True,1,False
11,-4.5,7.79422863405995,0,True,1,False
11,-1.5,11.2583302491977,6,False,1,True
11,10.5,-4.33012701892219,2,False,1,True
11,-9,-6.92820323027551,10,False,1,True
11,-1.5,-11.2583302491977,0,True,1,False
11,-9,6.92820323027551,4,True,1,False
11,10.5,4.33012701892219,8,True,1,False
11,3,-10.3923048454133,10,True,1,False
11,-10.5,2.59807621135332,2,True,1,False
11,7.5,7.79422863405995,6,True,1,False
11,7.5,-9.52627944162882,0,True,1,False
11,-12,-1.73205080756888,4,True,1,False
11,4.5,11.2583302491977,8,True,1,False
11,13.5,0.866025403784438,6,True,1,False
11,-6,-12.1243556529821,10,True,1,False
11,-7.5,11.2583302491977,2,True,1,False
11,10.5,-9.52627944162883,2,True,1,False
11,-13.5,-4.33012701892219,6,True,1,False
11,3,13.856406460551,10,True,1,False
#
19,1.5,-2.59807621135332,0,True,1,False
19,-3,0,4,True,1,False
19,1.5,2.59807621135332,8,True,1,False
19,6,-1.73205080756888,10,True,1,False
19,-4.5,-4.33012701892219,2,True,1,False
19,-1.5,6.06217782649107,6,True,1,False
19,4.5,2.59807621135332,2,False,1,False
19,0,-5.19615242270663,10,False,1,False
19,-4.5,2.59807621135332,6,False,1,False
19,7.5,2.59807621135332,8,True,1,False
19,-1.5,-7.79422863405995,0,True,1,False
19,-6,5.19615242270663,4,True,1,False
19,4.5,-6.06217782649107,8,True,1,False
19,-7.5,-0.866025403784438,0,True,1,False
19,3,6.92820323027551,4,True,1,False
19,-7.5,-4.33012701892219,0,True,1,False
19,0,8.66025403784439,4,True,1,False
19,7.5,-4.33012701892219,8,True,1,False
19,9,0,4,True,1,False
19,-4.5,-7.79422863405995,8,True,1,False
19,-4.5,7.79422863405995,0,True,1,False
19,-1.5,11.2583302491977,6,False,1,False
19,10.5,-4.33012701892219,2,False,1,False
19,-9,-6.92820323027551,10,False,1,False
19,-1.5,-11.2583302491977,0,True,1,False
19,-9,6.92820323027551,4,True,1,False
19,10.5,4.33012701892219,8,True,1,False
19,3,-10.3923048454133,10,True,1,False
19,-10.5,2.59807621135332,2,True,1,False
19,7.5,7.79422863405995,6,True,1,False
19,7.5,-9.52627944162882,0,True,1,False
19,-12,-1.73205080756888,4,True,1,False
19,4.5,11.2583302491977,8,True,1,False
19,13.5,0.866025403784438,6,True,1,False
19,-6,-12.1243556529821,10,True,1,False
19,-7.5,11.2583302491977,2,True,1,False
19,12,-8.66025403784439,10,True,1,False
19,-13.5,-6.06217782649107,2,True,1,False
19,1.5,14.7224318643355,6,True,1,False
19,13.5,-4.33012701892219,8,True,1,False
19,-10.5,-9.52627944162882,0,True,1,False
19,-3,13.856406460551,4,True,1,False
19,7.5,11.2583302491977,6,True,1,False
19,6,-12.1243556529821,10,True,1,False
19,-13.5,0.866025403784438,2,True,1,False
19,-15,-3.46410161513775,10,True,1,False
19,4.5,14.7224318643355,2,True,1,False
19,10.5,-11.2583302491977,6,True,1,False
19,-16.5,0.866025403784438,8,False,1,False
19,9,13.856406460551,4,False,1,False
19,7.5,-14.7224318643355,0,False,1,False
19,-13.5,6.06217782649107,6,True,1,True
19,12,8.66025403784439,10,True,1,True
19,1.5,-14.7224318643355,2,True,1,True
19,-16.5,-7.79422863405995,2,True,1,False
19,1.5,18.1865334794732,6,True,1,False
19,15,-10.3923048454133,10,True,1,False
19,16.5,-2.59807621135332,8,True,1,False
19,-10.5,-12.9903810567666,0,True,1,False
19,-6,15.5884572681199,4,True,1,False
19,16.5,-7.79422863405995,0,True,1,False
19,-15,-10.3923048454133,4,True,1,False
19,-1.5,18.1865334794732,8,True,1,False
19,-18,5.19615242270663,4,True,1,False
19,13.5,12.9903810567666,8,True,1,False
19,4.5,-18.1865334794732,0,True,1,False
19,-19.5,0.866025403784438,2,True,1,False
19,10.5,16.4544826719043,6,True,1,False
19,9,-17.3205080756888,10,True,1,False
19,13.5,4.33012701892219,6,True,1,False
19,-3,-13.856406460551,10,True,1,False
19,-10.5,9.52627944162882,2,True,1,False
#
20,1.5,-2.59807621135332,0,True,1,False
20,-3,0,4,True,1,False
20,1.5,2.59807621135332,8,True,1,False
20,6,-1.73205080756888,10,True,1,False
20,-4.5,-4.33012701892219,2,True,1,False
20,-1.5,6.06217782649107,6,True,1,False
20,4.5,2.59807621135332,2,False,1,False
20,0,-5.19615242270663,10,False,1,False
20,-4.5,2.59807621135332,6,False,1,False
20,7.5,2.59807621135332,8,True,1,False
20,-1.5,-7.79422863405995,0,True,1,False
20,-6,5.19615242270663,4,True,1,False
20,4.5,-6.06217782649107,8,True,1,False
20,-7.5,-0.866025403784438,0,True,1,False
20,3,6.92820323027551,4,True,1,False
20,-7.5,-4.33012701892219,0,True,1,False
20,0,8.66025403784439,4,True,1,False
20,7.5,-4.33012701892219,8,True,1,False
20,9,0,4,True,1,False
20,-4.5,-7.79422863405995,8,True,1,False
20,-4.5,7.79422863405995,0,True,1,False
20,-1.5,11.2583302491977,6,False,1,False
20,10.5,-4.33012701892219,2,False,1,False
20,-9,-6.92820323027551,10,False,1,False
20,-1.5,-11.2583302491977,0,True,1,False
20,-9,6.92820323027551,4,True,1,False
20,10.5,4.33012701892219,8,True,1,False
20,3,-10.3923048454133,10,True,1,False
20,-10.5,2.59807621135332,2,True,1,False
20,7.5,7.79422863405995,6,True,1,False
20,7.5,-9.52627944162882,0,True,1,False
20,-12,-1.73205080756888,4,True,1,False
20,4.5,11.2583302491977,8,True,1,False
20,13.5,0.866025403784438,6,True,1,False
20,-6,-12.1243556529821,10,True,1,False
20,-7.5,11.2583302491977,2,True,1,False
20,12,-8.66025403784439,10,True,1,False
20,-13.5,-6.06217782649107,2,True,1,False
20,1.5,14.7224318643355,6,True,1,False
20,13.5,-4.33012701892219,8,True,1,False
20,-10.5,-9.52627944162882,0,True,1,False
20,-3,13.856406460551,4,True,1,False
20,7.5,11.2583302491977,6,True,1,False
20,6,-12.1243556529821,10,True,1,False
20,-13.5,0.866025403784438,2,True,1,False
20,-15,-3.46410161513775,10,True,1,False
20,4.5,14.7224318643355,2,True,1,False
20,10.5,-11.2583302491977,6,True,1,False
20,-16.5,0.866025403784438,8,False,1,False
20,9,13.856406460551,4,False,1,False
20,7.5,-14.7224318643355,0,False,1,False
20,-13.5,6.06217782649107,6,True,1,False
20,12,8.66025403784439,10,True,1,False
20,1.5,-14.7224318643355,2,True,1,False
20,-16.5,-7.79422863405995,2,True,1,False
20,1.5,18.1865334794732,6,True,1,False
20,15,-10.3923048454133,10,True,1,False
20,16.5,-2.59807621135332,8,True,1,False
20,-10.5,-12.9903810567666,0,True,1,False
20,-6,15.5884572681199,4,True,1,False
20,16.5,-7.79422863405995,0,True,1,False
20,-15,-10.3923048454133,4,True,1,False
20,-1.5,18.1865334794732,8,True,1,False
20,-18,5.19615242270663,4,True,1,False
20,13.5,12.9903810567666,8,True,1,False
20,4.5,-18.1865334794732,0,True,1,False
20,-19.5,0.866025403784438,2,True,1,False
20,10.5,16.4544826719043,6,True,1,False
20,9,-17.3205080756888,10,True,1,False
20,13.5,6.06217782649107,8,True,1,True
20,-1.5,-14.7224318643355,0,True,1,True
20,-12,8.66025403784439,4,True,1,True
#
21,1.5,-2.59807621135332,0,True,1,False
21,-3,0,4,True,1,False
21,1.5,2.59807621135332,8,True,1,False
21,6,-1.73205080756888,10,True,1,False
21,-4.5,-4.33012701892219,2,True,1,False
21,-1.5,6.06217782649107,6,True,1,False
21,4.5,2.59807621135332,2,False,1,False
21,0,-5.19615242270663,10,False,1,False
21,-4.5,2.59807621135332,6,False,1,False
21,7.5,2.59807621135332,8,True,1,False
21,-1.5,-7.79422863405995,0,True,1,False
21,-6,5.19615242270663,4,True,1,False
21,4.5,-6.06217782649107,8,True,1,False
21,-7.5,-0.866025403784438,0,True,1,False
21,3,6.92820323027551,4,True,1,False
21,-7.5,-4.33012701892219,0,True,1,False
21,0,8.66025403784439,4,True,1,False
21,7.5,-4.33012701892219,8,True,1,False
21,9,0,4,True,1,False
21,-4.5,-7.79422863405995,8,True,1,False
21,-4.5,7.79422863405995,0,True,1,False
21,-1.5,11.2583302491977,6,False,1,False
21,10.5,-4.33012701892219,2,False,1,False
21,-9,-6.92820323027551,10,False,1,False
21,-1.5,-11.2583302491977,0,True,1,False
21,-9,6.92820323027551,4,True,1,False
21,10.5,4.33012701892219,8,True,1,False
21,3,-10.3923048454133,10,True,1,False
21,-10.5,2.59807621135332,2,True,1,False
21,7.5,7.79422863405995,6,True,1,False
21,7.5,-9.52627944162882,0,True,1,False
21,-12,-1.73205080756888,4,True,1,False
21,4.5,11.2583302491977,8,True,1,False
21,13.5,0.866025403784438,6,True,1,False
21,-6,-12.1243556529821,10,True,1,False
21,-7.5,11.2583302491977,2,True,1,False
21,12,-8.66025403784439,10,True,1,False
21,-13.5,-6.06217782649107,2,True,1,False
21,1.5,14.7224318643355,6,True,1,False
21,13.5,-4.33012701892219,8,True,1,False
21,-10.5,-9.52627944162882,0,True,1,False
21,-3,13.856406460551,4,True,1,False
21,7.5,11.2583302491977,6,True,1,False
21,6,-12.1243556529821,10,True,1,False
21,-13.5,0.866025403784438,2,True,1,False
21,-15,-3.46410161513775,10,True,1,False
21,4.5,14.7224318643355,2,True,1,False
21,10.5,-11.2583302491977,6,True,1,False
21,-16.5,0.866025403784438,8,False,1,False
21,9,13.856406460551,4,False,1,False
21,7.5,-14.7224318643355,0,False,1,False
21,-13.5,6.06217782649107,6,True,1,True
21,12,8.66025403784439,10,True,1,True
21,1.5,-14.7224318643355,2,True,1,True
21,-16.5,-7.79422863405995,2,True,1,False
21,1.5,18.1865334794732,6,True,1,False
21,15,-10.3923048454133,10,True,1,False
21,16.5,-2.59807621135332,8,True,1,False
21,-10.5,-12.9903810567666,0,True,1,False
21,-6,15.5884572681199,4,True,1,False
21,16.5,-7.79422863405995,0,True,1,False
21,-15,-10.3923048454133,4,True,1,False
21,-1.5,18.1865334794732,8,True,1,False
21,-18,5.19615242270663,4,True,1,False
21,13.5,12.9903810567666,8,True,1,False
21,4.5,-18.1865334794732,0,True,1,False
21,-19.5,0.866025403784438,2,True,1,False
21,10.5,16.4544826719043,6,True,1,False
21,9,-17.3205080756888,10,True,1,False
21,13.5,4.3301270189222,2,False,1,False
21,-3,-13.856406460551,10,False,1,False
21,-10.5,9.52627944162882,6,False,1,False
#
22,1.5,-2.59807621135332,0,True,1,False
22,-3,0,4,True,1,False
22,1.5,2.59807621135332,8,True,1,False
22,6,-1.73205080756888,10,True,1,False
22,-4.5,-4.33012701892219,2,True,1,False
22,-1.5,6.06217782649107,6,True,1,False
22,4.5,2.59807621135332,2,False,1,False
22,0,-5.19615242270663,10,False,1,False
22,-4.5,2.59807621135332,6,False,1,False
22,7.5,2.59807621135332,8,True,1,False
22,-1.5,-7.79422863405995,0,True,1,False
22,-6,5.19615242270663,4,True,1,False
22,4.5,-6.06217782649107,8,True,1,False
22,-7.5,-0.866025403784438,0,True,1,False
22,3,6.92820323027551,4,True,1,False
22,-7.5,-4.33012701892219,0,True,1,False
22,0,8.66025403784439,4,True,1,False
22,7.5,-4.33012701892219,8,True,1,False
22,9,0,4,True,1,False
22,-4.5,-7.79422863405995,8,True,1,False
22,-4.5,7.79422863405995,0,True,1,False
22,-1.5,11.2583302491977,6,False,1,False
22,10.5,-4.33012701892219,2,False,1,False
22,-9,-6.92820323027551,10,False,1,False
22,-1.5,-11.2583302491977,0,True,1,False
22,-9,6.92820323027551,4,True,1,False
22,10.5,4.33012701892219,8,True,1,False
22,3,-10.3923048454133,10,True,1,False
22,-10.5,2.59807621135332,2,True,1,False
22,7.5,7.79422863405995,6,True,1,False
22,7.5,-9.52627944162882,0,True,1,False
22,-12,-1.73205080756888,4,True,1,False
22,4.5,11.2583302491977,8,True,1,False
22,13.5,0.866025403784438,6,True,1,False
22,-6,-12.1243556529821,10,True,1,False
22,-7.5,11.2583302491977,2,True,1,False
22,12,-8.66025403784439,10,True,1,False
22,-13.5,-6.06217782649107,2,True,1,False
22,1.5,14.7224318643355,6,True,1,False
22,13.5,-4.33012701892219,8,True,1,False
22,-10.5,-9.52627944162882,0,True,1,False
22,-3,13.856406460551,4,True,1,False
22,7.5,11.2583302491977,6,True,1,False
22,6,-12.1243556529821,10,True,1,False
22,-13.5,0.866025403784438,2,True,1,False
22,-15,-3.46410161513775,10,True,1,False
22,4.5,14.7224318643355,2,True,1,False
22,10.5,-11.2583302491977,6,True,1,False
22,-16.5,0.866025403784438,8,False,1,False
22,9,13.856406460551,4,False,1,False
22,7.5,-14.7224318643355,0,False,1,False
22,-13.5,6.06217782649107,6,True,1,False
22,12,8.66025403784439,10,True,1,False
22,1.5,-14.7224318643355,2,True,1,False
22,-16.5,-7.79422863405995,2,True,1,False
22,1.5,18.1865334794732,6,True,1,False
22,15,-10.3923048454133,10,True,1,False
22,16.5,-2.59807621135332,8,True,1,False
22,-10.5,-12.9903810567666,0,True,1,False
22,-6,15.5884572681199,4,True,1,False
22,16.5,-7.79422863405995,0,True,1,False
22,-15,-10.3923048454133,4,True,1,False
22,-1.5,18.1865334794732,8,True,1,False
22,-18,5.19615242270663,4,True,1,False
22,13.5,12.9903810567666,8,True,1,False
22,4.5,-18.1865334794732,0,True,1,False
22,-19.5,0.866025403784438,6,False,1,True
22,10.5,16.4544826719043,2,False,1,True
22,9,-17.3205080756888,10,False,1,True
#
23,1.5,-2.59807621135332,0,True,1,False
23,-3,0,4,True,1,False
23,1.5,2.59807621135332,8,True,1,False
23,6,-1.73205080756888,10,True,1,False
23,-4.5,-4.33012701892219,2,True,1,False
23,-1.5,6.06217782649107,6,True,1,False
23,4.5,2.59807621135332,2,False,1,False
23,0,-5.19615242270663,10,False,1,False
23,-4.5,2.59807621135332,6,False,1,False
23,7.5,2.59807621135332,8,True,1,False
23,-1.5,-7.79422863405995,0,True,1,False
23,-6,5.19615242270663,4,True,1,False
23,4.5,-6.06217782649107,8,True,1,False
23,-7.5,-0.866025403784438,0,True,1,False
23,3,6.92820323027551,4,True,1,False
23,-7.5,-4.33012701892219,0,True,1,False
23,0,8.66025403784439,4,True,1,False
23,7.5,-4.33012701892219,8,True,1,False
23,9,0,4,True,1,False
23,-4.5,-7.79422863405995,8,True,1,False
23,-4.5,7.79422863405995,0,True,1,False
23,-1.5,11.2583302491977,6,False,1,False
23,10.5,-4.33012701892219,2,False,1,False
23,-9,-6.92820323027551,10,False,1,False
23,-1.5,-11.2583302491977,0,True,1,False
23,-9,6.92820323027551,4,True,1,False
23,10.5,4.33012701892219,8,True,1,False
23,3,-10.3923048454133,10,True,1,False
23,-10.5,2.59807621135332,2,True,1,False
23,7.5,7.79422863405995,6,True,1,False
23,7.5,-9.52627944162882,0,True,1,False
23,-12,-1.73205080756888,4,True,1,False
23,4.5,11.2583302491977,8,True,1,False
23,13.5,0.866025403784438,6,True,1,False
23,-6,-12.1243556529821,10,True,1,False
23,-7.5,11.2583302491977,2,True,1,False
23,12,-8.66025403784439,10,True,1,False
23,-13.5,-6.06217782649107,2,True,1,False
23,1.5,14.7224318643355,6,True,1,False
23,13.5,-4.33012701892219,8,True,1,False
23,-10.5,-9.52627944162882,0,True,1,False
23,-3,13.856406460551,4,True,1,False
23,7.5,11.2583302491977,6,True,1,False
23,6,-12.1243556529821,10,True,1,False
23,-13.5,0.866025403784438,2,True,1,False
23,-15,-3.46410161513775,10,True,1,False
23,4.5,14.7224318643355,2,True,1,False
23,10.5,-11.2583302491977,6,True,1,False
23,-16.5,0.866025403784438,8,False,1,True
23,9,13.856406460551,4,False,1,True
23,7.5,-14.7224318643355,0,False,1,True
23,-13.5,6.06217782649107,6,True,1,False
23,12,8.66025403784439,10,True,1,False
23,1.5,-14.7224318643355,2,True,1,False
23,-16.5,-7.79422863405995,2,True,1,False
23,1.5,18.1865334794732,6,True,1,False
23,15,-10.3923048454133,10,True,1,False
23,16.5,-2.59807621135332,8,True,1,False
23,-10.5,-12.9903810567666,0,True,1,False
23,-6,15.5884572681199,4,True,1,False
23,16.5,-7.79422863405995,0,True,1,False
23,-15,-10.3923048454133,4,True,1,False
23,-1.5,18.1865334794732,8,True,1,False
23,-16.5,6.06217782649107,8,True,1,False
23,13.5,11.2583302491977,0,True,1,False
23,3,-17.3205080756888,4,True,1,False
#
24,1.5,-2.59807621135332,0,True,1,False
24,-3,0,4,True,1,False
24,1.5,2.59807621135332,8,True,1,False
24,6,-1.73205080756888,10,True,1,False
24,-4.5,-4.33012701892219,2,True,1,False
24,-1.5,6.06217782649107,6,True,1,False
24,4.5,2.59807621135332,2,False,1,False
24,0,-5.19615242270663,10,False,1,False
24,-4.5,2.59807621135332,6,False,1,False
24,7.5,2.59807621135332,8,True,1,False
24,-1.5,-7.79422863405995,0,True,1,False
24,-6,5.19615242270663,4,True,1,False
24,4.5,-6.06217782649107,8,True,1,False
24,-7.5,-0.866025403784438,0,True,1,False
24,3,6.92820323027551,4,True,1,False
24,-7.5,-4.33012701892219,0,True,1,False
24,0,8.66025403784439,4,True,1,False
24,7.5,-4.33012701892219,8,True,1,False
24,9,0,4,True,1,False
24,-4.5,-7.79422863405995,8,True,1,False
24,-4.5,7.79422863405995,0,True,1,False
24,-1.5,11.2583302491977,6,False,1,False
24,10.5,-4.33012701892219,2,False,1,False
24,-9,-6.92820323027551,10,False,1,False
24,-1.5,-11.2583302491977,0,True,1,False
24,-9,6.92820323027551,4,True,1,False
24,10.5,4.33012701892219,8,True,1,False
24,3,-10.3923048454133,10,True,1,False
24,-10.5,2.59807621135332,2,True,1,False
24,7.5,7.79422863405995,6,True,1,False
24,7.5,-9.52627944162882,0,True,1,False
24,-12,-1.73205080756888,4,True,1,False
24,4.5,11.2583302491977,8,True,1,False
24,13.5,0.866025403784438,6,True,1,True
24,-6,-12.1243556529821,10,True,1,True
24,-7.5,11.2583302491977,2,True,1,True
24,12,-8.66025403784439,10,True,1,False
24,-13.5,-6.06217782649107,2,True,1,False
24,1.5,14.7224318643355,6,True,1,False
24,13.5,-4.33012701892219,8,True,1,False
24,-10.5,-9.52627944162882,0,True,1,False
24,-3,13.856406460551,4,True,1,False
24,7.5,11.2583302491977,6,True,1,False
24,6,-12.1243556529821,10,True,1,False
24,-13.5,0.866025403784438,2,True,1,False
24,-15,-3.46410161513775,10,True,1,False
24,4.5,14.7224318643355,2,True,1,False
24,10.5,-11.2583302491977,6,True,1,False
24,-16.5,0.866025403784438,8,False,1,False
24,9,13.856406460551,4,False,1,False
24,7.5,-14.7224318643355,0,False,1,False
24,-13.5,6.06217782649107,6,True,1,False
24,12,8.66025403784439,10,True,1,False
24,1.5,-14.7224318643355,2,True,1,False
24,-16.5,-7.79422863405995,2,True,1,False
24,1.5,18.1865334794732,6,True,1,False
24,15,-10.3923048454133,10,True,1,False
24,16.5,-4.33012701892219,2,False,1,False
24,-12,-12.1243556529821,10,False,1,False
24,-4.5,16.4544826719043,6,False,1,False
#
26,1.5,-2.59807621135332,0,True,1,False
26,-3,0,4,True,1,False
26,1.5,2.59807621135332,8,True,1,False
26,6,-1.73205080756888,10,True,1,False
26,-4.5,-4.33012701892219,2,True,1,False
26,-1.5,6.06217782649107,6,True,1,False
26,4.5,2.59807621135332,2,False,1,False
26,0,-5.19615242270663,10,False,1,False
26,-4.5,2.59807621135332,6,False,1,False
26,7.5,2.59807621135332,8,True,1,False
26,-1.5,-7.79422863405995,0,True,1,False
26,-6,5.19615242270663,4,True,1,False
26,4.5,-6.06217782649107,8,True,1,False
26,-7.5,-0.866025403784438,0,True,1,False
26,3,6.92820323027551,4,True,1,False
26,-7.5,-4.33012701892219,0,True,1,False
26,0,8.66025403784439,4,True,1,False
26,7.5,-4.33012701892219,8,True,1,False
26,9,0,4,True,1,False
26,-4.5,-7.79422863405995,8,True,1,False
26,-4.5,7.79422863405995,0,True,1,False
26,-1.5,11.2583302491977,6,False,1,False
26,10.5,-4.33012701892219,2,False,1,False
26,-9,-6.92820323027551,10,False,1,False
26,-1.5,-11.2583302491977,0,True,1,False
26,-9,6.92820323027551,4,True,1,False
26,10.5,4.33012701892219,8,True,1,False
26,3,-10.3923048454133,10,True,1,False
26,-10.5,2.59807621135332,2,True,1,False
26,7.5,7.79422863405995,6,True,1,False
26,7.5,-9.52627944162882,0,True,1,False
26,-12,-1.73205080756888,4,True,1,False
26,4.5,11.2583302491977,8,True,1,False
26,13.5,0.866025403784438,6,True,1,False
26,-6,-12.1243556529821,10,True,1,False
26,-7.5,11.2583302491977,2,True,1,False
26,12,-8.66025403784439,10,True,1,False
26,-13.5,-6.06217782649107,2,True,1,False
26,1.5,14.7224318643355,6,True,1,False
26,13.5,-4.33012701892219,8,True,1,False
26,-10.5,-9.52627944162882,0,True,1,False
26,-3,13.856406460551,4,True,1,False
26,7.5,11.2583302491977,6,True,1,False
26,6,-12.1243556529821,10,True,1,False
26,-13.5,0.866025403784438,2,True,1,False
26,-15,-3.46410161513775,10,True,1,False
26,4.5,14.7224318643355,2,True,1,False
26,10.5,-11.2583302491977,6,True,1,False
26,-16.5,0.866025403784438,8,False,1,False
26,9,13.856406460551,4,False,1,False
26,7.5,-14.7224318643355,0,False,1,False
26,-13.5,6.06217782649107,6,True,1,True
26,12,8.66025403784439,10,True,1,True
26,1.5,-14.7224318643355,2,True,1,True
26,-16.5,-6.06217782649107,6,True,1,False
26,3,17.3205080756888,10,True,1,False
26,13.5,-11.2583302491977,2,True,1,False
26,13.5,4.33012701892219,6,True,1,False
26,-3,-13.856406460551,10,True,1,False
26,-10.5,9.52627944162882,2,True,1,False
#
27,1.5,-2.59807621135332,0,True,1,False
27,-3,0,4,True,1,False
27,1.5,2.59807621135332,8,True,1,False
27,6,-1.73205080756888,10,True,1,False
27,-4.5,-4.33012701892219,2,True,1,False
27,-1.5,6.06217782649107,6,True,1,False
27,4.5,2.59807621135332,2,False,1,False
27,0,-5.19615242270663,10,False,1,False
27,-4.5,2.59807621135332,6,False,1,False
27,7.5,2.59807621135332,8,True,1,False
27,-1.5,-7.79422863405995,0,True,1,False
27,-6,5.19615242270663,4,True,1,False
27,4.5,-6.06217782649107,8,True,1,False
27,-7.5,-0.866025403784438,0,True,1,False
27,3,6.92820323027551,4,True,1,False
27,-7.5,-4.33012701892219,0,True,1,False
27,0,8.66025403784439,4,True,1,False
27,7.5,-4.33012701892219,8,True,1,False
27,9,0,4,True,1,False
27,-4.5,-7.79422863405995,8,True,1,False
27,-4.5,7.79422863405995,0,True,1,False
27,-1.5,11.2583302491977,6,False,1,False
27,10.5,-4.33012701892219,2,False,1,False
27,-9,-6.92820323027551,10,False,1,False
27,-1.5,-11.2583302491977,0,True,1,False
27,-9,6.92820323027551,4,True,1,False
27,10.5,4.33012701892219,8,True,1,False
27,3,-10.3923048454133,10,True,1,False
27,-10.5,2.59807621135332,2,True,1,False
27,7.5,7.79422863405995,6,True,1,False
27,7.5,-9.52627944162882,0,True,1,False
27,-12,-1.73205080756888,4,True,1,False
27,4.5,11.2583302491977,8,True,1,False
27,13.5,0.866025403784438,6,True,1,False
27,-6,-12.1243556529821,10,True,1,False
27,-7.5,11.2583302491977,2,True,1,False
27,12,-8.66025403784439,10,True,1,False
27,-13.5,-6.06217782649107,2,True,1,False
27,1.5,14.7224318643355,6,True,1,False
27,13.5,-4.33012701892219,8,True,1,False
27,-10.5,-9.52627944162882,0,True,1,False
27,-3,13.856406460551,4,True,1,False
27,7.5,11.2583302491977,6,True,1,False
27,6,-12.1243556529821,10,True,1,False
27,-13.5,0.866025403784438,2,True,1,False
27,-15,-3.46410161513775,10,True,1,False
27,4.5,14.7224318643355,2,True,1,False
27,10.5,-11.2583302491977,6,True,1,False
27,-16.5,0.866025403784438,8,False,1,False
27,9,13.856406460551,4,False,1,False
27,7.5,-14.7224318643355,0,False,1,False
27,-13.5,6.06217782649107,6,True,1,False
27,12,8.66025403784439,10,True,1,False
27,1.5,-14.7224318643355,2,True,1,False
27,-16.5,-6.06217782649107,6,True,1,False
27,3,17.3205080756888,10,True,1,False
27,13.5,-11.2583302491977,2,True,1,False
27,13.5,6.06217782649107,8,True,1,True
27,-1.5,-14.7224318643355,0,True,1,True
27,-12,8.66025403784439,4,True,1,True
#
28,1.5,-2.59807621135332,0,True,1,False
28,-3,0,4,True,1,False
28,1.5,2.59807621135332,8,True,1,False
28,6,-1.73205080756888,10,True,1,False
28,-4.5,-4.33012701892219,2,True,1,False
28,-1.5,6.06217782649107,6,True,1,False
28,4.5,2.59807621135332,2,False,1,False
28,0,-5.19615242270663,10,False,1,False
28,-4.5,2.59807621135332,6,False,1,False
28,7.5,2.59807621135332,8,True,1,False
28,-1.5,-7.79422863405995,0,True,1,False
28,-6,5.19615242270663,4,True,1,False
28,4.5,-6.06217782649107,8,True,1,False
28,-7.5,-0.866025403784438,0,True,1,False
28,3,6.92820323027551,4,True,1,False
28,-7.5,-4.33012701892219,0,True,1,False
28,0,8.66025403784439,4,True,1,False
28,7.5,-4.33012701892219,8,True,1,False
28,9,0,4,True,1,False
28,-4.5,-7.79422863405995,8,True,1,False
28,-4.5,7.79422863405995,0,True,1,False
28,-1.5,11.2583302491977,6,False,1,False
28,10.5,-4.33012701892219,2,False,1,False
28,-9,-6.92820323027551,10,False,1,False
28,-1.5,-11.2583302491977,0,True,1,False
28,-9,6.92820323027551,4,True,1,False
28,10.5,4.33012701892219,8,True,1,False
28,3,-10.3923048454133,10,True,1,False
28,-10.5,2.59807621135332,2,True,1,False
28,7.5,7.79422863405995,6,True,1,False
28,7.5,-9.52627944162882,0,True,1,False
28,-12,-1.73205080756888,4,True,1,False
28,4.5,11.2583302491977,8,True,1,False
28,13.5,0.866025403784438,6,True,1,False
28,-6,-12.1243556529821,10,True,1,False
28,-7.5,11.2583302491977,2,True,1,False
28,12,-8.66025403784439,10,True,1,False
28,-13.5,-6.06217782649107,2,True,1,False
28,1.5,14.7224318643355,6,True,1,False
28,13.5,-4.33012701892219,8,True,1,False
28,-10.5,-9.52627944162882,0,True,1,False
28,-3,13.856406460551,4,True,1,False
28,7.5,11.2583302491977,6,True,1,False
28,6,-12.1243556529821,10,True,1,False
28,-13.5,0.866025403784438,2,True,1,False
28,-15,-3.46410161513775,10,True,1,False
28,4.5,14.7224318643355,2,True,1,False
28,10.5,-11.2583302491977,6,True,1,False
28,-16.5,0.866025403784438,8,False,1,False
28,9,13.856406460551,4,False,1,False
28,7.5,-14.7224318643355,0,False,1,False
28,-13.5,6.06217782649107,6,True,1,True
28,12,8.66025403784439,10,True,1,True
28,1.5,-14.7224318643355,2,True,1,True
28,-16.5,-6.06217782649107,6,True,1,False
28,3,17.3205080756888,10,True,1,False
28,13.5,-11.2583302491977,2,True,1,False
28,13.5,4.3301270189222,2,False,1,False
28,-3,-13.856406460551,10,False,1,False
28,-10.5,9.52627944162882,6,False,1,False
#
29,1.5,-2.59807621135332,0,True,1,False
29,-3,0,4,True,1,False
29,1.5,2.59807621135332,8,True,1,False
29,6,-1.73205080756888,10,True,1,False
29,-4.5,-4.33012701892219,2,True,1,False
29,-1.5,6.06217782649107,6,True,1,False
29,4.5,2.59807621135332,2,False,1,False
29,0,-5.19615242270663,10,False,1,False
29,-4.5,2.59807621135332,6,False,1,False
29,7.5,2.59807621135332,8,True,1,False
29,-1.5,-7.79422863405995,0,True,1,False
29,-6,5.19615242270663,4,True,1,False
29,4.5,-6.06217782649107,8,True,1,False
29,-7.5,-0.866025403784438,0,True,1,False
29,3,6.92820323027551,4,True,1,False
29,-7.5,-4.33012701892219,0,True,1,False
29,0,8.66025403784439,4,True,1,False
29,7.5,-4.33012701892219,8,True,1,False
29,9,0,4,True,1,False
29,-4.5,-7.79422863405995,8,True,1,False
29,-4.5,7.79422863405995,0,True,1,False
29,-1.5,11.2583302491977,6,False,1,False
29,10.5,-4.33012701892219,2,False,1,False
29,-9,-6.92820323027551,10,False,1,False
29,-1.5,-11.2583302491977,0,True,1,False
29,-9,6.92820323027551,4,True,1,False
29,10.5,4.33012701892219,8,True,1,False
29,3,-10.3923048454133,10,True,1,False
29,-10.5,2.59807621135332,2,True,1,False
29,7.5,7.79422863405995,6,True,1,False
29,7.5,-9.52627944162882,0,True,1,False
29,-12,-1.73205080756888,4,True,1,False
29,4.5,11.2583302491977,8,True,1,False
29,13.5,0.866025403784438,6,True,1,False
29,-6,-12.1243556529821,10,True,1,False
29,-7.5,11.2583302491977,2,True,1,False
29,12,-8.66025403784439,10,True,1,False
29,-13.5,-6.06217782649107,2,True,1,False
29,1.5,14.7224318643355,6,True,1,False
29,13.5,-4.33012701892219,8,True,1,False
29,-10.5,-9.52627944162882,0,True,1,False
29,-3,13.856406460551,4,True,1,False
29,7.5,11.2583302491977,6,True,1,False
29,6,-12.1243556529821,10,True,1,False
29,-13.5,0.866025403784438,2,True,1,False
29,-15,-3.46410161513775,10,True,1,False
29,4.5,14.7224318643355,2,True,1,False
29,10.5,-11.2583302491977,6,True,1,False
29,-16.5,0.866025403784438,8,False,1,True
29,9,13.856406460551,4,False,1,True
29,7.5,-14.7224318643355,0,False,1,True
29,-12,5.19615242270663,10,True,1,False
29,10.5,7.79422863405995,2,True,1,False
29,1.5,-12.9903810567666,6,True,1,False
#
30,1.5,-2.59807621135332,0,True,1,False
30,-3,0,4,True,1,False
30,1.5,2.59807621135332,8,True,1,False
30,6,-1.73205080756888,10,True,1,False
30,-4.5,-4.33012701892219,2,True,1,False
30,-1.5,6.06217782649107,6,True,1,False
30,4.5,2.59807621135332,2,False,1,False
30,0,-5.19615242270663,10,False,1,False
30,-4.5,2.59807621135332,6,False,1,False
30,7.5,2.59807621135332,8,True,1,False
30,-1.5,-7.79422863405995,0,True,1,False
30,-6,5.19615242270663,4,True,1,False
30,4.5,-6.06217782649107,8,True,1,False
30,-7.5,-0.866025403784438,0,True,1,False
30,3,6.92820323027551,4,True,1,False
30,-7.5,-4.33012701892219,0,True,1,False
30,0,8.66025403784439,4,True,1,False
30,7.5,-4.33012701892219,8,True,1,False
30,9,0,4,True,1,False
30,-4.5,-7.79422863405995,8,True,1,False
30,-4.5,7.79422863405995,0,True,1,False
30,-1.5,11.2583302491977,6,False,1,False
30,10.5,-4.33012701892219,2,False,1,False
30,-9,-6.92820323027551,10,False,1,False
30,-1.5,-11.2583302491977,0,True,1,False
30,-9,6.92820323027551,4,True,1,False
30,10.5,4.33012701892219,8,True,1,False
30,3,-10.3923048454133,10,True,1,False
30,-10.5,2.59807621135332,2,True,1,False
30,7.5,7.79422863405995,6,True,1,False
30,7.5,-9.52627944162882,0,True,1,True
30,-12,-1.73205080756888,4,True,1,True
30,4.5,11.2583302491977,8,True,1,True
30,13.5,0.866025403784438,6,True,1,False
30,-6,-12.1243556529821,10,True,1,False
30,-7.5,11.2583302491977,2,True,1,False
30,12,-8.66025403784439,10,True,1,False
30,-13.5,-6.06217782649107,2,True,1,False
30,1.5,14.7224318643355,6,True,1,False
30,13.5,-4.33012701892219,8,True,1,False
30,-10.5,-9.52627944162882,0,True,1,False
30,-3,13.856406460551,4,True,1,False
30,9,10.3923048454133,4,False,1,False
30,4.5,-12.9903810567666,0,False,1,False
30,-13.5,2.59807621135332,8,False,1,False
#
31,1.5,-2.59807621135332,0,True,1,False
31,-3,0,4,True,1,False
31,1.5,2.59807621135332,8,True,1,False
31,6,-1.73205080756888,10,True,1,False
31,-4.5,-4.33012701892219,2,True,1,False
31,-1.5,6.06217782649107,6,True,1,False
31,4.5,2.59807621135332,2,False,1,False
31,0,-5.19615242270663,10,False,1,False
31,-4.5,2.59807621135332,6,False,1,False
31,7.5,2.59807621135332,8,True,1,False
31,-1.5,-7.79422863405995,0,True,1,False
31,-6,5.19615242270663,4,True,1,False
31,4.5,-6.06217782649107,8,True,1,False
31,-7.5,-0.866025403784438,0,True,1,False
31,3,6.92820323027551,4,True,1,False
31,-7.5,-4.33012701892219,0,True,1,False
31,0,8.66025403784439,4,True,1,False
31,7.5,-4.33012701892219,8,True,1,False
31,9,0,4,True,1,False
31,-4.5,-7.79422863405995,8,True,1,False
31,-4.5,7.79422863405995,0,True,1,False
31,-1.5,11.2583302491977,6,False,1,False
31,10.5,-4.33012701892219,2,False,1,False
31,-9,-6.92820323027551,10,False,1,False
31,-1.5,-11.2583302491977,0,True,1,False
31,-9,6.92820323027551,4,True,1,False
31,10.5,4.33012701892219,8,True,1,False
31,3,-10.3923048454133,10,True,1,False
31,-10.5,2.59807621135332,2,True,1,False
31,7.5,7.79422863405995,6,True,1,False
31,7.5,-9.52627944162882,0,True,1,False
31,-12,-1.73205080756888,4,True,1,False
31,4.5,11.2583302491977,8,True,1,False
31,13.5,0.866025403784438,6,True,1,False
31,-6,-12.1243556529821,10,True,1,False
31,-7.5,11.2583302491977,2,True,1,False
31,12,-8.66025403784439,10,True,1,False
31,-13.5,-6.06217782649107,2,True,1,False
31,1.5,14.7224318643355,6,True,1,False
31,13.5,-4.33012701892219,8,True,1,False
31,-10.5,-9.52627944162882,0,True,1,False
31,-3,13.856406460551,4,True,1,False
31,7.5,11.2583302491977,2,False,1,True
31,6,-12.1243556529821,10,False,1,True
31,-13.5,0.866025403784438,6,False,1,True
#
32,1.5,-2.59807621135332,0,True,1,False
32,-3,0,4,True,1,False
32,1.5,2.59807621135332,8,True,1,False
32,6,-1.73205080756888,10,True,1,False
32,-4.5,-4.33012701892219,2,True,1,False
32,-1.5,6.06217782649107,6,True,1,False
32,4.5,2.59807621135332,2,False,1,False
32,0,-5.19615242270663,10,False,1,False
32,-4.5,2.59807621135332,6,False,1,False
32,7.5,2.59807621135332,8,True,1,False
32,-1.5,-7.79422863405995,0,True,1,False
32,-6,5.19615242270663,4,True,1,False
32,4.5,-6.06217782649107,8,True,1,False
32,-7.5,-0.866025403784438,0,True,1,False
32,3,6.92820323027551,4,True,1,False
32,-7.5,-4.33012701892219,0,True,1,False
32,0,8.66025403784439,4,True,1,False
32,7.5,-4.33012701892219,8,True,1,False
32,9,0,4,True,1,False
32,-4.5,-7.79422863405995,8,True,1,False
32,-4.5,7.79422863405995,0,True,1,False
32,-1.5,11.2583302491977,6,False,1,True
32,10.5,-4.33012701892219,2,False,1,True
32,-9,-6.92820323027551,10,False,1,True
32,-1.5,-11.2583302491977,0,True,1,False
32,-9,6.92820323027551,4,True,1,False
32,10.5,4.33012701892219,8,True,1,False
32,3,-10.3923048454133,10,True,1,False
32,-10.5,2.59807621135332,2,True,1,False
32,7.5,7.79422863405995,6,True,1,False
32,6,-8.66025403784439,4,True,1,False
32,-10.5,-0.866025403784438,8,True,1,False
32,4.5,9.52627944162883,0,True,1,False
#
33,1.5,-2.59807621135332,0,True,1,False
33,-3,0,4,True,1,False
33,1.5,2.59807621135332,8,True,1,False
33,6,-1.73205080756888,10,True,1,False
33,-4.5,-4.33012701892219,2,True,1,False
33,-1.5,6.06217782649107,6,True,1,False
33,4.5,2.59807621135332,2,False,1,False
33,0,-5.19615242270663,10,False,1,False
33,-4.5,2.59807621135332,6,False,1,False
33,7.5,2.59807621135332,8,True,1,True
33,-1.5,-7.79422863405995,0,True,1,True
33,-6,5.19615242270663,4,True,1,True
33,4.5,-6.06217782649107,8,True,1,False
33,-7.5,-0.866025403784438,0,True,1,False
33,3,6.92820323027551,4,True,1,False
33,-7.5,-4.33012701892219,0,True,1,False
33,0,8.66025403784439,4,True,1,False
33,7.5,-4.33012701892219,8,True,1,False
33,9,0,4,True,1,False
33,-4.5,-7.79422863405995,8,True,1,False
33,-4.5,7.79422863405995,0,True,1,False
33,-1.5,11.2583302491977,6,False,1,False
33,10.5,-4.33012701892219,2,False,1,False
33,-9,-6.92820323027551,10,False,1,False
33,-3,-10.3923048454133,4,True,1,False
33,-7.5,7.79422863405995,8,True,1,False
33,10.5,2.59807621135332,0,True,1,False
#
34,1.5,-2.59807621135332,0,True,1,False
34,-3,0,4,True,1,False
34,1.5,2.59807621135332,8,True,1,False
34,6,-1.73205080756888,10,True,1,True
34,-4.5,-4.33012701892219,2,True,1,True
34,-1.5,6.06217782649107,6,True,1,True
34,4.5,2.59807621135332,2,False,1,False
34,0,-5.19615242270663,10,False,1,False
34,-4.5,2.59807621135332,6,False,1,False
34,7.5,2.59807621135332,8,True,1,False
34,-1.5,-7.79422863405995,0,True,1,False
34,-6,5.19615242270663,4,True,1,False
34,4.5,-6.06217782649107,8,True,1,False
34,-7.5,-0.866025403784438,0,True,1,False
34,3,6.92820323027551,4,True,1,False
34,-9,-3.46410161513775,10,False,1,False
34,1.5,9.52627944162882,6,False,1,False
34,7.5,-6.06217782649107,2,False,1,False
#
35,1.5,-2.59807621135332,0,True,1,False
35,-3,0,4,True,1,False
35,1.5,2.59807621135332,8,True,1,False
35,6,-1.73205080756888,10,True,1,False
35,-4.5,-4.33012701892219,2,True,1,False
35,-1.5,6.06217782649107,6,True,1,False
35,4.5,2.59807621135332,2,False,1,False
35,0,-5.19615242270663,10,False,1,False
35,-4.5,2.59807621135332,6,False,1,False
35,7.5,2.59807621135332,8,True,1,False
35,-1.5,-7.79422863405995,0,True,1,False
35,-6,5.19615242270663,4,True,1,False
35,4.5,-6.06217782649107,8,True,1,False
35,-7.5,-0.866025403784438,0,True,1,False
35,3,6.92820323027551,4,True,1,False
35,-7.5,-4.33012701892219,8,False,1,True
35,0,8.66025403784439,4,False,1,True
35,7.5,-4.33012701892219,0,False,1,True
#
36,1.5,-2.59807621135332,0,True,1,True
36,-3,0,4,True,1,True
36,1.5,2.59807621135332,8,True,1,True
36,6,-1.73205080756888,10,True,1,False
36,-4.5,-4.33012701892219,2,True,1,False
36,-1.5,6.06217782649107,6,True,1,False
36,4.5,2.59807621135332,8,False,1,False
36,0,-5.19615242270663,4,False,1,False
36,-4.5,2.59807621135332,0,False,1,False
